User_id,Channel,Interaction_date,Campaign_id
U1680,Google Ads,12/13/2025,CMP1825
U9864,Google Ads,01/14/2025,CMP6913
U2616,LinkedIn Ads,12/24/2025,CMP8929
U9892,Google Ads,05/16/2025,CMP5515
U5926,Google Ads,10/23/2025,CMP6202
U4555,Instagram Ads,08/21/2025,CMP3734
U1170,Facebook Ads,11-08-2025,CMP5821
U9126,LinkedIn Ads,04/23/2025,CMP2678
U3457,Facebook Ads,10/18/2025,CMP0917
U9198,Email Marketing,10-03-2025,CMP6483
U8349,LinkedIn Ads,09-10-2025,CMP9561
U6253,Email Marketing,11-02-2025,CMP2505
U4372,Email Marketing,11/25/2025,CMP0189
U8318,Google Ads,02/24/2025,CMP7434
U8690,Facebook Ads,01-01-2025,CMP9978
U1291,Instagram Ads,02/13/2025,CMP5948
U2706,Facebook Ads,05/16/2025,CMP8728
U6119,YouTube Ads,08/13/2025,CMP3471
U3609,Instagram Ads,01-04-2025,CMP1050
U7954,Google Ads,04/20/2025,CMP1105
U3120,YouTube Ads,02/18/2025,CMP9356
U1613,LinkedIn Ads,02-01-2025,CMP6736
U6913,Facebook Ads,04-04-2025,CMP1791
U0242,LinkedIn Ads,02/17/2025,CMP1236
U4346,LinkedIn Ads,08/21/2025,CMP3503
U3567,Email Marketing,01/30/2025,CMP9106
U2580,Google Ads,01/30/2025,CMP5139
U4034,Google Ads,10/24/2025,CMP9750
U5148,YouTube Ads,05-03-2025,CMP9563
U9225,LinkedIn Ads,02/21/2025,CMP4916
U7180,Instagram Ads,10-06-2025,CMP2171
U2201,Google Ads,05/16/2025,CMP8667
U3336,Instagram Ads,12/18/2025,CMP2547
U0723,Google Ads,01-02-2025,CMP4115
U0159,Email Marketing,02/27/2025,CMP2648
U2089,Google Ads,01/22/2025,CMP8939
U5795,Instagram Ads,10/14/2025,CMP0654
U6746,Facebook Ads,12-09-2025,CMP3879
U5729,LinkedIn Ads,06-06-2025,CMP1772
U5754,Instagram Ads,11/25/2025,CMP6529
U2926,Instagram Ads,10/25/2025,CMP8786
U1895,Email Marketing,07/17/2025,CMP5664
U3229,Google Ads,07-06-2025,CMP7145
U8309,YouTube Ads,06-08-2025,CMP5410
U2852,YouTube Ads,11-12-2025,CMP4845
U9940,Instagram Ads,12-02-2025,CMP0007
U4650,YouTube Ads,09/21/2025,CMP3502
U0401,Email Marketing,01/24/2025,CMP3849
U6292,LinkedIn Ads,09-11-2025,CMP1194
U8487,Google Ads,08/26/2025,CMP0091
U9158,LinkedIn Ads,11-01-2025,CMP1989
U7374,LinkedIn Ads,05/13/2025,CMP8271
U4682,LinkedIn Ads,05-01-2025,CMP8541
U3506,Facebook Ads,02-02-2025,CMP1321
U0321,Google Ads,10/22/2025,CMP6813
U9884,LinkedIn Ads,04/23/2025,CMP4893
U2092,LinkedIn Ads,11/15/2025,CMP0476
U7565,Email Marketing,04-04-2025,CMP9247
U4134,Instagram Ads,02-11-2025,CMP7450
U0660,Facebook Ads,01/16/2025,CMP5734
U3572,Facebook Ads,08/27/2025,CMP2497
U5097,YouTube Ads,02/25/2025,CMP9927
U3979,LinkedIn Ads,02/22/2025,CMP6150
U7019,Google Ads,12-05-2025,CMP9838
U7533,LinkedIn Ads,12/29/2025,CMP0208
U9708,YouTube Ads,05/18/2025,CMP4426
U6210,Instagram Ads,06/22/2025,CMP1420
U4527,Facebook Ads,10-12-2025,CMP7989
U7801,Email Marketing,11/27/2025,CMP3955
U9529,Instagram Ads,07-08-2025,CMP1525
U3778,Instagram Ads,03-03-2025,CMP9018
U4531,Email Marketing,10/29/2025,CMP8780
U8752,Instagram Ads,03-06-2025,CMP3181
U1681,Email Marketing,01-07-2025,CMP4787
U1870,Facebook Ads,02-03-2025,CMP5583
U1941,Facebook Ads,10/13/2025,CMP0879
U9643,YouTube Ads,08-08-2025,CMP3698
U2574,Facebook Ads,05-03-2025,CMP1626
U4721,LinkedIn Ads,12/28/2025,CMP6694
U3684,Instagram Ads,11/28/2025,CMP3825
U4729,Google Ads,08/13/2025,CMP1170
U9799,Instagram Ads,01/21/2025,CMP6595
U9620,Google Ads,01-11-2025,CMP0424
U2974,LinkedIn Ads,10/27/2025,CMP2871
U2635,Instagram Ads,06/18/2025,CMP7701
U5297,YouTube Ads,03-01-2025,CMP6562
U8168,LinkedIn Ads,11/17/2025,CMP8890
U1990,Facebook Ads,01/15/2025,CMP8999
U3682,Instagram Ads,02/28/2025,CMP2595
U7906,Email Marketing,08/30/2025,CMP8166
U4527,YouTube Ads,08-01-2025,CMP3123
U8023,Instagram Ads,03/18/2025,CMP0043
U3913,YouTube Ads,10/20/2025,CMP9043
U6326,Instagram Ads,12-06-2025,CMP0716
U1634,YouTube Ads,09/27/2025,CMP2069
U6513,Google Ads,11/29/2025,CMP2530
U1122,LinkedIn Ads,05-01-2025,CMP8743
U7270,LinkedIn Ads,03/27/2025,CMP1481
U4001,Google Ads,09/29/2025,CMP5315
U8154,Facebook Ads,10/26/2025,CMP2786
U4713,Instagram Ads,12/13/2025,CMP7530
U4098,YouTube Ads,08/22/2025,CMP5662
U4848,Google Ads,12/25/2025,CMP7917
U4690,Instagram Ads,04/28/2025,CMP6485
U2241,YouTube Ads,11/18/2025,CMP3116
U4836,LinkedIn Ads,06/17/2025,CMP5062
U4211,Instagram Ads,09-04-2025,CMP8838
U6512,LinkedIn Ads,10/13/2025,CMP1887
U4296,YouTube Ads,10/27/2025,CMP4333
U5375,Email Marketing,11-09-2025,CMP1776
U0610,Email Marketing,06-05-2025,CMP7607
U8851,Facebook Ads,08-03-2025,CMP8808
U0537,Email Marketing,12/20/2025,CMP6798
U5877,Instagram Ads,02-01-2025,CMP3869
U0350,Google Ads,01/26/2025,CMP7451
U5384,Facebook Ads,03/17/2025,CMP9251
U0423,YouTube Ads,03-09-2025,CMP2130
U6898,Instagram Ads,09/27/2025,CMP9648
U0711,YouTube Ads,12-04-2025,CMP5932
U8033,Google Ads,12/31/2025,CMP0511
U9591,Facebook Ads,10-08-2025,CMP9967
U1875,Instagram Ads,12-02-2025,CMP8693
U6533,LinkedIn Ads,08-01-2025,CMP3523
U1528,Instagram Ads,08-10-2025,CMP4177
U5401,YouTube Ads,12-10-2025,CMP2132
U1698,Email Marketing,10/23/2025,CMP6930
U9407,Google Ads,04/26/2025,CMP3675
U4382,Google Ads,01/15/2025,CMP9122
U6567,Instagram Ads,02-05-2025,CMP5568
U5586,Email Marketing,03/22/2025,CMP1504
U0816,YouTube Ads,12-12-2025,CMP9300
U1865,YouTube Ads,06/26/2025,CMP7958
U6476,LinkedIn Ads,11-03-2025,CMP9718
U8150,Facebook Ads,08-09-2025,CMP3461
U1181,YouTube Ads,07/23/2025,CMP3771
U6844,Instagram Ads,05/29/2025,CMP1276
U7156,YouTube Ads,02/24/2025,CMP2816
U1252,LinkedIn Ads,09/19/2025,CMP1289
U4194,Instagram Ads,04-12-2025,CMP5725
U9495,Facebook Ads,08/18/2025,CMP1235
U7246,Email Marketing,11/20/2025,CMP5296
U0933,YouTube Ads,07-08-2025,CMP5767
U9082,YouTube Ads,01/22/2025,CMP1480
U7382,Instagram Ads,02/22/2025,CMP3085
U8587,Google Ads,09/25/2025,CMP2828
U5483,LinkedIn Ads,02-03-2025,CMP4635
U2318,Instagram Ads,06/29/2025,CMP4656
U5382,YouTube Ads,03-07-2025,CMP2113
U5941,Google Ads,06-08-2025,CMP8625
U1658,Facebook Ads,09/17/2025,CMP7968
U2659,Email Marketing,04-03-2025,CMP0619
U3892,Email Marketing,08/16/2025,CMP2713
U3179,Facebook Ads,07-08-2025,CMP7356
U3272,LinkedIn Ads,11-06-2025,CMP4617
U2043,Instagram Ads,05/26/2025,CMP7874
U7392,Facebook Ads,06/28/2025,CMP8411
U5222,Facebook Ads,02/20/2025,CMP6127
U2274,Google Ads,12/28/2025,CMP2255
U9976,Google Ads,09/28/2025,CMP1299
U7490,Google Ads,02-02-2025,CMP4935
U7033,Google Ads,01-01-2025,CMP8783
U1109,Email Marketing,09/27/2025,CMP3069
U6117,Google Ads,05-10-2025,CMP9080
U2186,Facebook Ads,01/23/2025,CMP5650
U2210,Email Marketing,02-02-2025,CMP2869
U5081,Facebook Ads,09/21/2025,CMP4808
U5439,Email Marketing,05/20/2025,CMP0600
U8130,Email Marketing,12/21/2025,CMP6554
U2957,Google Ads,10-07-2025,CMP4370
U7273,Instagram Ads,06/29/2025,CMP4844
U1230,YouTube Ads,12-10-2025,CMP5777
U0571,Google Ads,03-06-2025,CMP2622
U7372,LinkedIn Ads,07-09-2025,CMP5934
U4090,YouTube Ads,02/28/2025,CMP2256
U7312,YouTube Ads,04/20/2025,CMP6341
U7293,Google Ads,02/14/2025,CMP3280
U2581,Email Marketing,12/31/2025,CMP5693
U3879,YouTube Ads,09-10-2025,CMP5923
U5068,YouTube Ads,07/23/2025,CMP7658
U1216,YouTube Ads,08/19/2025,CMP6709
U7089,Email Marketing,09/15/2025,CMP9033
U5670,Facebook Ads,09/23/2025,CMP4983
U1531,Instagram Ads,09/15/2025,CMP9025
U0675,Facebook Ads,01/15/2025,CMP2527
U0497,Instagram Ads,09-12-2025,CMP9450
U4874,LinkedIn Ads,08/21/2025,CMP4950
U5122,LinkedIn Ads,06/13/2025,CMP6810
U7643,Instagram Ads,03-04-2025,CMP2143
U5365,Instagram Ads,10/23/2025,CMP0830
U0380,YouTube Ads,02/16/2025,CMP8164
U9790,YouTube Ads,12-01-2025,CMP3525
U6607,LinkedIn Ads,07-07-2025,CMP1762
U7379,Instagram Ads,10-09-2025,CMP3190
U9140,Facebook Ads,07-07-2025,CMP1947
U7762,Google Ads,09/23/2025,CMP8194
U4903,Instagram Ads,10/31/2025,CMP2291
U6036,Email Marketing,06/19/2025,CMP8026
U9478,Email Marketing,10/23/2025,CMP5041
U3969,YouTube Ads,01/17/2025,CMP2794
U6724,Instagram Ads,09/14/2025,CMP7226
U7838,Email Marketing,09/27/2025,CMP1021
U4332,Instagram Ads,11-09-2025,CMP8735
U3397,Instagram Ads,12/20/2025,CMP9144
U8900,Email Marketing,07/14/2025,CMP9184
U5675,Instagram Ads,08/15/2025,CMP2400
U1790,YouTube Ads,11-12-2025,CMP3311
U5412,Facebook Ads,08/30/2025,CMP8701
U7823,Facebook Ads,11/30/2025,CMP9017
U3805,Email Marketing,10-01-2025,CMP4677
U8117,LinkedIn Ads,04-06-2025,CMP2869
U4663,Google Ads,08/21/2025,CMP0614
U5418,YouTube Ads,03/25/2025,CMP2199
U3165,Google Ads,03/31/2025,CMP3051
U3028,YouTube Ads,03/13/2025,CMP7008
U4948,LinkedIn Ads,10/26/2025,CMP4273
U5027,Email Marketing,03/23/2025,CMP5891
U6022,Email Marketing,11-11-2025,CMP5096
U7715,LinkedIn Ads,10-03-2025,CMP2510
U1280,Google Ads,10/16/2025,CMP9762
U8526,Facebook Ads,08/15/2025,CMP8282
U2162,Google Ads,09/20/2025,CMP8009
U3571,Email Marketing,10/24/2025,CMP7576
U0520,YouTube Ads,05/27/2025,CMP1045
U6155,Instagram Ads,02-11-2025,CMP6888
U3649,Google Ads,01-02-2025,CMP5698
U7547,LinkedIn Ads,06/27/2025,CMP8921
U3944,Google Ads,04/16/2025,CMP1849
U6591,Email Marketing,08/13/2025,CMP9795
U5225,Facebook Ads,10/23/2025,CMP0925
U6776,Instagram Ads,06-03-2025,CMP3882
U5643,Email Marketing,11/26/2025,CMP2870
U7759,LinkedIn Ads,05-04-2025,CMP6822
U8684,Google Ads,03-10-2025,CMP7587
U0845,LinkedIn Ads,05/18/2025,CMP1296
U7855,Facebook Ads,04/17/2025,CMP1193
U3975,Facebook Ads,12/23/2025,CMP3471
U5887,YouTube Ads,06-07-2025,CMP3922
U3329,Google Ads,07-09-2025,CMP7636
U9489,Email Marketing,08-02-2025,CMP3626
U5531,YouTube Ads,05-12-2025,CMP6224
U8001,Facebook Ads,04-05-2025,CMP7551
U2253,Google Ads,11/19/2025,CMP0555
U7917,YouTube Ads,12-04-2025,CMP3584
U4698,Google Ads,01-09-2025,CMP6740
U8626,Google Ads,05-10-2025,CMP2938
U3701,LinkedIn Ads,06-03-2025,CMP6113
U0920,Google Ads,11/23/2025,CMP0520
U3765,Email Marketing,04/19/2025,CMP7110
U0540,Google Ads,04-02-2025,CMP0763
U3940,Email Marketing,10/18/2025,CMP2363
U8205,Email Marketing,06/27/2025,CMP6289
U6500,Instagram Ads,06/17/2025,CMP1246
U3044,Facebook Ads,12/15/2025,CMP8039
U6226,Facebook Ads,12/31/2025,CMP4840
U5897,Google Ads,05/19/2025,CMP5910
U1469,YouTube Ads,07-01-2025,CMP7354
U9168,LinkedIn Ads,05-05-2025,CMP5316
U1037,Facebook Ads,03/27/2025,CMP2778
U9729,Instagram Ads,11-12-2025,CMP1261
U7213,LinkedIn Ads,06/21/2025,CMP0111
U3291,Facebook Ads,09-03-2025,CMP9739
U5340,Instagram Ads,07-12-2025,CMP5229
U9013,YouTube Ads,01/14/2025,CMP1866
U8181,Instagram Ads,03/13/2025,CMP7184
U7852,Email Marketing,10/26/2025,CMP2526
U9730,YouTube Ads,11/23/2025,CMP6854
U6548,Facebook Ads,06/19/2025,CMP5817
U9425,YouTube Ads,04/24/2025,CMP3638
U7910,Email Marketing,02/23/2025,CMP9644
U3390,Email Marketing,09/24/2025,CMP1902
U1886,Instagram Ads,01-12-2025,CMP7413
U5423,Email Marketing,10/14/2025,CMP2693
U3233,Facebook Ads,08/19/2025,CMP3023
U9460,Facebook Ads,02/22/2025,CMP3520
U5135,Google Ads,11-02-2025,CMP7497
U4874,Instagram Ads,11-11-2025,CMP5701
U2317,Facebook Ads,09/19/2025,CMP1932
U2839,LinkedIn Ads,10-12-2025,CMP6287
U7940,LinkedIn Ads,03-11-2025,CMP5155
U7273,Email Marketing,09-08-2025,CMP8282
U2756,Instagram Ads,08/23/2025,CMP3614
U6011,YouTube Ads,10-05-2025,CMP9007
U0529,LinkedIn Ads,08/19/2025,CMP3581
U5745,Google Ads,12/30/2025,CMP7194
U4606,Facebook Ads,11-02-2025,CMP2282
U1561,Instagram Ads,03-11-2025,CMP4795
U4056,Email Marketing,12/13/2025,CMP2079
U1526,Email Marketing,07/26/2025,CMP4403
U7512,LinkedIn Ads,11/22/2025,CMP6047
U4400,LinkedIn Ads,06/15/2025,CMP8757
U7530,LinkedIn Ads,01-09-2025,CMP9276
U4946,Google Ads,03/23/2025,CMP7480
U5006,Instagram Ads,12/25/2025,CMP1351
U3706,Google Ads,09/23/2025,CMP1560
U3752,Google Ads,07/16/2025,CMP5630
U2341,Instagram Ads,02-05-2025,CMP5134
U6746,LinkedIn Ads,11-12-2025,CMP2689
U7036,Facebook Ads,06-11-2025,CMP1647
U0440,YouTube Ads,12-04-2025,CMP4066
U8109,Email Marketing,07/17/2025,CMP3091
U6338,YouTube Ads,10/19/2025,CMP1164
U3535,Google Ads,01/21/2025,CMP7718
U8809,LinkedIn Ads,11-12-2025,CMP8210
U1084,Facebook Ads,06-08-2025,CMP8378
U7429,Google Ads,11-10-2025,CMP3910
U8134,Google Ads,06/27/2025,CMP2878
U1935,Facebook Ads,01/16/2025,CMP4248
U7458,Instagram Ads,09/19/2025,CMP1047
U1890,Instagram Ads,04/27/2025,CMP2735
U2933,Facebook Ads,01/19/2025,CMP0202
U4445,Facebook Ads,02-09-2025,CMP6871
U1130,Facebook Ads,08/27/2025,CMP0863
U9238,YouTube Ads,06-05-2025,CMP1416
U2467,LinkedIn Ads,01-04-2025,CMP9695
U1704,Instagram Ads,04/16/2025,CMP0158
U8516,Facebook Ads,07/31/2025,CMP0982
U1227,YouTube Ads,10/31/2025,CMP1392
U5346,Facebook Ads,06-12-2025,CMP2142
U7366,Facebook Ads,08/27/2025,CMP3322
U1482,LinkedIn Ads,03/22/2025,CMP3402
U4067,Google Ads,07-02-2025,CMP9885
U9014,Facebook Ads,05-08-2025,CMP4263
U2142,Google Ads,04-12-2025,CMP2291
U0358,YouTube Ads,02-03-2025,CMP1377
U0830,Google Ads,03/28/2025,CMP2111
U3067,Google Ads,05/21/2025,CMP8129
U7849,Email Marketing,02-01-2025,CMP4027
U0320,Email Marketing,07/15/2025,CMP3268
U2947,Instagram Ads,01/14/2025,CMP7941
U3814,Google Ads,03/23/2025,CMP4603
U9433,Email Marketing,07/18/2025,CMP8744
U5879,Facebook Ads,10/30/2025,CMP2847
U8883,YouTube Ads,06-08-2025,CMP9301
U5436,YouTube Ads,11-11-2025,CMP3812
U2321,Instagram Ads,02/26/2025,CMP2908
U4945,Email Marketing,06/15/2025,CMP6121
U5847,Email Marketing,04/25/2025,CMP7983
U9386,Email Marketing,07/20/2025,CMP5027
U5426,Email Marketing,02-09-2025,CMP3620
U3436,Email Marketing,05-08-2025,CMP1454
U2726,Email Marketing,07/31/2025,CMP1771
U3696,Google Ads,03/25/2025,CMP6150
U5601,Google Ads,03/29/2025,CMP4832
U0508,Instagram Ads,08-09-2025,CMP1526
U6706,Google Ads,12/23/2025,CMP2574
U6438,Email Marketing,10/20/2025,CMP4347
U9834,Google Ads,09-03-2025,CMP5912
U7716,Google Ads,09-08-2025,CMP4782
U0732,Facebook Ads,05/15/2025,CMP6350
U1585,YouTube Ads,02/13/2025,CMP4401
U6859,Facebook Ads,10-02-2025,CMP9663
U8227,LinkedIn Ads,10/20/2025,CMP3861
U3472,Google Ads,04-09-2025,CMP2416
U5239,Facebook Ads,02-04-2025,CMP7134
U9627,Instagram Ads,09/25/2025,CMP5344
U1731,YouTube Ads,10/16/2025,CMP9284
U9978,LinkedIn Ads,08/31/2025,CMP5634
U3893,Email Marketing,01/26/2025,CMP9973
U1610,Google Ads,04/27/2025,CMP6103
U3080,Instagram Ads,08/15/2025,CMP5258
U1076,YouTube Ads,06-09-2025,CMP7938
U0945,YouTube Ads,05-08-2025,CMP8590
U2030,Instagram Ads,12/15/2025,CMP3263
U2680,Facebook Ads,05/13/2025,CMP7309
U3627,LinkedIn Ads,11/28/2025,CMP0450
U0146,YouTube Ads,08/31/2025,CMP6710
U4512,Facebook Ads,08-05-2025,CMP0139
U8381,LinkedIn Ads,12-06-2025,CMP3576
U4530,Instagram Ads,11/24/2025,CMP4632
U6621,Facebook Ads,12-05-2025,CMP4896
U9553,Instagram Ads,12/29/2025,CMP8149
U5874,Email Marketing,09/17/2025,CMP3644
U9160,Facebook Ads,04-04-2025,CMP9147
U5429,Instagram Ads,07-10-2025,CMP3642
U1167,LinkedIn Ads,08/30/2025,CMP1930
U2251,YouTube Ads,04/13/2025,CMP6254
U5450,Facebook Ads,11/20/2025,CMP7497
U8022,Instagram Ads,02/15/2025,CMP7407
U3268,LinkedIn Ads,07-11-2025,CMP6610
U3708,Facebook Ads,12/22/2025,CMP8701
U4886,YouTube Ads,05/29/2025,CMP8247
U5886,LinkedIn Ads,04-07-2025,CMP5536
U0360,Facebook Ads,10/29/2025,CMP0314
U0797,LinkedIn Ads,11-01-2025,CMP0613
U2025,Google Ads,10-08-2025,CMP0324
U4424,Instagram Ads,11/15/2025,CMP0153
U8155,YouTube Ads,04-12-2025,CMP1719
U8981,Facebook Ads,09-12-2025,CMP8572
U8096,Google Ads,03/18/2025,CMP3843
U4328,Instagram Ads,08/26/2025,CMP1660
U1557,Instagram Ads,01/24/2025,CMP0647
U1523,Instagram Ads,07-10-2025,CMP2794
U2733,Instagram Ads,02/27/2025,CMP7480
U7179,Google Ads,04-03-2025,CMP2612
U1851,Email Marketing,07/30/2025,CMP0473
U9258,Google Ads,04/25/2025,CMP5149
U6306,LinkedIn Ads,03/18/2025,CMP1561
U2710,Email Marketing,02-08-2025,CMP0191
U3851,YouTube Ads,02-10-2025,CMP0825
U0292,LinkedIn Ads,02/22/2025,CMP1443
U8329,Google Ads,10/15/2025,CMP0003
U5440,Instagram Ads,10/14/2025,CMP5585
U3634,Email Marketing,01-02-2025,CMP5953
U2690,YouTube Ads,09-10-2025,CMP4784
U6438,Google Ads,04/21/2025,CMP6705
U9648,Google Ads,03-05-2025,CMP5537
U9065,Facebook Ads,08-10-2025,CMP8261
U1697,Email Marketing,07/18/2025,CMP2904
U4483,LinkedIn Ads,07/23/2025,CMP8260
U4898,LinkedIn Ads,12/26/2025,CMP2264
U5658,Email Marketing,12-11-2025,CMP9070
U1891,YouTube Ads,06/30/2025,CMP2914
U0210,Email Marketing,09/25/2025,CMP6840
U4106,Facebook Ads,03/16/2025,CMP0928
U9206,Google Ads,04/25/2025,CMP8867
U6350,Email Marketing,08-02-2025,CMP8371
U3696,Email Marketing,11/21/2025,CMP0213
U4820,YouTube Ads,08/18/2025,CMP9641
U4573,Email Marketing,10-12-2025,CMP2848
U0655,Google Ads,03/20/2025,CMP4179
U5208,LinkedIn Ads,09/27/2025,CMP4935
U5725,Facebook Ads,04/24/2025,CMP8277
U0145,Facebook Ads,02/28/2025,CMP4810
U6323,Google Ads,05-12-2025,CMP3995
U0719,Instagram Ads,06-01-2025,CMP8469
U3454,Facebook Ads,12-10-2025,CMP1573
U1182,Google Ads,12/18/2025,CMP6951
U9144,Google Ads,02-06-2025,CMP0621
U0277,LinkedIn Ads,07/19/2025,CMP6679
U5861,Email Marketing,09/15/2025,CMP1037
U6474,Google Ads,12-05-2025,CMP9938
U2361,Email Marketing,06-02-2025,CMP2235
U0685,Google Ads,01-03-2025,CMP6114
U8398,Instagram Ads,03/14/2025,CMP1395
U0892,Facebook Ads,10-09-2025,CMP4141
U5421,Instagram Ads,07-02-2025,CMP1104
U5380,YouTube Ads,11-12-2025,CMP4672
U0080,YouTube Ads,06-10-2025,CMP9267
U7864,Instagram Ads,08/25/2025,CMP7146
U8825,Google Ads,04-11-2025,CMP9039
U9485,Google Ads,07/27/2025,CMP1236
U5994,YouTube Ads,07/20/2025,CMP4270
U5962,Facebook Ads,09/15/2025,CMP4768
U9271,YouTube Ads,12-04-2025,CMP2718
U6053,Google Ads,04/30/2025,CMP5879
U5310,LinkedIn Ads,02/22/2025,CMP5919
U6202,YouTube Ads,07-07-2025,CMP4315
U5654,Instagram Ads,09-07-2025,CMP8466
U4601,LinkedIn Ads,04/19/2025,CMP2277
U7890,Email Marketing,12-12-2025,CMP1939
U2640,Google Ads,03-10-2025,CMP6733
U6643,Google Ads,11-03-2025,CMP2407
U7892,Google Ads,03/29/2025,CMP4645
U5615,Facebook Ads,08/21/2025,CMP9547
U6878,Facebook Ads,03/18/2025,CMP6316
U7902,Google Ads,12-04-2025,CMP9828
U0712,Email Marketing,12/24/2025,CMP0020
U4171,LinkedIn Ads,09-02-2025,CMP7900
U0117,YouTube Ads,10/23/2025,CMP9803
U6981,Email Marketing,11/30/2025,CMP3366
U3338,YouTube Ads,07/31/2025,CMP6940
U9465,YouTube Ads,06/26/2025,CMP6066
U1643,Email Marketing,04/20/2025,CMP1952
U0087,YouTube Ads,02/16/2025,CMP9021
U0619,Google Ads,07/16/2025,CMP1445
U8490,Google Ads,05/27/2025,CMP9789
U5894,Email Marketing,05-03-2025,CMP8452
U8483,LinkedIn Ads,01-08-2025,CMP4521
U5694,Instagram Ads,05/22/2025,CMP9005
U1745,YouTube Ads,10/14/2025,CMP6619
U4099,YouTube Ads,12/22/2025,CMP1918
U0449,Instagram Ads,09-04-2025,CMP3986
U5786,Email Marketing,09/22/2025,CMP3611
U1246,Instagram Ads,10-11-2025,CMP4068
U3848,Instagram Ads,05-04-2025,CMP9400
U1286,YouTube Ads,12/13/2025,CMP4092
U9413,Google Ads,05/21/2025,CMP8872
U0888,Instagram Ads,09/27/2025,CMP8375
U8491,Instagram Ads,08/24/2025,CMP8233
U4255,LinkedIn Ads,04-06-2025,CMP3453
U6100,Instagram Ads,07-06-2025,CMP5622
U3864,YouTube Ads,10-12-2025,CMP2149
U8471,LinkedIn Ads,10-01-2025,CMP2451
U2677,YouTube Ads,01/31/2025,CMP4112
U9181,LinkedIn Ads,10/13/2025,CMP1578
U8822,Email Marketing,03/31/2025,CMP5753
U7599,Email Marketing,11/20/2025,CMP7988
U1297,LinkedIn Ads,03/24/2025,CMP5528
U7290,Email Marketing,07-05-2025,CMP4774
U4123,Facebook Ads,12/25/2025,CMP6783
U0882,Google Ads,01/14/2025,CMP1688
U5069,Instagram Ads,04/28/2025,CMP1703
U5847,Facebook Ads,06/16/2025,CMP2072
U8836,YouTube Ads,04-01-2025,CMP4464
U5689,LinkedIn Ads,09-04-2025,CMP9241
U0002,Instagram Ads,09/25/2025,CMP5045
U7053,Email Marketing,05/30/2025,CMP0137
U2676,Facebook Ads,11/27/2025,CMP6122
U4455,LinkedIn Ads,05/26/2025,CMP1298
U7461,Facebook Ads,11/13/2025,CMP6766
U0363,Instagram Ads,04-06-2025,CMP3077
U8087,Email Marketing,04/22/2025,CMP7184
U1315,Instagram Ads,03/16/2025,CMP8166
U6252,LinkedIn Ads,01-07-2025,CMP8900
U8539,Facebook Ads,12-07-2025,CMP7258
U8535,Instagram Ads,03-04-2025,CMP5114
U7114,Google Ads,06/16/2025,CMP5906
U7787,LinkedIn Ads,12/19/2025,CMP1961
U0984,Facebook Ads,01/31/2025,CMP4076
U5691,Facebook Ads,08/13/2025,CMP1760
U7169,Email Marketing,10/14/2025,CMP5869
U4511,Facebook Ads,11-03-2025,CMP9285
U8290,Instagram Ads,07/14/2025,CMP7363
U8831,YouTube Ads,07/18/2025,CMP5966
U5277,Facebook Ads,02/26/2025,CMP9036
U1618,Facebook Ads,01/17/2025,CMP2127
U9928,YouTube Ads,02-06-2025,CMP8027
U6815,Google Ads,07-08-2025,CMP8052
U3538,Google Ads,09/23/2025,CMP8668
U2932,Facebook Ads,10/13/2025,CMP6314
U1706,Instagram Ads,03/27/2025,CMP9447
U9013,YouTube Ads,06/16/2025,CMP2592
U9016,YouTube Ads,05-11-2025,CMP5300
U2214,Email Marketing,06-04-2025,CMP0004
U9115,Google Ads,10/20/2025,CMP5160
U4094,Facebook Ads,04/30/2025,CMP5828
U2833,YouTube Ads,09-07-2025,CMP6551
U6252,YouTube Ads,02-10-2025,CMP1563
U9869,LinkedIn Ads,01-06-2025,CMP7116
U5355,YouTube Ads,09/15/2025,CMP4994
U7077,LinkedIn Ads,05/29/2025,CMP6437
U1394,YouTube Ads,07/24/2025,CMP7797
U9361,LinkedIn Ads,04-11-2025,CMP2210
U9438,Facebook Ads,02/15/2025,CMP4035
U4995,Facebook Ads,03/28/2025,CMP5707
U3272,YouTube Ads,12/17/2025,CMP7246
U2420,Google Ads,05/28/2025,CMP1406
U3472,LinkedIn Ads,04/15/2025,CMP5000
U0302,YouTube Ads,07-12-2025,CMP7914
U4445,Facebook Ads,01/28/2025,CMP4186
U5902,Email Marketing,02/25/2025,CMP6368
U5169,Facebook Ads,09-06-2025,CMP6333
U8674,LinkedIn Ads,06-06-2025,CMP8203
U3870,Instagram Ads,09/14/2025,CMP0302
U6437,Google Ads,12-03-2025,CMP6344
U9919,LinkedIn Ads,06/18/2025,CMP3727
U5063,YouTube Ads,12/19/2025,CMP2271
U8733,Facebook Ads,03-02-2025,CMP7047
U4486,Instagram Ads,03/19/2025,CMP0484
U3784,YouTube Ads,12/18/2025,CMP4373
U6127,Facebook Ads,04-05-2025,CMP7809
U4422,Facebook Ads,07/31/2025,CMP3167
U5324,Google Ads,08/23/2025,CMP3352
U9729,Email Marketing,10-02-2025,CMP9961
U4026,YouTube Ads,09/23/2025,CMP0631
U3111,LinkedIn Ads,05/30/2025,CMP9138
U8471,LinkedIn Ads,03/14/2025,CMP4685
U8953,Google Ads,03-11-2025,CMP8203
U7450,LinkedIn Ads,02/16/2025,CMP2931
U7363,Email Marketing,11/21/2025,CMP2687
U2800,YouTube Ads,06/21/2025,CMP8384
U7312,Facebook Ads,05/28/2025,CMP2657
U8170,Google Ads,10-06-2025,CMP3324
U1301,YouTube Ads,11-04-2025,CMP3554
U0903,YouTube Ads,12-01-2025,CMP4557
U1785,YouTube Ads,08-02-2025,CMP9472
U5902,YouTube Ads,01/19/2025,CMP9748
U2205,Google Ads,03-04-2025,CMP6209
U1791,YouTube Ads,10/20/2025,CMP6780
U4255,Email Marketing,09/27/2025,CMP7925
U2948,LinkedIn Ads,11-09-2025,CMP9219
U3397,Google Ads,11-12-2025,CMP0026
U4615,Email Marketing,05-11-2025,CMP9182
U9322,Google Ads,11-12-2025,CMP5308
U2225,Email Marketing,09-04-2025,CMP5537
U8538,Instagram Ads,06-03-2025,CMP8798
U1085,Google Ads,03/18/2025,CMP8780
U1915,Facebook Ads,06-07-2025,CMP8754
U7405,LinkedIn Ads,06-04-2025,CMP4449
U7908,Google Ads,09/14/2025,CMP6132
U8457,Instagram Ads,12/13/2025,CMP8580
U9737,Email Marketing,02/14/2025,CMP6351
U3439,Email Marketing,06/14/2025,CMP8530
U4484,LinkedIn Ads,02/28/2025,CMP5229
U4642,YouTube Ads,10/21/2025,CMP3385
U0827,YouTube Ads,02/24/2025,CMP5550
U7305,Email Marketing,11-12-2025,CMP2933
U7673,Google Ads,02/19/2025,CMP8741
U4228,LinkedIn Ads,07-06-2025,CMP7626
U1850,Instagram Ads,06/29/2025,CMP5413
U1753,YouTube Ads,06/16/2025,CMP5712
U3993,LinkedIn Ads,10-08-2025,CMP8729
U9294,Email Marketing,06/25/2025,CMP3412
U9703,Email Marketing,11-02-2025,CMP1277
U9772,Facebook Ads,07/14/2025,CMP7295
U0004,Facebook Ads,03/17/2025,CMP1484
U5188,YouTube Ads,06-03-2025,CMP6390
U8363,Email Marketing,07/26/2025,CMP7123
U1798,Google Ads,05/25/2025,CMP8993
U8932,Email Marketing,04/19/2025,CMP6460
U2057,LinkedIn Ads,03-10-2025,CMP9101
U6814,Email Marketing,08/22/2025,CMP7975
U6304,LinkedIn Ads,07-01-2025,CMP2946
U6732,LinkedIn Ads,10-07-2025,CMP9469
U1312,LinkedIn Ads,03/14/2025,CMP9309
U1450,LinkedIn Ads,05-06-2025,CMP4579
U8766,Email Marketing,01-06-2025,CMP1280
U4739,Email Marketing,03/27/2025,CMP9404
U9473,Email Marketing,03/28/2025,CMP4982
U4553,Instagram Ads,05-10-2025,CMP0448
U2477,Google Ads,12-04-2025,CMP4210
U1383,LinkedIn Ads,03/16/2025,CMP3870
U2741,LinkedIn Ads,04/18/2025,CMP8126
U4938,Google Ads,09-01-2025,CMP4332
U8691,Email Marketing,08-11-2025,CMP6223
U5798,Email Marketing,08-10-2025,CMP6259
U9572,Instagram Ads,07/20/2025,CMP5489
U5133,Facebook Ads,10-08-2025,CMP9646
U5760,LinkedIn Ads,04/23/2025,CMP0196
U3553,YouTube Ads,11-03-2025,CMP0389
U9275,YouTube Ads,04-05-2025,CMP1416
U6996,Email Marketing,12/21/2025,CMP7651
U5451,Google Ads,01/31/2025,CMP2654
U8062,LinkedIn Ads,02/25/2025,CMP1138
U1154,LinkedIn Ads,10/20/2025,CMP1741
U6398,Facebook Ads,05/17/2025,CMP8155
U7834,Google Ads,08-12-2025,CMP9415
U7899,YouTube Ads,03-04-2025,CMP1149
U1486,Email Marketing,07-07-2025,CMP5464
U6295,Instagram Ads,12-05-2025,CMP7531
U7176,Email Marketing,04-08-2025,CMP1750
U5042,Facebook Ads,09/13/2025,CMP9715
U6644,Google Ads,03-02-2025,CMP0269
U1181,Email Marketing,01/19/2025,CMP7510
U0236,YouTube Ads,03/30/2025,CMP7721
U1743,LinkedIn Ads,02/28/2025,CMP1595
U6587,Facebook Ads,06/16/2025,CMP1034
U1979,Facebook Ads,05/21/2025,CMP5269
U0667,YouTube Ads,03-10-2025,CMP6061
U2940,Facebook Ads,02/15/2025,CMP6163
U4440,Email Marketing,09/25/2025,CMP6820
U4935,YouTube Ads,06/28/2025,CMP0617
U8316,YouTube Ads,04/23/2025,CMP1926
U7773,Google Ads,09-12-2025,CMP4529
U5478,Email Marketing,11-12-2025,CMP0886
U1161,Facebook Ads,05-01-2025,CMP8805
U5344,Facebook Ads,04/27/2025,CMP6866
U0891,LinkedIn Ads,08-12-2025,CMP3277
U5876,LinkedIn Ads,05/19/2025,CMP2918
U7514,Google Ads,08-03-2025,CMP9318
U3764,YouTube Ads,02/14/2025,CMP4836
U4042,YouTube Ads,05-07-2025,CMP3547
U0657,Facebook Ads,08/29/2025,CMP9696
U8115,LinkedIn Ads,05-04-2025,CMP8702
U1487,Facebook Ads,01-09-2025,CMP6663
U7599,YouTube Ads,03-12-2025,CMP7525
U1159,Email Marketing,07/17/2025,CMP6069
U1327,Instagram Ads,11/14/2025,CMP6978
U0670,Google Ads,07-07-2025,CMP5964
U3910,YouTube Ads,10-04-2025,CMP1098
U8251,Email Marketing,12/15/2025,CMP9505
U7704,LinkedIn Ads,12/30/2025,CMP5657
U1076,LinkedIn Ads,04-07-2025,CMP4789
U2425,Instagram Ads,09-12-2025,CMP2930
U7765,Instagram Ads,06/27/2025,CMP0372
U8514,Facebook Ads,11/27/2025,CMP4777
U7296,LinkedIn Ads,08/23/2025,CMP5347
U0776,Facebook Ads,03/17/2025,CMP5022
U2515,Email Marketing,03/24/2025,CMP2635
U9216,Facebook Ads,12/29/2025,CMP9414
U4941,Instagram Ads,03-04-2025,CMP2424
U8314,LinkedIn Ads,06/19/2025,CMP2382
U5550,YouTube Ads,12/19/2025,CMP4749
U3611,Email Marketing,08/17/2025,CMP2285
U3207,YouTube Ads,01-12-2025,CMP3198
U9914,YouTube Ads,09/19/2025,CMP1432
U4664,Email Marketing,06/26/2025,CMP2424
U7250,Google Ads,05/28/2025,CMP9192
U1411,Email Marketing,03/15/2025,CMP6945
U1450,Instagram Ads,01-04-2025,CMP8607
U3265,YouTube Ads,04-06-2025,CMP2866
U3679,YouTube Ads,01/14/2025,CMP4948
U4010,Google Ads,01/15/2025,CMP7743
U4226,Email Marketing,11/18/2025,CMP9813
U2669,Instagram Ads,10/25/2025,CMP1960
U5833,Instagram Ads,01/25/2025,CMP2220
U9811,YouTube Ads,03/27/2025,CMP1259
U5762,Instagram Ads,03/15/2025,CMP4933
U8248,LinkedIn Ads,04/24/2025,CMP7945
U6838,YouTube Ads,08/24/2025,CMP8613
U7241,LinkedIn Ads,11-02-2025,CMP0285
U2333,Google Ads,12/19/2025,CMP4992
U7066,LinkedIn Ads,01/22/2025,CMP1288
U0710,YouTube Ads,02-03-2025,CMP8413
U5760,YouTube Ads,01/15/2025,CMP2029
U3963,YouTube Ads,09/16/2025,CMP4545
U2815,YouTube Ads,10-03-2025,CMP0230
U7204,Email Marketing,12-11-2025,CMP8261
U2026,Facebook Ads,08/27/2025,CMP6949
U5376,Email Marketing,09-10-2025,CMP5919
U7012,Email Marketing,04-07-2025,CMP5112
U7178,Facebook Ads,09/25/2025,CMP6021
U1061,LinkedIn Ads,07-06-2025,CMP6469
U9535,Google Ads,10/31/2025,CMP6624
U7939,Instagram Ads,09/19/2025,CMP6558
U0487,Instagram Ads,02/20/2025,CMP2002
U4961,Facebook Ads,11/15/2025,CMP0439
U8033,LinkedIn Ads,09/16/2025,CMP8519
U6286,YouTube Ads,08/19/2025,CMP8857
U2690,Google Ads,09-09-2025,CMP0590
U8838,Google Ads,10/20/2025,CMP7987
U5780,Google Ads,05/26/2025,CMP8302
U5592,Instagram Ads,07/14/2025,CMP2101
U5114,Instagram Ads,10/31/2025,CMP6750
U0613,Google Ads,08/24/2025,CMP4996
U5186,Instagram Ads,07/13/2025,CMP6901
U5564,Google Ads,03/27/2025,CMP8002
U3508,LinkedIn Ads,05/28/2025,CMP3306
U1553,Facebook Ads,10/31/2025,CMP6587
U4946,LinkedIn Ads,09/16/2025,CMP8701
U8972,LinkedIn Ads,04-03-2025,CMP3279
U4390,YouTube Ads,11/23/2025,CMP3057
U7578,YouTube Ads,03/17/2025,CMP7107
U3336,LinkedIn Ads,07/31/2025,CMP4920
U2457,Email Marketing,04-09-2025,CMP4202
U3310,LinkedIn Ads,03/23/2025,CMP7605
U7961,Email Marketing,01-11-2025,CMP4552
U1480,Instagram Ads,07/23/2025,CMP9857
U8606,Email Marketing,05-09-2025,CMP9355
U6929,Instagram Ads,04/22/2025,CMP2004
U6140,LinkedIn Ads,12/25/2025,CMP7201
U5050,Instagram Ads,01-11-2025,CMP4037
U5068,Email Marketing,11/24/2025,CMP0896
U4187,YouTube Ads,06-04-2025,CMP2000
U6657,Facebook Ads,01/18/2025,CMP4873
U6921,LinkedIn Ads,02/21/2025,CMP8056
U7427,LinkedIn Ads,12/22/2025,CMP5765
U3279,Email Marketing,11/18/2025,CMP3011
U2132,Facebook Ads,11-01-2025,CMP2586
U9717,LinkedIn Ads,06/17/2025,CMP7398
U9151,LinkedIn Ads,11/28/2025,CMP2981
U6571,Facebook Ads,11/13/2025,CMP7577
U7130,Facebook Ads,08/21/2025,CMP6029
U2134,Facebook Ads,08-09-2025,CMP3329
U2392,Email Marketing,01/15/2025,CMP4637
U0170,Instagram Ads,08/29/2025,CMP4069
U9785,Email Marketing,05-12-2025,CMP6514
U9802,Facebook Ads,12/30/2025,CMP5454
U6077,YouTube Ads,03-09-2025,CMP8267
U1469,YouTube Ads,06-12-2025,CMP2784
U5908,Instagram Ads,08-09-2025,CMP1915
U8050,YouTube Ads,03/19/2025,CMP4322
U0588,Google Ads,08/29/2025,CMP7209
U9190,LinkedIn Ads,09-06-2025,CMP1901
U2960,Google Ads,03/28/2025,CMP2426
U2959,Facebook Ads,08-02-2025,CMP9596
U1999,Instagram Ads,07/21/2025,CMP1546
U7862,Facebook Ads,08/21/2025,CMP5301
U2119,Google Ads,04/19/2025,CMP5398
U2917,Email Marketing,05-03-2025,CMP0910
U2526,LinkedIn Ads,03-03-2025,CMP2670
U6021,Email Marketing,09/20/2025,CMP5081
U6034,Instagram Ads,11-11-2025,CMP7806
U2541,YouTube Ads,09-11-2025,CMP0663
U4922,LinkedIn Ads,03/18/2025,CMP4763
U1254,YouTube Ads,01/24/2025,CMP4074
U1340,LinkedIn Ads,09/15/2025,CMP1549
U4877,Facebook Ads,06-10-2025,CMP2942
U3459,YouTube Ads,04-05-2025,CMP7372
U0218,LinkedIn Ads,03/29/2025,CMP1743
U5911,Email Marketing,12/20/2025,CMP9862
U0261,Google Ads,12/23/2025,CMP4959
U3128,Email Marketing,02/14/2025,CMP2379
U7296,Google Ads,09-06-2025,CMP6913
U0835,Facebook Ads,06/20/2025,CMP3976
U4765,LinkedIn Ads,01/19/2025,CMP7075
U9444,Facebook Ads,06-11-2025,CMP7994
U5682,LinkedIn Ads,08/18/2025,CMP6835
U9629,LinkedIn Ads,12/17/2025,CMP3150
U5903,Facebook Ads,08/30/2025,CMP7676
U9925,Email Marketing,09-09-2025,CMP1413
U5879,Facebook Ads,05/14/2025,CMP4976
U3715,Google Ads,03-03-2025,CMP8249
U8445,Google Ads,11-06-2025,CMP5821
U1670,LinkedIn Ads,10/15/2025,CMP7174
U7234,Facebook Ads,09/17/2025,CMP1935
U6812,Instagram Ads,01-04-2025,CMP5960
U5909,YouTube Ads,11/19/2025,CMP4699
U6707,LinkedIn Ads,08/23/2025,CMP8678
U1141,LinkedIn Ads,02/13/2025,CMP0488
U2474,LinkedIn Ads,10/22/2025,CMP2693
U9071,Instagram Ads,06-05-2025,CMP8517
U6619,Instagram Ads,08/17/2025,CMP0130
U1381,Email Marketing,01/19/2025,CMP7245
U9041,YouTube Ads,06-09-2025,CMP2065
U6927,Google Ads,09/16/2025,CMP0384
U2044,Email Marketing,08/18/2025,CMP4256
U8738,Facebook Ads,11-01-2025,CMP5554
U1725,Email Marketing,06/17/2025,CMP9385
U1343,LinkedIn Ads,02/17/2025,CMP5920
U9638,LinkedIn Ads,10/14/2025,CMP3520
U8021,LinkedIn Ads,08-02-2025,CMP9574
U3484,Facebook Ads,08/22/2025,CMP7500
U1981,Instagram Ads,07-09-2025,CMP9160
U0459,Instagram Ads,03/15/2025,CMP1930
U0035,Instagram Ads,03-04-2025,CMP5000
U6182,LinkedIn Ads,09-01-2025,CMP6842
U7358,YouTube Ads,03/18/2025,CMP2270
U7260,LinkedIn Ads,05/23/2025,CMP6712
U9165,YouTube Ads,02/13/2025,CMP0407
U0306,YouTube Ads,03-03-2025,CMP0867
U7279,Instagram Ads,02/13/2025,CMP0311
U0395,LinkedIn Ads,09/28/2025,CMP0738
U1469,YouTube Ads,03/20/2025,CMP1628
U1618,Facebook Ads,06/13/2025,CMP5330
U9602,Google Ads,05-02-2025,CMP6153
U1073,Instagram Ads,09-05-2025,CMP1886
U9089,Instagram Ads,11/30/2025,CMP0306
U6117,Email Marketing,10-04-2025,CMP1375
U4740,YouTube Ads,12-01-2025,CMP6943
U5758,Instagram Ads,11/20/2025,CMP7901
U1470,Facebook Ads,07/22/2025,CMP0746
U5614,Instagram Ads,11/22/2025,CMP9118
U5382,Email Marketing,01-09-2025,CMP4030
U9107,LinkedIn Ads,12/23/2025,CMP9975
U7294,Email Marketing,12-11-2025,CMP1330
U0139,Instagram Ads,03-05-2025,CMP9852
U5863,Facebook Ads,04-09-2025,CMP0154
U9930,Facebook Ads,04/18/2025,CMP3624
U9041,Google Ads,04-10-2025,CMP6490
U2088,YouTube Ads,05/13/2025,CMP9880
U8732,Facebook Ads,11-11-2025,CMP4495
U7087,LinkedIn Ads,07/28/2025,CMP0033
U0770,Instagram Ads,05/23/2025,CMP8120
U3697,Facebook Ads,12/20/2025,CMP6421
U0457,Instagram Ads,09-03-2025,CMP2695
U0892,Instagram Ads,06/20/2025,CMP5478
U2046,YouTube Ads,02/13/2025,CMP9830
U4940,Facebook Ads,11-09-2025,CMP1066
U1571,YouTube Ads,11/13/2025,CMP0915
U1660,LinkedIn Ads,06/23/2025,CMP0174
U9752,Instagram Ads,02-04-2025,CMP8475
U7888,Facebook Ads,11/14/2025,CMP9392
U5862,Google Ads,06-09-2025,CMP0723
U8482,LinkedIn Ads,10/28/2025,CMP2416
U3298,YouTube Ads,02-05-2025,CMP8309
U5500,YouTube Ads,11-12-2025,CMP7658
U3655,Google Ads,12/21/2025,CMP7444
U0111,Email Marketing,07-05-2025,CMP7877
U5897,Facebook Ads,01/23/2025,CMP1888
U4030,Instagram Ads,04-02-2025,CMP3588
U5545,Google Ads,04/18/2025,CMP1658
U7107,Email Marketing,12/31/2025,CMP6101
U5210,Facebook Ads,11-03-2025,CMP2143
U4050,Facebook Ads,01/28/2025,CMP9623
U1063,YouTube Ads,03/27/2025,CMP8328
U6126,Instagram Ads,09/27/2025,CMP8343
U0600,Instagram Ads,04/17/2025,CMP7763
U9362,LinkedIn Ads,03/22/2025,CMP3841
U0675,Instagram Ads,08/27/2025,CMP1377
U4474,LinkedIn Ads,07/15/2025,CMP7661
U8957,Instagram Ads,11/26/2025,CMP1244
U5469,Google Ads,04-11-2025,CMP1613
U4279,Facebook Ads,01-05-2025,CMP4497
U8400,LinkedIn Ads,03/18/2025,CMP6617
U7680,LinkedIn Ads,08/25/2025,CMP3439
U9150,LinkedIn Ads,01/16/2025,CMP3078
U5568,Email Marketing,04/26/2025,CMP5007
U2280,Instagram Ads,03/20/2025,CMP8809
U1044,YouTube Ads,10-01-2025,CMP9959
U9059,LinkedIn Ads,04-01-2025,CMP9331
U4651,Facebook Ads,04/16/2025,CMP0440
U6732,Google Ads,07/20/2025,CMP7450
U2129,Email Marketing,04/16/2025,CMP7836
U3326,Facebook Ads,09/15/2025,CMP7779
U4045,Facebook Ads,09/27/2025,CMP0122
U7477,LinkedIn Ads,06/27/2025,CMP7540
U7080,YouTube Ads,08/23/2025,CMP6408
U4486,Google Ads,11/18/2025,CMP9317
U1254,LinkedIn Ads,02/23/2025,CMP3560
U0438,Facebook Ads,02-07-2025,CMP7389
U0619,Instagram Ads,01-06-2025,CMP6245
U8986,Email Marketing,12-03-2025,CMP5360
U1647,Instagram Ads,04-01-2025,CMP7714
U7220,Google Ads,07-03-2025,CMP2760
U8567,Facebook Ads,11/25/2025,CMP8722
U0798,Email Marketing,07/13/2025,CMP6400
U5524,Facebook Ads,04-09-2025,CMP3909
U1765,Email Marketing,06/17/2025,CMP1583
U1735,YouTube Ads,07-02-2025,CMP3394
U4563,Google Ads,11/29/2025,CMP5182
U8785,LinkedIn Ads,10/19/2025,CMP3581
U2178,Email Marketing,06/20/2025,CMP5315
U9586,Email Marketing,08/18/2025,CMP5210
U2033,YouTube Ads,06-08-2025,CMP8249
U2485,Google Ads,07-12-2025,CMP1301
U0649,LinkedIn Ads,09/24/2025,CMP9799
U8837,Facebook Ads,01/28/2025,CMP0389
U0100,YouTube Ads,02-03-2025,CMP3645
U3349,Facebook Ads,05-01-2025,CMP2319
U9927,Facebook Ads,05-08-2025,CMP5104
U6525,Instagram Ads,07/13/2025,CMP3300
U0325,Email Marketing,07/15/2025,CMP9985
U4216,YouTube Ads,07/14/2025,CMP4919
U3207,YouTube Ads,03/21/2025,CMP9211
U6293,LinkedIn Ads,09-08-2025,CMP6132
U3183,Google Ads,08-12-2025,CMP6698
U0946,YouTube Ads,11/30/2025,CMP5712
U0463,LinkedIn Ads,12/24/2025,CMP3971
U2645,Email Marketing,01-07-2025,CMP7463
U6930,LinkedIn Ads,03/26/2025,CMP6298
U1457,Email Marketing,02/25/2025,CMP8736
U2760,Instagram Ads,09-09-2025,CMP2339
U2796,YouTube Ads,04-01-2025,CMP6846
U3042,Facebook Ads,04/13/2025,CMP7971
U1790,Instagram Ads,11/22/2025,CMP3144
U7830,Instagram Ads,09-06-2025,CMP2043
U0119,Google Ads,07-12-2025,CMP4360
U5515,LinkedIn Ads,07-09-2025,CMP4356
U5834,Instagram Ads,06/19/2025,CMP3926
U4579,Email Marketing,12/25/2025,CMP6584
U5279,YouTube Ads,01-09-2025,CMP7786
U1334,Email Marketing,06/28/2025,CMP5334
U2346,Email Marketing,09/24/2025,CMP1646
U8991,Facebook Ads,08/28/2025,CMP0521
U1466,Email Marketing,02/24/2025,CMP7900
U7804,LinkedIn Ads,12-10-2025,CMP5350
U9842,Google Ads,02-03-2025,CMP8061
U4245,Email Marketing,03-01-2025,CMP6253
U5135,Facebook Ads,07/14/2025,CMP9703
U5981,YouTube Ads,12/14/2025,CMP9668
U5177,Google Ads,03/16/2025,CMP3640
U0563,Facebook Ads,11-03-2025,CMP7468
U8111,Instagram Ads,05/30/2025,CMP2023
U0862,Facebook Ads,04-02-2025,CMP5459
U7757,Google Ads,06/28/2025,CMP2609
U6452,Instagram Ads,02/19/2025,CMP4638
U2254,Email Marketing,08/15/2025,CMP0887
U1671,Facebook Ads,12/14/2025,CMP3437
U0860,Google Ads,03-02-2025,CMP2757
U3947,Email Marketing,07/23/2025,CMP2435
U1469,Email Marketing,08/26/2025,CMP2827
U8016,Instagram Ads,11/25/2025,CMP7293
U9714,YouTube Ads,04-03-2025,CMP9615
U8807,Instagram Ads,04-05-2025,CMP7106
U8831,YouTube Ads,11/30/2025,CMP9111
U7328,Facebook Ads,06-10-2025,CMP1923
U1387,Google Ads,03-05-2025,CMP2642
U8511,LinkedIn Ads,05/31/2025,CMP2812
U3439,Email Marketing,12/19/2025,CMP8036
U2199,Facebook Ads,11-05-2025,CMP0602
U4271,Email Marketing,07/15/2025,CMP2106
U8781,Instagram Ads,04/15/2025,CMP1365
U9912,Email Marketing,03/25/2025,CMP3157
U2042,LinkedIn Ads,09/30/2025,CMP7105
U2398,Email Marketing,04/26/2025,CMP5397
U9648,Google Ads,09-08-2025,CMP6204
U2798,YouTube Ads,06-12-2025,CMP4621
U9705,YouTube Ads,03-07-2025,CMP8712
U0867,Email Marketing,11/24/2025,CMP2548
U7679,LinkedIn Ads,09/15/2025,CMP9973
U5124,Instagram Ads,02/16/2025,CMP3749
U9080,Facebook Ads,09-10-2025,CMP1535
U8723,LinkedIn Ads,12/24/2025,CMP2236
U8653,Email Marketing,12/17/2025,CMP0120
U2185,Email Marketing,09/21/2025,CMP2762
U8833,Instagram Ads,03-02-2025,CMP2794
U8447,Google Ads,01/19/2025,CMP3491
U5799,Instagram Ads,02/24/2025,CMP0943
U1389,Instagram Ads,09/28/2025,CMP6588
U6133,Google Ads,06-03-2025,CMP7986
U2292,Google Ads,07-01-2025,CMP4416
U6899,Google Ads,06/19/2025,CMP3252
U8120,Email Marketing,12/16/2025,CMP7853
U0347,YouTube Ads,03-06-2025,CMP6552
U0132,Google Ads,08-11-2025,CMP3875
U4088,Facebook Ads,05/24/2025,CMP7028
U8231,Email Marketing,11-09-2025,CMP4053
U3149,Facebook Ads,03/16/2025,CMP2437
U3792,LinkedIn Ads,04/24/2025,CMP0835
U4597,Email Marketing,06/29/2025,CMP6998
U3474,Facebook Ads,05/27/2025,CMP0780
U1828,Facebook Ads,02/19/2025,CMP7060
U8665,Instagram Ads,11-06-2025,CMP2135
U1972,LinkedIn Ads,01/22/2025,CMP9574
U8956,Facebook Ads,11/13/2025,CMP3121
U6852,YouTube Ads,10-09-2025,CMP3310
U7146,Instagram Ads,02-04-2025,CMP9181
U4746,Google Ads,01/24/2025,CMP8256
U1229,Email Marketing,03/26/2025,CMP3117
U2622,LinkedIn Ads,10/20/2025,CMP6394
U4972,LinkedIn Ads,04/23/2025,CMP8402
U2428,Facebook Ads,05/23/2025,CMP2804
U9915,Facebook Ads,07-08-2025,CMP4080
U4832,Instagram Ads,06/16/2025,CMP9000
U8805,Facebook Ads,12-03-2025,CMP5825
U3378,Email Marketing,08/15/2025,CMP6259
U6040,Facebook Ads,03/17/2025,CMP6480
U4622,Facebook Ads,01-11-2025,CMP3032
U6987,Email Marketing,05-06-2025,CMP6459
U9885,Email Marketing,02/21/2025,CMP1643
U4386,Email Marketing,03/15/2025,CMP0223
U1393,Google Ads,04/14/2025,CMP0154
U0916,Facebook Ads,10-06-2025,CMP7280
U6805,Google Ads,03/14/2025,CMP0348
U6304,LinkedIn Ads,12/18/2025,CMP6999
U5855,Google Ads,02-09-2025,CMP2779
U5487,Google Ads,11-04-2025,CMP1390
U8180,YouTube Ads,12-05-2025,CMP4941
U7319,Google Ads,09-02-2025,CMP1252
U6309,Facebook Ads,06/30/2025,CMP4563
U4029,YouTube Ads,07/16/2025,CMP6783
U9519,YouTube Ads,08-04-2025,CMP8071
U0282,Email Marketing,07-05-2025,CMP3594
U4829,Google Ads,08/24/2025,CMP1805
U1921,Facebook Ads,12/23/2025,CMP6899
U1209,Instagram Ads,09-02-2025,CMP6959
U6824,Facebook Ads,03/18/2025,CMP5985
U7275,Email Marketing,11/27/2025,CMP8642
U6495,Email Marketing,08-05-2025,CMP0984
U2570,YouTube Ads,05/20/2025,CMP4228
U6428,Email Marketing,04-05-2025,CMP2051
U0896,LinkedIn Ads,07-10-2025,CMP7675
U2667,Google Ads,10-05-2025,CMP1711
U3938,Facebook Ads,05/18/2025,CMP5065
U0139,Google Ads,07-02-2025,CMP7927
U5429,Email Marketing,07/28/2025,CMP6401
U0613,Google Ads,05/29/2025,CMP2461
U2308,Email Marketing,03/24/2025,CMP1529
U7060,Instagram Ads,01/21/2025,CMP8574
U8152,YouTube Ads,02/19/2025,CMP3422
U4844,Google Ads,03/24/2025,CMP8965
U4195,Google Ads,08/15/2025,CMP1462
U6702,LinkedIn Ads,11/14/2025,CMP9319
U0700,Instagram Ads,11/14/2025,CMP5139
U9342,Google Ads,07/24/2025,CMP9189
U1788,Instagram Ads,02/13/2025,CMP1532
U5611,LinkedIn Ads,11-06-2025,CMP6504
U2385,Instagram Ads,11/24/2025,CMP1874
U0887,Google Ads,04/19/2025,CMP6231
U6637,Email Marketing,02-11-2025,CMP4130
U0881,YouTube Ads,02/17/2025,CMP6877
U2633,Facebook Ads,12/23/2025,CMP2696
U1275,Google Ads,12-08-2025,CMP6376
U5185,Google Ads,02/28/2025,CMP5186
U1597,LinkedIn Ads,01/19/2025,CMP0061
U3132,Facebook Ads,12/14/2025,CMP8948
U8178,Instagram Ads,11/29/2025,CMP0266
U7518,LinkedIn Ads,08-08-2025,CMP8888
U7168,LinkedIn Ads,11/21/2025,CMP8893
U6739,Google Ads,02/23/2025,CMP1626
U4750,Google Ads,08-04-2025,CMP8925
U7602,Google Ads,07/31/2025,CMP6244
U4334,Instagram Ads,06-07-2025,CMP0125
U8503,Google Ads,11-04-2025,CMP6793
U6445,Facebook Ads,01/27/2025,CMP7046
U2596,Email Marketing,08-12-2025,CMP6397
U4264,Google Ads,10-11-2025,CMP8262
U8908,LinkedIn Ads,02-10-2025,CMP0421
U3634,LinkedIn Ads,06-02-2025,CMP2139
U0380,Instagram Ads,11/23/2025,CMP6195
U1521,Google Ads,02-09-2025,CMP9764
U1206,LinkedIn Ads,09-07-2025,CMP3408
U4895,Instagram Ads,01-06-2025,CMP6149
U9831,Google Ads,10-07-2025,CMP0516
U8385,Facebook Ads,03/20/2025,CMP1993
U2074,Google Ads,05/18/2025,CMP3555
U7145,Email Marketing,09/20/2025,CMP5711
U9563,Email Marketing,10/28/2025,CMP3243
U5223,LinkedIn Ads,11/15/2025,CMP7993
U8379,Instagram Ads,05-10-2025,CMP9293
U7036,Instagram Ads,04-06-2025,CMP8692
U0179,Instagram Ads,06/18/2025,CMP6090
U8639,YouTube Ads,04/22/2025,CMP3812
U5207,YouTube Ads,06/13/2025,CMP1226
U2804,Google Ads,11-04-2025,CMP8170
U0077,Instagram Ads,08/25/2025,CMP0349
U1138,YouTube Ads,08/29/2025,CMP0607
U5132,Instagram Ads,09-10-2025,CMP4932
U1684,LinkedIn Ads,01/15/2025,CMP7448
U3132,Instagram Ads,07-08-2025,CMP1723
U1230,Instagram Ads,05/16/2025,CMP0861
U7549,Instagram Ads,03-03-2025,CMP6219
U8645,LinkedIn Ads,05-04-2025,CMP9571
U1357,Email Marketing,06/30/2025,CMP5275
U3482,Email Marketing,01-07-2025,CMP3374
U8645,LinkedIn Ads,09/21/2025,CMP3079
U3585,Email Marketing,07-06-2025,CMP7439
U5033,LinkedIn Ads,10/23/2025,CMP3327
U3065,Email Marketing,05/17/2025,CMP1756
U3475,Instagram Ads,03/19/2025,CMP5767
U6268,LinkedIn Ads,08-05-2025,CMP0871
U1789,Instagram Ads,12/15/2025,CMP9733
U1079,Google Ads,09/30/2025,CMP3598
U4396,LinkedIn Ads,09-11-2025,CMP6629
U3033,Email Marketing,09/15/2025,CMP4719
U7459,Facebook Ads,03/14/2025,CMP3910
U9733,Facebook Ads,06/30/2025,CMP0342
U4763,LinkedIn Ads,04/27/2025,CMP4056
U8941,Google Ads,05-12-2025,CMP1539
U9761,Instagram Ads,09-05-2025,CMP0223
U5853,Facebook Ads,09-12-2025,CMP0340
U1769,Instagram Ads,05/21/2025,CMP7057
U5427,YouTube Ads,07/20/2025,CMP7361
U2015,Facebook Ads,08-10-2025,CMP5068
U2411,Instagram Ads,08/27/2025,CMP5686
U4829,Email Marketing,01-08-2025,CMP9145
U5772,Google Ads,12-05-2025,CMP9717
U2338,YouTube Ads,04-11-2025,CMP4642
U6329,Google Ads,08-05-2025,CMP3586
U5284,YouTube Ads,10/24/2025,CMP4949
U4872,LinkedIn Ads,10/18/2025,CMP2224
U8255,Google Ads,12/17/2025,CMP7159
U0433,LinkedIn Ads,08-04-2025,CMP7644
U8901,Facebook Ads,10/17/2025,CMP4955
U7541,LinkedIn Ads,01/28/2025,CMP2064
U7889,Instagram Ads,12/20/2025,CMP1754
U3360,Email Marketing,09/22/2025,CMP9579
U0106,Facebook Ads,09-06-2025,CMP2235
U4051,Facebook Ads,04/15/2025,CMP0001
U3016,LinkedIn Ads,05-01-2025,CMP7272
U0355,Email Marketing,04-05-2025,CMP7195
U4752,YouTube Ads,05/29/2025,CMP2798
U7602,Email Marketing,08-02-2025,CMP6019
U7283,YouTube Ads,01/22/2025,CMP1969
U3454,Instagram Ads,06/28/2025,CMP7510
U5559,Email Marketing,08/24/2025,CMP2859
U9927,LinkedIn Ads,12-04-2025,CMP4964
U5704,Instagram Ads,10/27/2025,CMP8609
U8183,Email Marketing,12/14/2025,CMP0484
U1055,Google Ads,02-01-2025,CMP3877
U2852,LinkedIn Ads,06/14/2025,CMP1195
U4688,YouTube Ads,04/26/2025,CMP9401
U1577,Facebook Ads,04/15/2025,CMP8660
U3037,LinkedIn Ads,12/16/2025,CMP5892
U5769,Facebook Ads,07-02-2025,CMP8130
U9325,LinkedIn Ads,02-10-2025,CMP1101
U0370,LinkedIn Ads,04/25/2025,CMP1933
U3956,Google Ads,09/23/2025,CMP5864
U0492,YouTube Ads,01/17/2025,CMP0929
U1022,Facebook Ads,05-01-2025,CMP0974
U9801,Email Marketing,11-10-2025,CMP9995
U8317,Instagram Ads,04/26/2025,CMP2122
U8753,Google Ads,11-08-2025,CMP3732
U2052,LinkedIn Ads,08-09-2025,CMP9053
U7153,Google Ads,01/30/2025,CMP7176
U4095,LinkedIn Ads,01/30/2025,CMP3722
U4791,Google Ads,03-08-2025,CMP4631
U5849,Google Ads,04/23/2025,CMP1259
U5225,Instagram Ads,12/24/2025,CMP9035
U2247,Email Marketing,09/24/2025,CMP6732
U7214,Instagram Ads,11/29/2025,CMP2012
U0979,Instagram Ads,05/23/2025,CMP0554
U3022,LinkedIn Ads,12-04-2025,CMP6269
U4302,YouTube Ads,10/30/2025,CMP0513
U6359,LinkedIn Ads,12/14/2025,CMP7112
U4262,LinkedIn Ads,03/25/2025,CMP7595
U1402,Facebook Ads,05-08-2025,CMP3904
U9962,YouTube Ads,01-07-2025,CMP0633
U7643,Facebook Ads,01/19/2025,CMP4334
U9035,LinkedIn Ads,06-10-2025,CMP3570
U2407,Instagram Ads,11/13/2025,CMP4525
U5200,Facebook Ads,01/22/2025,CMP0631
U8855,Instagram Ads,01/23/2025,CMP4245
U5338,LinkedIn Ads,10/20/2025,CMP8306
U9945,Email Marketing,07-04-2025,CMP1170
U4766,Instagram Ads,03/18/2025,CMP7712
U5637,YouTube Ads,04/21/2025,CMP5130
U9264,LinkedIn Ads,09/15/2025,CMP2459
U9947,Email Marketing,08/30/2025,CMP8831
U3983,Facebook Ads,07-05-2025,CMP4411
U9183,LinkedIn Ads,09/16/2025,CMP3950
U8809,Facebook Ads,05-06-2025,CMP9916
U6693,Instagram Ads,08-04-2025,CMP9922
U4316,Facebook Ads,10-11-2025,CMP3246
U2169,Google Ads,09/21/2025,CMP2071
U1951,Facebook Ads,06/22/2025,CMP5806
U7369,Google Ads,08-12-2025,CMP0742
U1373,Email Marketing,03/19/2025,CMP3006
U4577,LinkedIn Ads,02/19/2025,CMP7431
U4674,YouTube Ads,06/15/2025,CMP9243
U9424,Google Ads,11-12-2025,CMP2347
U4727,Instagram Ads,05/13/2025,CMP1943
U2767,Facebook Ads,01/15/2025,CMP4566
U6055,YouTube Ads,04/15/2025,CMP8845
U1966,Facebook Ads,08/16/2025,CMP8535
U3645,Instagram Ads,02-08-2025,CMP2242
U5158,Email Marketing,01/20/2025,CMP7430
U0584,Instagram Ads,11/21/2025,CMP8541
U7939,Facebook Ads,04-06-2025,CMP6164
U8040,YouTube Ads,10/13/2025,CMP1454
U3846,Email Marketing,11/23/2025,CMP6852
U6426,Instagram Ads,11-03-2025,CMP2951
U4054,Google Ads,12-06-2025,CMP3587
U2099,Email Marketing,09-05-2025,CMP5225
U0997,Instagram Ads,10/15/2025,CMP0475
U4397,LinkedIn Ads,09-06-2025,CMP6413
U8783,Instagram Ads,04/16/2025,CMP0748
U6213,Facebook Ads,02/16/2025,CMP5402
U8774,Google Ads,04-12-2025,CMP9059
U9060,Instagram Ads,05-08-2025,CMP3758
U2572,Google Ads,05/25/2025,CMP8628
U6566,Google Ads,03-09-2025,CMP4052
U0331,Google Ads,01-08-2025,CMP1254
U9924,Google Ads,06-09-2025,CMP2488
U9441,Instagram Ads,08/30/2025,CMP4951
U8737,YouTube Ads,09/17/2025,CMP6658
U9468,Instagram Ads,01/13/2025,CMP6450
U1371,YouTube Ads,02/18/2025,CMP7812
U7759,YouTube Ads,09/25/2025,CMP8026
U2468,LinkedIn Ads,01/19/2025,CMP0966
U8939,Instagram Ads,09/13/2025,CMP0092
U1722,YouTube Ads,08-06-2025,CMP7914
U7170,Facebook Ads,02/28/2025,CMP0224
U6544,LinkedIn Ads,01-05-2025,CMP8595
U2319,YouTube Ads,05/29/2025,CMP4442
U5410,YouTube Ads,03-11-2025,CMP6083
U0092,Instagram Ads,06-09-2025,CMP0161
U9740,LinkedIn Ads,03/22/2025,CMP8811
U4657,Instagram Ads,08-07-2025,CMP3704
U1270,Instagram Ads,10/31/2025,CMP6608
U9623,Instagram Ads,11/27/2025,CMP2922
U7757,YouTube Ads,04/18/2025,CMP9703
U5298,YouTube Ads,02-09-2025,CMP1497
U3945,Email Marketing,10/14/2025,CMP6970
U3505,Instagram Ads,03/27/2025,CMP7774
U1971,YouTube Ads,10/13/2025,CMP7164
U9172,LinkedIn Ads,04-08-2025,CMP5992
U9605,Facebook Ads,06-08-2025,CMP0175
U4505,YouTube Ads,11/25/2025,CMP4158
U7714,Instagram Ads,11-08-2025,CMP4146
U2899,Google Ads,03-09-2025,CMP8939
U4547,LinkedIn Ads,04-10-2025,CMP0919
U6606,Email Marketing,08-02-2025,CMP5186
U0730,Facebook Ads,05/22/2025,CMP8217
U5746,Email Marketing,03-02-2025,CMP2834
U2991,YouTube Ads,02/14/2025,CMP1411
U1332,Facebook Ads,05-07-2025,CMP0330
U4704,Email Marketing,04-02-2025,CMP3131
U4250,Facebook Ads,12/24/2025,CMP3703
U2794,Instagram Ads,01/19/2025,CMP9482
U4730,Email Marketing,04/17/2025,CMP3452
U7663,Google Ads,05/14/2025,CMP4407
U9237,LinkedIn Ads,07/13/2025,CMP3055
U5484,Email Marketing,06/22/2025,CMP1714
U7193,Instagram Ads,11-12-2025,CMP5866
U5536,LinkedIn Ads,09-05-2025,CMP6543
U9462,YouTube Ads,07/25/2025,CMP3839
U2287,YouTube Ads,03-08-2025,CMP4925
U2709,Instagram Ads,08/24/2025,CMP1482
U7153,Instagram Ads,02/16/2025,CMP2820
U9009,Google Ads,12/18/2025,CMP6132
U6351,LinkedIn Ads,03-07-2025,CMP6166
U1175,Instagram Ads,06/27/2025,CMP5360
U5936,Facebook Ads,06/24/2025,CMP0441
U0725,Google Ads,04/19/2025,CMP6524
U7876,LinkedIn Ads,01/18/2025,CMP2948
U6627,Google Ads,01-07-2025,CMP8477
U6582,Email Marketing,08-05-2025,CMP6292
U5490,YouTube Ads,10-01-2025,CMP1900
U9670,LinkedIn Ads,05/13/2025,CMP8712
U8022,LinkedIn Ads,08/24/2025,CMP7455
U8893,Instagram Ads,05/17/2025,CMP6051
U5854,Instagram Ads,01/19/2025,CMP7320
U8085,YouTube Ads,08-09-2025,CMP1378
U5351,Email Marketing,07-10-2025,CMP4000
U4948,LinkedIn Ads,08-05-2025,CMP1657
U1908,Email Marketing,04-09-2025,CMP4209
U9394,YouTube Ads,08/31/2025,CMP8423
U2970,Instagram Ads,12/14/2025,CMP3043
U9816,LinkedIn Ads,11/22/2025,CMP0307
U9984,Facebook Ads,08/24/2025,CMP5319
U5238,LinkedIn Ads,06/27/2025,CMP8872
U4190,Facebook Ads,07/26/2025,CMP8176
U3401,Email Marketing,09/29/2025,CMP1288
U2732,Email Marketing,11/16/2025,CMP7398
U6149,Instagram Ads,10-03-2025,CMP0384
U9352,Google Ads,05/29/2025,CMP2024
U9819,YouTube Ads,05/23/2025,CMP6572
U8108,YouTube Ads,08/26/2025,CMP5207
U7603,LinkedIn Ads,12-02-2025,CMP2911
U0476,Email Marketing,11/13/2025,CMP9506
U5326,YouTube Ads,11-09-2025,CMP1320
U6379,Instagram Ads,10-10-2025,CMP1491
U3274,LinkedIn Ads,06/15/2025,CMP2645
U7269,YouTube Ads,05-04-2025,CMP3392
U0113,Instagram Ads,01/17/2025,CMP9897
U1983,LinkedIn Ads,11-07-2025,CMP7704
U5954,Email Marketing,07/24/2025,CMP7878
U9500,LinkedIn Ads,02/27/2025,CMP7210
U1592,Facebook Ads,06/18/2025,CMP5568
U5418,Facebook Ads,08/19/2025,CMP8054
U9234,Facebook Ads,07-05-2025,CMP0586
U4832,YouTube Ads,03/21/2025,CMP2594
U3468,Instagram Ads,10/26/2025,CMP9953
U6650,Email Marketing,09-02-2025,CMP5967
U7951,YouTube Ads,11/28/2025,CMP2554
U3383,LinkedIn Ads,04/25/2025,CMP7930
U0200,Email Marketing,09/26/2025,CMP1960
U1101,LinkedIn Ads,05/19/2025,CMP0539
U4196,Google Ads,04-04-2025,CMP1302
U4355,Email Marketing,10-10-2025,CMP3742
U3997,Facebook Ads,10/27/2025,CMP1044
U7241,Instagram Ads,02-12-2025,CMP0837
U7042,YouTube Ads,02/27/2025,CMP3523
U6672,YouTube Ads,11-04-2025,CMP3192
U4329,LinkedIn Ads,09/30/2025,CMP8312
U7989,Instagram Ads,01-04-2025,CMP8243
U4992,Facebook Ads,02/18/2025,CMP8123
U8222,Facebook Ads,06-06-2025,CMP2993
U2563,YouTube Ads,04-09-2025,CMP4917
U9753,Email Marketing,08-02-2025,CMP9997
U5167,Instagram Ads,08/19/2025,CMP7733
U2293,Google Ads,08/22/2025,CMP6835
U0388,Email Marketing,06/14/2025,CMP3418
U4489,Email Marketing,02/24/2025,CMP9175
U6391,Email Marketing,12/19/2025,CMP7860
U4523,LinkedIn Ads,10-03-2025,CMP9603
U2487,Facebook Ads,03/19/2025,CMP7731
U4272,LinkedIn Ads,10/13/2025,CMP1442
U7305,Google Ads,04/20/2025,CMP2302
U2299,Instagram Ads,03-03-2025,CMP5935
U6120,Google Ads,01-09-2025,CMP7969
U1100,Instagram Ads,02-08-2025,CMP8262
U9404,YouTube Ads,08/28/2025,CMP1841
U5414,Email Marketing,02-07-2025,CMP1198
U9417,Email Marketing,05/31/2025,CMP8647
U9575,Facebook Ads,12-12-2025,CMP0140
U3378,YouTube Ads,06-07-2025,CMP3283
U5167,Facebook Ads,04/28/2025,CMP0647
U2250,Instagram Ads,08/14/2025,CMP6952
U7186,Email Marketing,07/24/2025,CMP7274
U1994,Google Ads,03/25/2025,CMP2043
U8306,Instagram Ads,07-04-2025,CMP9910
U1640,Google Ads,07-01-2025,CMP7487
U7723,Facebook Ads,01-09-2025,CMP4927
U8498,Facebook Ads,03/21/2025,CMP0744
U6798,YouTube Ads,03/22/2025,CMP1003
U2661,Email Marketing,01/16/2025,CMP2481
U5433,Instagram Ads,01/15/2025,CMP6115
U2782,Google Ads,03/22/2025,CMP6680
U6801,LinkedIn Ads,10-02-2025,CMP1510
U2101,Instagram Ads,06/15/2025,CMP0012
U3216,LinkedIn Ads,03-06-2025,CMP1580
U4626,Facebook Ads,11-11-2025,CMP2337
U8469,Instagram Ads,10/23/2025,CMP4934
U6309,Instagram Ads,11/20/2025,CMP6915
U2653,Facebook Ads,07/23/2025,CMP0235
U7426,Facebook Ads,11/15/2025,CMP5635
U4183,Email Marketing,06/24/2025,CMP4577
U6989,Email Marketing,11/25/2025,CMP1582
U5696,Google Ads,06-07-2025,CMP7495
U3193,YouTube Ads,03/14/2025,CMP1360
U8603,YouTube Ads,01/25/2025,CMP5799
U3708,Facebook Ads,03/19/2025,CMP8698
U6902,Google Ads,09-01-2025,CMP4562
U5106,Google Ads,04/17/2025,CMP4916
U3973,LinkedIn Ads,07/20/2025,CMP0971
U2301,Facebook Ads,07/25/2025,CMP3169
U0177,Facebook Ads,11/23/2025,CMP2488
U8868,LinkedIn Ads,11-09-2025,CMP9805
U1849,Instagram Ads,11/17/2025,CMP5594
U9815,Instagram Ads,07-05-2025,CMP7984
U4520,LinkedIn Ads,05-09-2025,CMP7086
U3978,Instagram Ads,10/27/2025,CMP4117
U6158,Google Ads,11-07-2025,CMP4355
U1616,YouTube Ads,10/22/2025,CMP0690
U5691,YouTube Ads,11/28/2025,CMP5910
U0421,Google Ads,04/21/2025,CMP8565
U7482,Google Ads,05-10-2025,CMP5390
U4312,Instagram Ads,03/24/2025,CMP4075
U8190,Email Marketing,02/15/2025,CMP5274
U6653,Instagram Ads,06-10-2025,CMP3729
U5522,Facebook Ads,08/13/2025,CMP6271
U9183,Google Ads,06-01-2025,CMP5289
U6630,Facebook Ads,05/15/2025,CMP1245
U9341,Facebook Ads,02-12-2025,CMP6501
U3588,YouTube Ads,05-06-2025,CMP4029
U7918,Google Ads,08/13/2025,CMP2382
U9429,LinkedIn Ads,07/18/2025,CMP3150
U5246,LinkedIn Ads,10-04-2025,CMP4319
U1584,Email Marketing,09/17/2025,CMP5271
U9078,Facebook Ads,04/25/2025,CMP9898
U2808,YouTube Ads,01-12-2025,CMP7541
U1072,LinkedIn Ads,05/22/2025,CMP5696
U6493,Email Marketing,04/21/2025,CMP0452
U6671,Instagram Ads,03/15/2025,CMP4992
U1961,YouTube Ads,02-06-2025,CMP0112
U2970,Email Marketing,01/16/2025,CMP2642
U6348,Google Ads,07/28/2025,CMP5437
U7052,Facebook Ads,05-10-2025,CMP5625
U8584,Facebook Ads,05-12-2025,CMP3287
U0207,Email Marketing,01-03-2025,CMP0970
U8163,YouTube Ads,04-04-2025,CMP9308
U2909,YouTube Ads,09/17/2025,CMP2535
U1766,YouTube Ads,06/28/2025,CMP0636
U5528,LinkedIn Ads,08/21/2025,CMP1634
U2317,Google Ads,05-03-2025,CMP7339
U1619,Google Ads,09/24/2025,CMP5871
U8952,YouTube Ads,11/26/2025,CMP8640
U1350,Instagram Ads,09-09-2025,CMP3245
U0904,YouTube Ads,09/28/2025,CMP7932
U0786,Email Marketing,10-01-2025,CMP9626
U7108,Instagram Ads,09/18/2025,CMP3085
U5248,Facebook Ads,02-07-2025,CMP0733
U4759,Google Ads,01-03-2025,CMP0256
U0734,Facebook Ads,03/21/2025,CMP5420
U4467,LinkedIn Ads,07/29/2025,CMP4231
U6480,Instagram Ads,01/22/2025,CMP6179
U1090,Google Ads,04-04-2025,CMP3654
U4665,Email Marketing,10/19/2025,CMP4203
U8491,Google Ads,01/19/2025,CMP3312
U3961,LinkedIn Ads,08-12-2025,CMP0624
U3448,YouTube Ads,06-12-2025,CMP7243
U0925,Instagram Ads,07/20/2025,CMP5593
U0415,Facebook Ads,08/14/2025,CMP1043
U0930,YouTube Ads,02/27/2025,CMP4716
U6069,YouTube Ads,01/20/2025,CMP0287
U9289,LinkedIn Ads,03-03-2025,CMP0097
U9364,Google Ads,11/27/2025,CMP8939
U5655,Email Marketing,11/22/2025,CMP7368
U2857,YouTube Ads,07/18/2025,CMP7442
U8872,LinkedIn Ads,04/27/2025,CMP0344
U7273,LinkedIn Ads,07/18/2025,CMP3410
U3129,Facebook Ads,10/19/2025,CMP6536
U6141,LinkedIn Ads,11/26/2025,CMP5955
U6753,YouTube Ads,01/27/2025,CMP1781
U0391,Email Marketing,12/22/2025,CMP2568
U3241,Email Marketing,03/19/2025,CMP4479
U1405,LinkedIn Ads,01-11-2025,CMP2140
U3490,Google Ads,06-07-2025,CMP5432
U4969,LinkedIn Ads,02/21/2025,CMP9560
U2594,LinkedIn Ads,10/15/2025,CMP2675
U0646,Google Ads,03-11-2025,CMP4087
U9371,YouTube Ads,04-04-2025,CMP0327
U2904,Instagram Ads,03-11-2025,CMP9287
U4790,Google Ads,12/31/2025,CMP2450
U4141,Google Ads,04-09-2025,CMP8106
U5024,LinkedIn Ads,05/15/2025,CMP0385
U0175,Email Marketing,10/21/2025,CMP7506
U6147,LinkedIn Ads,06/21/2025,CMP7703
U4286,LinkedIn Ads,10-10-2025,CMP6956
U0377,Email Marketing,03-07-2025,CMP7371
U1236,Facebook Ads,01-05-2025,CMP1065
U5422,Facebook Ads,12-07-2025,CMP1154
U0063,Facebook Ads,08-10-2025,CMP2273
U8116,LinkedIn Ads,11-06-2025,CMP1302
U2882,Google Ads,04-12-2025,CMP9697
U3065,Email Marketing,06/14/2025,CMP3103
U3576,Instagram Ads,08-07-2025,CMP9705
U1060,Google Ads,02-01-2025,CMP8693
U0197,YouTube Ads,12-12-2025,CMP0990
U7386,Email Marketing,07-03-2025,CMP5923
U0700,LinkedIn Ads,12/20/2025,CMP4920
U6318,LinkedIn Ads,08-03-2025,CMP5315
U2831,Email Marketing,03/19/2025,CMP6250
U8149,LinkedIn Ads,07/20/2025,CMP6411
U7092,Instagram Ads,08-11-2025,CMP9001
U4741,Google Ads,03/14/2025,CMP5790
U2599,LinkedIn Ads,06/23/2025,CMP3546
U2100,YouTube Ads,07-09-2025,CMP1997
U3825,LinkedIn Ads,06-10-2025,CMP6063
U5273,YouTube Ads,11/20/2025,CMP4597
U5136,Facebook Ads,09/19/2025,CMP9985
U1097,Google Ads,08/19/2025,CMP5270
U7762,Email Marketing,05-07-2025,CMP4526
U5148,YouTube Ads,11-06-2025,CMP7907
U3194,YouTube Ads,09/26/2025,CMP3084
U4852,Email Marketing,01/13/2025,CMP6931
U9098,Instagram Ads,03/22/2025,CMP1290
U4666,LinkedIn Ads,03/25/2025,CMP4482
U6145,Google Ads,10-09-2025,CMP2031
U9268,Facebook Ads,10/19/2025,CMP6481
U1676,LinkedIn Ads,09/25/2025,CMP2161
U8069,Instagram Ads,07/25/2025,CMP5904
U2607,Email Marketing,03-01-2025,CMP6488
U7843,Google Ads,01/22/2025,CMP9138
U6485,Facebook Ads,01-10-2025,CMP2501
U3422,YouTube Ads,04/28/2025,CMP6799
U6508,YouTube Ads,04/19/2025,CMP1321
U3303,Instagram Ads,11-08-2025,CMP4611
U7300,LinkedIn Ads,11-05-2025,CMP4266
U3369,Facebook Ads,04/13/2025,CMP3353
U3766,YouTube Ads,10/18/2025,CMP3512
U5364,Facebook Ads,08/23/2025,CMP0203
U4072,LinkedIn Ads,02-09-2025,CMP8056
U4972,YouTube Ads,08/16/2025,CMP0512
U6109,Google Ads,02-08-2025,CMP1594
U1972,Google Ads,11/22/2025,CMP0574
U7459,Facebook Ads,10/24/2025,CMP7808
U1068,LinkedIn Ads,07/23/2025,CMP9228
U0722,LinkedIn Ads,12-03-2025,CMP7086
U4456,Email Marketing,04-07-2025,CMP4614
U3794,YouTube Ads,01/25/2025,CMP0723
U9028,LinkedIn Ads,10-04-2025,CMP7476
U4792,Facebook Ads,03/17/2025,CMP6669
U2256,LinkedIn Ads,06/20/2025,CMP8885
U2377,Email Marketing,11-03-2025,CMP8835
U6494,YouTube Ads,02-11-2025,CMP2613
U9019,Google Ads,12-07-2025,CMP8913
U8986,LinkedIn Ads,07/22/2025,CMP5487
U7433,Instagram Ads,03/21/2025,CMP9454
U5023,YouTube Ads,05-04-2025,CMP0010
U3393,Facebook Ads,04-06-2025,CMP1583
U4919,LinkedIn Ads,06/25/2025,CMP1949
U8192,LinkedIn Ads,06/13/2025,CMP9662
U5752,YouTube Ads,12/17/2025,CMP6288
U4021,Google Ads,11/20/2025,CMP7987
U7393,YouTube Ads,04/21/2025,CMP3955
U1133,YouTube Ads,09/15/2025,CMP2104
U8467,YouTube Ads,09-09-2025,CMP6360
U2537,Google Ads,02-09-2025,CMP2667
U4953,Email Marketing,04-04-2025,CMP6346
U1664,Facebook Ads,03/26/2025,CMP8084
U7045,YouTube Ads,01-11-2025,CMP9916
U9131,Google Ads,12/26/2025,CMP8905
U1983,LinkedIn Ads,01/13/2025,CMP5860
U1095,LinkedIn Ads,12-03-2025,CMP3220
U6402,Facebook Ads,01-06-2025,CMP0652
U4970,YouTube Ads,03-12-2025,CMP1848
U1623,Facebook Ads,03/30/2025,CMP3499
U1115,Facebook Ads,09-02-2025,CMP1162
U0978,Email Marketing,08-10-2025,CMP6775
U3682,Facebook Ads,03-07-2025,CMP0454
U4713,Email Marketing,09-12-2025,CMP6661
U6055,YouTube Ads,05/23/2025,CMP1087
U7700,Instagram Ads,09/19/2025,CMP5595
U9405,Email Marketing,03-12-2025,CMP9660
U4395,YouTube Ads,05/19/2025,CMP5611
U3144,Facebook Ads,06/21/2025,CMP5312
U4834,LinkedIn Ads,04-08-2025,CMP9794
U1921,Instagram Ads,05/30/2025,CMP9059
U7936,Facebook Ads,05/19/2025,CMP5528
U9023,YouTube Ads,07/21/2025,CMP4174
U8375,LinkedIn Ads,10/18/2025,CMP4175
U1957,YouTube Ads,03/13/2025,CMP8021
U4398,Google Ads,03-07-2025,CMP0893
U4542,Google Ads,05/26/2025,CMP3357
U2486,YouTube Ads,01-12-2025,CMP9891
U1494,LinkedIn Ads,10/20/2025,CMP2816
U3966,Google Ads,08/24/2025,CMP7967
U7131,Instagram Ads,10/24/2025,CMP3611
U2464,Google Ads,07/16/2025,CMP3805
U5609,Facebook Ads,06/14/2025,CMP4452
U9847,YouTube Ads,12/24/2025,CMP7245
U4763,Facebook Ads,04/29/2025,CMP3394
U7410,Email Marketing,01-12-2025,CMP0398
U7166,LinkedIn Ads,05-11-2025,CMP0336
U8474,LinkedIn Ads,11-03-2025,CMP4258
U2602,Instagram Ads,02/17/2025,CMP6250
U7142,YouTube Ads,05/23/2025,CMP1299
U2883,Google Ads,05/28/2025,CMP8529
U1104,Facebook Ads,02/21/2025,CMP2752
U2503,LinkedIn Ads,10-01-2025,CMP2034
U0932,Instagram Ads,07/21/2025,CMP2815
U7577,Facebook Ads,05-06-2025,CMP2168
U2227,Facebook Ads,01-01-2025,CMP4067
U7646,YouTube Ads,11/28/2025,CMP6472
U2069,Instagram Ads,01/19/2025,CMP6639
U4908,Google Ads,07-11-2025,CMP4890
U9674,Facebook Ads,03/13/2025,CMP0263
U7641,Google Ads,12/31/2025,CMP2332
U1660,LinkedIn Ads,06-01-2025,CMP2137
U8398,Email Marketing,10-10-2025,CMP6334
U2719,Google Ads,01-06-2025,CMP7856
U6083,Google Ads,01/13/2025,CMP4418
U8471,Instagram Ads,10/27/2025,CMP7542
U8290,YouTube Ads,02-04-2025,CMP7101
U1527,Email Marketing,11-12-2025,CMP7207
U3173,Instagram Ads,08-02-2025,CMP0722
U7908,Google Ads,02-03-2025,CMP3451
U6097,Google Ads,08/29/2025,CMP8086
U9663,Email Marketing,09/24/2025,CMP5417
U8337,Facebook Ads,06-03-2025,CMP4019
U3664,Instagram Ads,04/23/2025,CMP9695
U6870,Email Marketing,10/18/2025,CMP1616
U7138,Email Marketing,07/27/2025,CMP7884
U6494,Instagram Ads,10/29/2025,CMP5469
U9798,Facebook Ads,06/17/2025,CMP4694
U8072,Google Ads,02/17/2025,CMP1346
U5854,LinkedIn Ads,12-08-2025,CMP0035
U0648,Instagram Ads,11-11-2025,CMP5076
U8620,LinkedIn Ads,02-06-2025,CMP2785
U3667,Instagram Ads,12/19/2025,CMP9932
U5021,Email Marketing,05/31/2025,CMP2668
U2437,Instagram Ads,12/27/2025,CMP3853
U4629,Facebook Ads,06/20/2025,CMP1929
U9046,LinkedIn Ads,10/28/2025,CMP7891
U5654,Email Marketing,02-03-2025,CMP7754
U5302,LinkedIn Ads,08/19/2025,CMP4132
U4106,Email Marketing,08-01-2025,CMP6920
U4553,Google Ads,04/14/2025,CMP2428
U5525,Email Marketing,01-02-2025,CMP0152
U4481,Facebook Ads,09/29/2025,CMP3305
U8965,LinkedIn Ads,05/29/2025,CMP3223
U7775,Google Ads,08-02-2025,CMP5450
U0635,Instagram Ads,04/28/2025,CMP3784
U3916,Google Ads,07/23/2025,CMP4348
U5017,YouTube Ads,11-04-2025,CMP4484
U6374,YouTube Ads,10/15/2025,CMP3497
U4024,Google Ads,09-03-2025,CMP3282
U2652,Facebook Ads,08-07-2025,CMP4231
U1249,Instagram Ads,03/21/2025,CMP4732
U5531,Google Ads,03-04-2025,CMP3925
U1365,YouTube Ads,07-02-2025,CMP7624
U1416,YouTube Ads,02-02-2025,CMP3102
U5574,Facebook Ads,07/19/2025,CMP8763
U9607,Facebook Ads,12/24/2025,CMP6594
U3263,YouTube Ads,01/22/2025,CMP8100
U0122,Google Ads,06-11-2025,CMP5824
U7757,YouTube Ads,09-11-2025,CMP9743
U6974,YouTube Ads,05/31/2025,CMP1963
U2508,Email Marketing,05/24/2025,CMP4919
U6667,Instagram Ads,01-12-2025,CMP8700
U5940,Facebook Ads,02/28/2025,CMP1525
U3794,Facebook Ads,01/26/2025,CMP2028
U8947,Google Ads,06-02-2025,CMP8869
U4409,Google Ads,01/27/2025,CMP6614
U6652,Google Ads,10-05-2025,CMP9639
U9323,Facebook Ads,12/25/2025,CMP9195
U8351,Email Marketing,05-03-2025,CMP3579
U0973,YouTube Ads,08-09-2025,CMP4478
U6743,Instagram Ads,10/24/2025,CMP8648
U0024,Email Marketing,02/28/2025,CMP2043
U4077,YouTube Ads,03-09-2025,CMP2101
U4531,Email Marketing,02/27/2025,CMP0763
U7325,Email Marketing,03/15/2025,CMP1815
U4507,Instagram Ads,08/16/2025,CMP6042
U3978,LinkedIn Ads,09-08-2025,CMP3388
U7517,LinkedIn Ads,09/26/2025,CMP0051
U7754,Facebook Ads,09/29/2025,CMP4706
U4418,LinkedIn Ads,03/24/2025,CMP3676
U8351,Facebook Ads,11/25/2025,CMP0281
U8463,Instagram Ads,06-08-2025,CMP8553
U9109,Facebook Ads,11-11-2025,CMP1756
U5364,Email Marketing,12/20/2025,CMP2998
U4116,Facebook Ads,12/23/2025,CMP7882
U3216,YouTube Ads,05-06-2025,CMP9857
U9215,Facebook Ads,01-09-2025,CMP7724
U8766,Facebook Ads,02-07-2025,CMP2245
U6077,Email Marketing,02/19/2025,CMP7230
U3426,Google Ads,02/17/2025,CMP6704
U0724,Instagram Ads,09-01-2025,CMP1533
U1454,LinkedIn Ads,09/15/2025,CMP0105
U9115,LinkedIn Ads,12/23/2025,CMP0002
U3838,Google Ads,01/24/2025,CMP9367
U3697,Facebook Ads,11/13/2025,CMP3239
U2522,Instagram Ads,12/19/2025,CMP3346
U6888,Google Ads,02/25/2025,CMP6195
U4361,LinkedIn Ads,09/24/2025,CMP2519
U8731,YouTube Ads,12-05-2025,CMP9695
U3509,YouTube Ads,01-11-2025,CMP2821
U2078,LinkedIn Ads,01/28/2025,CMP8773
U2216,YouTube Ads,01/28/2025,CMP1855
U1216,Facebook Ads,05-04-2025,CMP2072
U2922,Google Ads,01/23/2025,CMP8808
U7248,Facebook Ads,02-06-2025,CMP2290
U0491,LinkedIn Ads,01/17/2025,CMP5274
U9599,Email Marketing,02-11-2025,CMP0397
U9911,LinkedIn Ads,01/14/2025,CMP1610
U4750,Email Marketing,05/30/2025,CMP6211
U8557,YouTube Ads,02-09-2025,CMP2424
U8310,YouTube Ads,08-11-2025,CMP8216
U5595,Email Marketing,02/15/2025,CMP0046
U2446,LinkedIn Ads,05/18/2025,CMP2457
U0687,Instagram Ads,10-10-2025,CMP0803
U9147,Facebook Ads,08/24/2025,CMP6664
U2006,Facebook Ads,07/20/2025,CMP8616
U2908,YouTube Ads,10-08-2025,CMP9107
U6549,Facebook Ads,05/18/2025,CMP8449
U9363,YouTube Ads,11/27/2025,CMP6555
U6034,Facebook Ads,09/28/2025,CMP4876
U6388,Google Ads,03/22/2025,CMP4127
U5570,Facebook Ads,10-06-2025,CMP0694
U4585,Email Marketing,05/29/2025,CMP0382
U9111,Google Ads,12/24/2025,CMP8278
U1009,Email Marketing,12-11-2025,CMP5433
U5818,Instagram Ads,04-10-2025,CMP0943
U1476,LinkedIn Ads,02/18/2025,CMP2002
U9721,YouTube Ads,02/16/2025,CMP2028
U6663,LinkedIn Ads,01/18/2025,CMP2208
U6672,LinkedIn Ads,10-10-2025,CMP8273
U9603,Facebook Ads,02/24/2025,CMP0175
U5470,YouTube Ads,08/30/2025,CMP2096
U3502,YouTube Ads,07/20/2025,CMP4648
U9422,Google Ads,05/27/2025,CMP0950
U2283,YouTube Ads,07/28/2025,CMP6505
U7394,YouTube Ads,05/21/2025,CMP3533
U6673,Google Ads,01/22/2025,CMP4181
U8509,Facebook Ads,12/22/2025,CMP5530
U5920,Google Ads,07/19/2025,CMP0295
U1638,LinkedIn Ads,03/31/2025,CMP0447
U1783,LinkedIn Ads,09-06-2025,CMP0853
U4322,Email Marketing,05/29/2025,CMP9198
U4890,Google Ads,05-02-2025,CMP9086
U6133,Facebook Ads,11-11-2025,CMP8661
U8314,LinkedIn Ads,07-08-2025,CMP6072
U4182,Instagram Ads,10/26/2025,CMP4741
U6159,YouTube Ads,12-03-2025,CMP9385
U4843,Email Marketing,03/16/2025,CMP9836
U0349,Facebook Ads,09/14/2025,CMP9319
U4824,Facebook Ads,03/14/2025,CMP3186
U2540,LinkedIn Ads,07/23/2025,CMP0898
U9203,Email Marketing,04/27/2025,CMP0501
U2270,Instagram Ads,12-03-2025,CMP9870
U2335,Google Ads,12/22/2025,CMP4665
U2403,Facebook Ads,08-11-2025,CMP8999
U3550,YouTube Ads,01-08-2025,CMP6266
U4128,Facebook Ads,04-09-2025,CMP2388
U0483,Instagram Ads,03/26/2025,CMP9628
U1026,LinkedIn Ads,01/29/2025,CMP8420
U5487,Facebook Ads,01/14/2025,CMP8256
U0891,Google Ads,08/21/2025,CMP4576
U2354,Facebook Ads,01/26/2025,CMP8550
U6402,Google Ads,03/25/2025,CMP4426
U2248,Email Marketing,06/26/2025,CMP2290
U2638,Email Marketing,10/17/2025,CMP8063
U1101,Google Ads,04-10-2025,CMP4318
U1782,Instagram Ads,08/28/2025,CMP2174
U0008,Facebook Ads,07/14/2025,CMP3358
U9396,Email Marketing,06/26/2025,CMP8410
U0806,Email Marketing,03/28/2025,CMP1218
U7065,Instagram Ads,05/22/2025,CMP6482
U7590,Google Ads,09/13/2025,CMP4099
U8786,Google Ads,04-04-2025,CMP1232
U9937,Facebook Ads,08/13/2025,CMP6880
U8905,YouTube Ads,12/15/2025,CMP3796
U9644,LinkedIn Ads,10-06-2025,CMP9379
U3866,LinkedIn Ads,07/27/2025,CMP1950
U2801,Instagram Ads,04-03-2025,CMP0254
U8833,Google Ads,08/18/2025,CMP2609
U1192,Email Marketing,10/20/2025,CMP2464
U4400,Google Ads,05-01-2025,CMP9735
U5422,Google Ads,01/18/2025,CMP8958
U2130,LinkedIn Ads,06-02-2025,CMP8885
U5682,YouTube Ads,08/20/2025,CMP8392
U3855,Email Marketing,10-06-2025,CMP0587
U4504,Email Marketing,07/14/2025,CMP8836
U2457,LinkedIn Ads,11/16/2025,CMP7560
U0626,Facebook Ads,11/26/2025,CMP2522
U0850,Email Marketing,12/23/2025,CMP6531
U9326,LinkedIn Ads,01/20/2025,CMP5905
U4116,Facebook Ads,04-04-2025,CMP8877
U2181,Facebook Ads,12/16/2025,CMP3214
U1690,Facebook Ads,06/24/2025,CMP6413
U2915,Facebook Ads,06/25/2025,CMP5372
U9961,YouTube Ads,12/18/2025,CMP6614
U0421,Google Ads,11/27/2025,CMP8266
U4708,Instagram Ads,05/14/2025,CMP9154
U7885,Email Marketing,11-03-2025,CMP1966
U5968,YouTube Ads,04/18/2025,CMP5466
U2843,Google Ads,07-07-2025,CMP7434
U7330,Email Marketing,06-12-2025,CMP7797
U0577,Email Marketing,07-01-2025,CMP2453
U9914,Email Marketing,03-09-2025,CMP2000
U6590,YouTube Ads,03/25/2025,CMP3851
U8298,LinkedIn Ads,08-01-2025,CMP7015
U4582,Facebook Ads,10-05-2025,CMP2746
U4990,Instagram Ads,11-11-2025,CMP5960
U0703,Google Ads,03/21/2025,CMP5445
U5341,Google Ads,06-12-2025,CMP3803
U9103,Google Ads,04-04-2025,CMP7873
U8039,YouTube Ads,03/15/2025,CMP8517
U6772,LinkedIn Ads,03/18/2025,CMP3639
U3427,Email Marketing,02-05-2025,CMP8443
U2070,Google Ads,04/13/2025,CMP8903
U1473,Email Marketing,09/24/2025,CMP0117
U2705,Email Marketing,08/30/2025,CMP3342
U4266,Facebook Ads,07-05-2025,CMP7472
U1479,Facebook Ads,09/19/2025,CMP6209
U2977,Facebook Ads,08/14/2025,CMP9074
U9249,Email Marketing,12-02-2025,CMP7491
U3508,Instagram Ads,07/30/2025,CMP0480
U9063,Email Marketing,10-09-2025,CMP5357
U3330,Email Marketing,06/13/2025,CMP5959
U3586,Email Marketing,03/24/2025,CMP8014
U1909,Instagram Ads,04-03-2025,CMP9356
U1145,LinkedIn Ads,03/24/2025,CMP9540
U8034,LinkedIn Ads,12/29/2025,CMP9764
U1615,Facebook Ads,03-10-2025,CMP8503
U4347,YouTube Ads,10-11-2025,CMP0890
U5724,YouTube Ads,12/17/2025,CMP7629
U8766,Email Marketing,07/21/2025,CMP6099
U6355,Facebook Ads,11/27/2025,CMP0663
U3442,Instagram Ads,10/20/2025,CMP9402
U0394,Facebook Ads,02/17/2025,CMP9457
U9447,Facebook Ads,08-01-2025,CMP8379
U0794,Google Ads,11/21/2025,CMP8190
U2288,Google Ads,01/28/2025,CMP2579
U2961,Google Ads,01/22/2025,CMP1463
U3244,Email Marketing,11/15/2025,CMP2229
U0220,Facebook Ads,12-05-2025,CMP9370
U2886,YouTube Ads,02/21/2025,CMP4940
U9445,Email Marketing,12-07-2025,CMP6469
U5734,Facebook Ads,07/14/2025,CMP6154
U9560,Facebook Ads,09-12-2025,CMP0021
U9007,Facebook Ads,06/17/2025,CMP1944
U0421,Facebook Ads,03/14/2025,CMP2136
U4554,YouTube Ads,01/31/2025,CMP5929
U2130,LinkedIn Ads,03-06-2025,CMP1399
U0125,Instagram Ads,04/24/2025,CMP1754
U8133,Google Ads,10/16/2025,CMP4092
U5703,YouTube Ads,07-10-2025,CMP5051
U7566,Instagram Ads,08-11-2025,CMP4033
U9075,YouTube Ads,04/28/2025,CMP1942
U0216,LinkedIn Ads,09/22/2025,CMP1475
U5616,Google Ads,12/27/2025,CMP7337
U3756,LinkedIn Ads,06/20/2025,CMP0696
U2867,YouTube Ads,02/28/2025,CMP5917
U5822,Facebook Ads,08/17/2025,CMP7129
U3260,Google Ads,12-10-2025,CMP8130
U1294,Instagram Ads,06/30/2025,CMP7201
U6603,Email Marketing,08-01-2025,CMP2265
U7957,Google Ads,12-08-2025,CMP9656
U9045,Email Marketing,02-04-2025,CMP0322
U1078,YouTube Ads,06-12-2025,CMP4417
U8142,Google Ads,07/22/2025,CMP8223
U1971,Email Marketing,08-01-2025,CMP3665
U4697,LinkedIn Ads,01/26/2025,CMP1673
U8445,Facebook Ads,12-09-2025,CMP3823
U2706,YouTube Ads,08-09-2025,CMP1867
U1459,YouTube Ads,07/30/2025,CMP0836
U1372,Email Marketing,05-01-2025,CMP0450
U7350,YouTube Ads,03/17/2025,CMP9365
U8327,Email Marketing,01/16/2025,CMP0368
U7394,Instagram Ads,07-02-2025,CMP4261
U8833,LinkedIn Ads,03/30/2025,CMP9357
U2947,LinkedIn Ads,04-07-2025,CMP0768
U8187,Google Ads,12-12-2025,CMP6607
U9480,YouTube Ads,12-10-2025,CMP6939
U1449,YouTube Ads,10/25/2025,CMP0707
U9064,YouTube Ads,10/13/2025,CMP8100
U6524,LinkedIn Ads,04-04-2025,CMP1754
U6288,Email Marketing,10-07-2025,CMP6909
U1062,Google Ads,08/16/2025,CMP7034
U6663,Facebook Ads,05/21/2025,CMP6324
U8222,Facebook Ads,04/27/2025,CMP9403
U7294,LinkedIn Ads,11-05-2025,CMP4236
U9610,Google Ads,05-08-2025,CMP1039
U7785,Facebook Ads,07/28/2025,CMP2675
U0360,Instagram Ads,03/26/2025,CMP0718
U7028,LinkedIn Ads,06-12-2025,CMP4950
U7702,Instagram Ads,09-05-2025,CMP4738
U0686,YouTube Ads,10-07-2025,CMP4239
U7256,LinkedIn Ads,05/19/2025,CMP6566
U6170,Instagram Ads,05/16/2025,CMP3711
U7215,Email Marketing,06-09-2025,CMP4080
U0808,Instagram Ads,02/26/2025,CMP1480
U6251,Google Ads,12/22/2025,CMP2959
U8812,LinkedIn Ads,10-12-2025,CMP1288
U4259,Email Marketing,06/17/2025,CMP6731
U4934,Google Ads,03-11-2025,CMP0126
U4489,Google Ads,10/13/2025,CMP2932
U5157,Instagram Ads,08-05-2025,CMP0820
U5226,Google Ads,04/24/2025,CMP8807
U4229,LinkedIn Ads,07/27/2025,CMP0474
U5473,LinkedIn Ads,11-06-2025,CMP3020
U1941,Email Marketing,03/31/2025,CMP0151
U6574,LinkedIn Ads,03-10-2025,CMP7405
U1513,Google Ads,07-10-2025,CMP1699
U0246,Email Marketing,02/25/2025,CMP8472
U2833,Email Marketing,10/23/2025,CMP7884
U4311,Instagram Ads,03/26/2025,CMP0224
U7844,Facebook Ads,06/25/2025,CMP1818
U2766,YouTube Ads,07-08-2025,CMP6323
U5314,Email Marketing,05-10-2025,CMP2022
U6020,Google Ads,05/27/2025,CMP4397
U7332,Google Ads,05/27/2025,CMP3225
U3380,Email Marketing,05-05-2025,CMP8049
U8830,LinkedIn Ads,07/14/2025,CMP2726
U1103,Instagram Ads,11-07-2025,CMP7779
U3761,Email Marketing,06/16/2025,CMP5390
U0194,YouTube Ads,01/19/2025,CMP4371
U4696,Google Ads,09/21/2025,CMP8433
U4291,Instagram Ads,08-07-2025,CMP4569
U3563,Instagram Ads,08/19/2025,CMP8767
U8231,Facebook Ads,09/20/2025,CMP5252
U8646,YouTube Ads,09/21/2025,CMP6325
U2177,Google Ads,09-03-2025,CMP9812
U9802,Instagram Ads,10-04-2025,CMP2254
U7366,Facebook Ads,03/25/2025,CMP4388
U0493,Facebook Ads,07/20/2025,CMP1691
U2749,YouTube Ads,03/16/2025,CMP8472
U8553,Facebook Ads,07/17/2025,CMP3033
U0184,YouTube Ads,10-08-2025,CMP0489
U9061,Google Ads,05/29/2025,CMP6287
U4528,YouTube Ads,08-04-2025,CMP1394
U0572,LinkedIn Ads,01-02-2025,CMP5069
U5398,LinkedIn Ads,10/29/2025,CMP7489
U6389,Email Marketing,08-05-2025,CMP0321
U3684,Instagram Ads,05/25/2025,CMP6439
U0688,LinkedIn Ads,09/25/2025,CMP1648
U2308,LinkedIn Ads,07/13/2025,CMP3190
U8651,Facebook Ads,04/30/2025,CMP6640
U7952,Google Ads,11-11-2025,CMP9270
U9329,LinkedIn Ads,08/21/2025,CMP9689
U5874,Google Ads,08/21/2025,CMP2073
U0096,LinkedIn Ads,10/20/2025,CMP3061
U7546,Instagram Ads,09-07-2025,CMP7553
U1583,LinkedIn Ads,10-05-2025,CMP2261
U2258,Instagram Ads,08-12-2025,CMP2371
U4331,Instagram Ads,07-07-2025,CMP7824
U5226,Instagram Ads,08-11-2025,CMP9070
U9413,Facebook Ads,01-10-2025,CMP2319
U7527,Email Marketing,03/29/2025,CMP3598
U5376,Facebook Ads,05/24/2025,CMP7701
U1477,Facebook Ads,03-11-2025,CMP8466
U9216,Instagram Ads,11/25/2025,CMP8885
U1790,YouTube Ads,12-03-2025,CMP1904
U0873,Email Marketing,10/19/2025,CMP0715
U7928,LinkedIn Ads,05-12-2025,CMP1162
U2308,YouTube Ads,10/18/2025,CMP8261
U4572,Facebook Ads,08/30/2025,CMP9390
U1355,Facebook Ads,04/20/2025,CMP8433
U6608,Google Ads,04/24/2025,CMP5445
U3965,Facebook Ads,06/22/2025,CMP4863
U3175,YouTube Ads,10/29/2025,CMP4473
U5209,YouTube Ads,04/27/2025,CMP4909
U0870,LinkedIn Ads,08/17/2025,CMP4882
U5968,Instagram Ads,07/23/2025,CMP6447
U1756,YouTube Ads,01/22/2025,CMP0160
U1366,Email Marketing,02/21/2025,CMP0452
U7294,YouTube Ads,12/16/2025,CMP1553
U3831,Email Marketing,06-11-2025,CMP2756
U9272,Google Ads,07-02-2025,CMP2903
U5686,Google Ads,12-02-2025,CMP0832
U1637,Google Ads,08/15/2025,CMP5568
U6000,YouTube Ads,11/26/2025,CMP9748
U3543,Google Ads,06-05-2025,CMP1078
U3515,Google Ads,08-08-2025,CMP9486
U3628,Google Ads,12-01-2025,CMP4657
U6125,YouTube Ads,12/18/2025,CMP2856
U9329,Google Ads,10/23/2025,CMP6356
U7824,YouTube Ads,05/15/2025,CMP7021
U3176,YouTube Ads,10/19/2025,CMP7848
U6177,Facebook Ads,03/22/2025,CMP6144
U5130,Google Ads,05-11-2025,CMP5701
U3061,LinkedIn Ads,12-05-2025,CMP1733
U9361,Instagram Ads,01/21/2025,CMP3627
U9106,Instagram Ads,07/31/2025,CMP0761
U0107,Google Ads,05/25/2025,CMP1912
U7392,Instagram Ads,06/15/2025,CMP7480
U6476,Email Marketing,01/24/2025,CMP9723
U8531,Google Ads,04-06-2025,CMP2936
U1877,Email Marketing,02/16/2025,CMP0405
U1622,Google Ads,11/28/2025,CMP9024
U0071,YouTube Ads,12/18/2025,CMP5777
U9016,YouTube Ads,10-09-2025,CMP1837
U1544,Email Marketing,07/15/2025,CMP9323
U9894,Facebook Ads,04/21/2025,CMP5566
U4524,YouTube Ads,06/19/2025,CMP2533
U2911,Facebook Ads,10-10-2025,CMP8420
U4546,Facebook Ads,05/23/2025,CMP3747
U5897,Email Marketing,10/23/2025,CMP2158
U3406,Email Marketing,01/26/2025,CMP2074
U2084,Facebook Ads,12/23/2025,CMP3589
U6671,Facebook Ads,05-10-2025,CMP0679
U7487,Instagram Ads,08/24/2025,CMP0942
U2653,Facebook Ads,11-03-2025,CMP8803
U2608,LinkedIn Ads,10/26/2025,CMP1213
U1096,Instagram Ads,11/14/2025,CMP0478
U0916,Facebook Ads,07-07-2025,CMP1330
U6278,LinkedIn Ads,04/30/2025,CMP6844
U9523,YouTube Ads,05/27/2025,CMP9345
U3682,LinkedIn Ads,10/18/2025,CMP7070
U6314,LinkedIn Ads,03-10-2025,CMP9905
U2252,Facebook Ads,06/25/2025,CMP4842
U0644,Google Ads,10-01-2025,CMP2479
U5098,Email Marketing,12/31/2025,CMP1608
U2196,Instagram Ads,05/25/2025,CMP6231
U3315,Instagram Ads,01/18/2025,CMP0944
U4376,Email Marketing,07-09-2025,CMP5994
U6577,Email Marketing,10/28/2025,CMP9236
U7737,Facebook Ads,05/19/2025,CMP5497
U2073,LinkedIn Ads,02-10-2025,CMP8238
U5020,Email Marketing,09/18/2025,CMP8774
U9433,YouTube Ads,07/15/2025,CMP6539
U2240,Facebook Ads,05-03-2025,CMP1849
U0863,Facebook Ads,12-08-2025,CMP4354
U5062,Facebook Ads,04/20/2025,CMP4061
U0297,Facebook Ads,01/16/2025,CMP6761
U1301,YouTube Ads,07-08-2025,CMP8122
U4578,Instagram Ads,04-01-2025,CMP9126
U8161,Instagram Ads,01/25/2025,CMP7548
U5595,Email Marketing,03/17/2025,CMP2681
U3086,YouTube Ads,04-10-2025,CMP2164
U7198,Email Marketing,10-02-2025,CMP1015
U0415,Email Marketing,03/19/2025,CMP5333
U3193,Google Ads,03-03-2025,CMP2098
U8669,Email Marketing,11/18/2025,CMP9399
U5752,Facebook Ads,12/30/2025,CMP0575
U7941,YouTube Ads,05-07-2025,CMP0439
U2769,Email Marketing,03/19/2025,CMP5772
U9961,Email Marketing,03/31/2025,CMP3717
U1428,Instagram Ads,09/17/2025,CMP3639
U9948,YouTube Ads,09-12-2025,CMP0803
U2556,LinkedIn Ads,07/22/2025,CMP3276
U1469,Facebook Ads,09-10-2025,CMP9071
U5314,YouTube Ads,08/15/2025,CMP4295
U8329,Email Marketing,01-09-2025,CMP3551
