Conversion_id,User_id,Revenue,Conversion_date
CONV00001,U1680,41243.46,12/31/2025
CONV00002,U9864,53914.46,02-05-2025
CONV00003,U2616,21381.94,12/30/2025
CONV00004,U9892,34862.3,05/19/2025
CONV00005,U5926,5914.47,11/13/2025
CONV00006,U4555,27838.78,09-01-2025
CONV00007,U1170,40409.88,11/15/2025
CONV00008,U9126,63331.76,05/17/2025
CONV00009,U3457,16537.52,11-02-2025
CONV00010,U9198,44155.52,10/31/2025
CONV00011,U8349,4248.39,09/13/2025
CONV00012,U6253,19417.5,11/19/2025
CONV00013,U4372,22542.39,11/30/2025
CONV00014,U8318,63243.94,03-12-2025
CONV00015,U8690,37028.97,01-04-2025
CONV00016,U1291,61339.73,03-09-2025
CONV00017,U2706,45789.6,06/15/2025
CONV00018,U6119,9734.56,08/20/2025
CONV00019,U3609,47609.4,01-11-2025
CONV00020,U7954,54458.92,05/18/2025
CONV00021,U3120,32755.54,03-03-2025
CONV00022,U1613,25943.22,02/28/2025
CONV00023,U6913,19298.13,05-03-2025
CONV00024,U0242,30926.25,03-04-2025
CONV00025,U4346,52471.92,09/13/2025
CONV00026,U3567,41007.99,02/22/2025
CONV00027,U2580,63962.19,02-01-2025
CONV00028,U4034,46739.07,11-06-2025
CONV00029,U5148,10467.7,05/23/2025
CONV00030,U9225,16576.71,03-01-2025
CONV00031,U7180,46167.08,10/31/2025
CONV00032,U2201,8697.42,06-02-2025
CONV00033,U3336,20350.8,01-02-2026
CONV00034,U0723,10463.36,01-10-2025
CONV00035,U0159,52058.2,03-03-2025
CONV00036,U2089,67499.37,02/16/2025
CONV00037,U5795,56398.71,11-12-2025
CONV00038,U6746,19176.42,12/14/2025
CONV00039,U5729,2507.08,06-12-2025
CONV00040,U5754,51204.23,12/21/2025
CONV00041,U2926,8798.9,11-07-2025
CONV00042,U1895,19663.14,08-08-2025
CONV00043,U3229,71203.94,08-04-2025
CONV00044,U8309,24969.07,06/30/2025
CONV00045,U2852,30901.08,12-08-2025
CONV00046,U9940,33552.62,12/23/2025
CONV00047,U4650,46730.12,09/23/2025
CONV00048,U0401,46137.09,02/17/2025
CONV00049,U6292,11707.17,10-03-2025
CONV00050,U8487,19252.96,09/22/2025
CONV00051,U9158,66938.37,11/20/2025
CONV00052,U7374,48096.36,06-06-2025
CONV00053,U4682,24488.43,05/18/2025
CONV00054,U3506,25317.94,02/16/2025
CONV00055,U0321,1187.79,11-02-2025
CONV00056,U9884,21015.45,05-08-2025
CONV00057,U2092,68089.47,12-03-2025
CONV00058,U7565,28898.46,04-10-2025
CONV00059,U4134,56365.05,02-12-2025
CONV00060,U0660,63062.74,02-04-2025
CONV00061,U3572,57692.19,09-01-2025
CONV00062,U5097,69719.87,03/15/2025
CONV00063,U3979,23142.51,03/15/2025
CONV00064,U7019,38317.59,12/15/2025
CONV00065,U7533,13828.17,01/14/2026
CONV00066,U9708,18978.02,06/16/2025
CONV00067,U6210,63933.26,06/27/2025
CONV00068,U4527,71143.65,10/14/2025
CONV00069,U7801,34026.96,11/27/2025
CONV00070,U9529,40170.96,07/21/2025
CONV00071,U3778,24179.43,03/26/2025
CONV00072,U4531,21762.66,11-01-2025
CONV00073,U8752,73091.4,03/23/2025
CONV00074,U1681,35602.73,01/21/2025
CONV00075,U1870,6250.6,02/23/2025
CONV00076,U1941,45012.42,11-01-2025
CONV00077,U9643,46861.27,08/27/2025
CONV00078,U2574,6323.56,05-03-2025
CONV00079,U4721,64575.8,12/30/2025
CONV00080,U3684,20473.22,12-02-2025
CONV00081,U4729,51884.34,09-04-2025
CONV00082,U9799,24682.38,01/29/2025
CONV00083,U9620,20761.2,01-12-2025
CONV00084,U2974,61207.68,10/29/2025
CONV00085,U2635,37538.58,07-09-2025
CONV00086,U5297,38958.76,03-01-2025
CONV00087,U8168,4582.17,11/25/2025
CONV00088,U1990,60099.04,02-06-2025
CONV00089,U3682,48842.44,03-04-2025
CONV00090,U7906,41681.43,09-11-2025
CONV00091,U4527,59238.02,08-09-2025
CONV00092,U8023,36712.35,03/28/2025
CONV00093,U3913,64308.96,11-02-2025
CONV00094,U6326,37528.16,12-07-2025
CONV00095,U1634,54391.46,10-10-2025
CONV00096,U6513,25146,12/20/2025
CONV00097,U1122,69128.98,05-08-2025
CONV00098,U7270,67829.24,03/28/2025
CONV00099,U4001,51373.68,10-04-2025
CONV00100,U8154,34990.38,11-03-2025
CONV00101,U4713,6234.24,01-12-2026
CONV00102,U4098,74953.48,09/18/2025
CONV00103,U4848,73362.38,01/15/2026
CONV00104,U4690,26909.84,05/18/2025
CONV00105,U2241,47338.77,11/19/2025
CONV00106,U4836,13791.27,06/21/2025
CONV00107,U4211,65376.98,09/29/2025
CONV00108,U6512,59458.14,10/13/2025
CONV00109,U4296,48162.28,11-07-2025
CONV00110,U5375,5443.86,12-05-2025
CONV00111,U0610,7966.5,07-03-2025
CONV00112,U8851,54699.99,08/31/2025
CONV00113,U0537,33671.19,01/19/2026
CONV00114,U5877,14843.28,02-04-2025
CONV00115,U0350,74169.94,02/20/2025
CONV00116,U5384,21337.65,03/21/2025
CONV00117,U0423,59406.36,03/16/2025
CONV00118,U6898,5469.18,10-11-2025
CONV00119,U0711,34759.65,01-03-2026
CONV00120,U8033,67520.55,01-10-2026
CONV00121,U9591,29032.16,10/27/2025
CONV00122,U1875,57845.49,12/25/2025
CONV00123,U6533,23956.71,08-11-2025
CONV00124,U1528,55605.6,09-04-2025
CONV00125,U5401,27004.65,12/31/2025
CONV00126,U1698,12238.71,11-07-2025
CONV00127,U9407,42401.7,05/20/2025
CONV00128,U4382,52925.38,01/24/2025
CONV00129,U6567,47763.02,02-05-2025
CONV00130,U5586,54328.5,04/15/2025
CONV00131,U0816,33651.14,12/25/2025
CONV00132,U1865,21781.05,07/17/2025
CONV00133,U6476,15928.41,12-03-2025
CONV00134,U8150,28980.4,08/31/2025
CONV00135,U1181,33139.3,08-06-2025
CONV00136,U6844,2298.6,06-08-2025
CONV00137,U7156,44473.7,03-12-2025
CONV00138,U1252,40147.41,09/25/2025
CONV00139,U4194,12100.58,05-06-2025
CONV00140,U9495,66242.07,09-07-2025
CONV00141,U7246,21144.52,11/21/2025
CONV00142,U0933,48616.48,08-04-2025
CONV00143,U9082,60878.84,02-11-2025
CONV00144,U7382,7011.44,03/14/2025
CONV00145,U8587,27769.43,10/24/2025
CONV00146,U5483,42178.77,02/15/2025
CONV00147,U2318,52612.14,07-11-2025
CONV00148,U5382,62300.2,03/30/2025
CONV00149,U5941,26123.62,07-02-2025
CONV00150,U1658,55594.32,10-03-2025
CONV00151,U2659,47136.98,05-01-2025
CONV00152,U3892,56615.04,09-10-2025
CONV00153,U3179,73844.66,07/22/2025
CONV00154,U3272,19312.74,11/26/2025
CONV00155,U2043,12653.19,06-09-2025
CONV00156,U7392,4704.33,07/14/2025
CONV00157,U5222,25645.3,02/24/2025
CONV00158,U2274,46439.61,01/25/2026
CONV00159,U9976,58380.82,10-05-2025
CONV00160,U7490,67957.16,02/21/2025
CONV00161,U7033,18611.9,01/14/2025
CONV00162,U1109,59141.12,10/13/2025
CONV00163,U6117,27264.22,05-12-2025
CONV00164,U2186,25887.14,02-12-2025
CONV00165,U2210,70812.67,02-03-2025
CONV00166,U5081,41070.03,09/29/2025
CONV00167,U5439,28075.43,06/17/2025
CONV00168,U8130,69380.06,01-06-2026
CONV00169,U2957,8367.9,10/17/2025
CONV00170,U7273,54715.96,07/28/2025
CONV00171,U1230,27725.85,01-04-2026
CONV00172,U0571,58554.76,03/17/2025
CONV00173,U7372,57409.02,07/27/2025
CONV00174,U4090,14564.07,03/16/2025
CONV00175,U7312,52278.06,05-05-2025
CONV00176,U7293,74003.17,03-07-2025
CONV00177,U2581,52741.27,01-05-2026
CONV00178,U3879,41886.09,09/21/2025
CONV00179,U5068,36290.88,08-05-2025
CONV00180,U1216,39163.98,08/23/2025
CONV00181,U7089,9968.97,09/19/2025
CONV00182,U5670,6605.36,09/29/2025
CONV00183,U1531,44691.78,10-03-2025
CONV00184,U0675,71179.6,02-08-2025
CONV00185,U0497,22258.12,10-12-2025
CONV00186,U4874,5198.55,09-04-2025
CONV00187,U5122,26393.76,06/25/2025
CONV00188,U7643,19157.97,03-07-2025
CONV00189,U5365,14845.19,10/28/2025
CONV00190,U0380,34699.38,02/23/2025
CONV00191,U9790,21966.81,12-01-2025
CONV00192,U6607,4548.46,07/24/2025
CONV00193,U7379,74189.98,10/30/2025
CONV00194,U9140,45482.88,07/19/2025
CONV00195,U7762,45764.85,10-09-2025
CONV00196,U4903,62250.48,11/17/2025
CONV00197,U6036,73507.42,07-07-2025
CONV00198,U9478,4563.12,11-07-2025
CONV00199,U3969,8909.74,01/17/2025
CONV00200,U6724,35766.7,10-11-2025
CONV00201,U7838,71783.9,10-11-2025
CONV00202,U4332,71832.3,11/17/2025
CONV00203,U3397,24290.28,12/31/2025
CONV00204,U8900,26376.25,08-07-2025
CONV00205,U5675,56239.89,08/21/2025
CONV00206,U1790,18516.69,11/13/2025
CONV00207,U5412,57979.38,08/30/2025
CONV00208,U7823,72320.61,12-10-2025
CONV00209,U3805,63887.24,10-02-2025
CONV00210,U8117,69508.46,05-04-2025
CONV00211,U4663,39680.66,09/18/2025
CONV00212,U5418,48885.18,04/16/2025
CONV00213,U3165,48175.4,04-12-2025
CONV00214,U3028,70235.04,03/13/2025
CONV00215,U4948,1599.1,11/15/2025
CONV00216,U5027,38062.14,04/20/2025
CONV00217,U6022,71834.02,11/26/2025
CONV00218,U7715,16967.07,10-10-2025
CONV00219,U1280,62286.48,11/13/2025
CONV00220,U8526,16001.06,09-02-2025
CONV00221,U2162,42620.4,10-07-2025
CONV00222,U3571,32209.53,11/15/2025
CONV00223,U0520,57846.18,06/20/2025
CONV00224,U6155,65685.62,02/15/2025
CONV00225,U3649,35128.03,01/25/2025
CONV00226,U7547,14744.67,07/25/2025
CONV00227,U3944,44850.36,04/30/2025
CONV00228,U6591,16882.24,09-09-2025
CONV00229,U5225,50685.5,11-02-2025
CONV00230,U6776,42086.32,06/21/2025
CONV00231,U5643,59096,12-06-2025
CONV00232,U7759,64422.44,05-08-2025
CONV00233,U8684,19683.42,03/20/2025
CONV00234,U0845,45668.98,05/19/2025
CONV00235,U7855,71808.72,04/17/2025
CONV00236,U3975,15935.1,01/21/2026
CONV00237,U5887,38826.63,06/22/2025
CONV00238,U3329,4144.36,08-05-2025
CONV00239,U9489,15317.24,08-09-2025
CONV00240,U5531,48395.82,05/27/2025
CONV00241,U8001,71824.84,04/21/2025
CONV00242,U2253,53257.34,11/19/2025
CONV00243,U7917,1240.96,12/21/2025
CONV00244,U4698,52566.03,01/22/2025
CONV00245,U8626,59774.02,05-12-2025
CONV00246,U3701,63704.13,06/23/2025
CONV00247,U0920,13475.24,12-08-2025
CONV00248,U3765,42833.73,04/27/2025
CONV00249,U0540,72139.08,04/20/2025
CONV00250,U3940,67317.04,10/28/2025
CONV00251,U8205,33203.8,07/23/2025
CONV00252,U6500,21044.54,07-01-2025
CONV00253,U3044,28970.4,01-08-2026
CONV00254,U6226,55669.41,01-10-2026
CONV00255,U5897,7231.82,06-01-2025
CONV00256,U1469,45071.66,07/26/2025
CONV00257,U9168,13341.53,05/17/2025
CONV00258,U1037,32016.86,04-11-2025
CONV00259,U9729,8692.7,11/21/2025
CONV00260,U7213,61897.48,07-11-2025
CONV00261,U3291,72369.66,10-03-2025
CONV00262,U5340,59100.58,07/23/2025
CONV00263,U9013,70765.89,01/20/2025
CONV00264,U8181,18720.07,04-03-2025
CONV00265,U7852,38366,11/24/2025
CONV00266,U9730,57844.84,12/14/2025
CONV00267,U6548,1533.16,06/27/2025
CONV00268,U9425,29791.71,05/18/2025
CONV00269,U7910,69100.65,02/25/2025
CONV00270,U3390,36105.07,10-08-2025
CONV00271,U1886,8870.17,02-06-2025
CONV00272,U5423,17965.28,10/26/2025
CONV00273,U3233,29621.06,09-10-2025
CONV00274,U9460,27910.12,02/28/2025
CONV00275,U5135,29896.4,11-05-2025
CONV00276,U4874,50654.18,11/21/2025
CONV00277,U2317,45034.62,10-07-2025
CONV00278,U2839,22195.98,10/17/2025
CONV00279,U7940,29257.86,03/28/2025
CONV00280,U7273,42730.78,10-03-2025
CONV00281,U2756,58111.66,09-07-2025
CONV00282,U6011,54134.28,10/22/2025
CONV00283,U0529,64768.32,08/21/2025
CONV00284,U5745,32541.4,01/18/2026
CONV00285,U4606,24781.28,11/24/2025
CONV00286,U1561,5151.98,03/19/2025
CONV00287,U4056,11306.25,01-02-2026
CONV00288,U1526,21408.26,08/24/2025
CONV00289,U7512,27348.04,11/24/2025
CONV00290,U4400,41387.8,06/19/2025
CONV00291,U7530,64430.62,01/23/2025
CONV00292,U4946,49353.15,03/31/2025
CONV00293,U5006,49419.78,01/16/2026
CONV00294,U3706,1439.55,10/15/2025
CONV00295,U3752,60592.29,07/19/2025
CONV00296,U2341,1379.25,02/25/2025
CONV00297,U6746,64602.21,11/14/2025
CONV00298,U7036,21314.85,06/13/2025
CONV00299,U0440,39192.87,12/20/2025
CONV00300,U8109,37844.01,08-05-2025
CONV00301,U6338,41316.94,10/24/2025
CONV00302,U3535,30299.64,01/30/2025
CONV00303,U8809,6957.09,11/14/2025
CONV00304,U1084,54949.41,07-05-2025
CONV00305,U7429,23714.79,12-03-2025
CONV00306,U8134,58886.79,07/20/2025
CONV00307,U1935,32627.36,02-01-2025
CONV00308,U7458,37846.05,10-07-2025
CONV00309,U1890,940.71,05/24/2025
CONV00310,U2933,68610.62,02-11-2025
CONV00311,U4445,9615.53,03-02-2025
CONV00312,U1130,63479.85,09-06-2025
CONV00313,U9238,18761.86,06/16/2025
CONV00314,U2467,18050.08,01/15/2025
CONV00315,U1704,31921.32,05/16/2025
CONV00316,U8516,28407.52,08/23/2025
CONV00317,U1227,33047.48,11/30/2025
CONV00318,U5346,18095.64,07-12-2025
CONV00319,U7366,9714.7,09-07-2025
CONV00320,U1482,62109.21,04/13/2025
CONV00321,U4067,4384.59,07-11-2025
CONV00322,U9014,8316.62,06-02-2025
CONV00323,U2142,51706.68,05-12-2025
CONV00324,U0358,48714.52,02/28/2025
CONV00325,U0830,61760.14,04-09-2025
CONV00326,U3067,66344.22,05/22/2025
CONV00327,U7849,29188.89,02/14/2025
CONV00328,U0320,36366.57,08-09-2025
CONV00329,U2947,17012.25,02-11-2025
CONV00330,U3814,49522.18,03/31/2025
CONV00331,U9433,63062.25,08/14/2025
CONV00332,U5879,52766.64,11/29/2025
CONV00333,U8883,3568.82,06-09-2025
CONV00334,U5436,10438.84,12-03-2025
CONV00335,U2321,27843.07,02/28/2025
CONV00336,U4945,55127.14,06/28/2025
CONV00337,U5847,61223.22,05-07-2025
CONV00338,U9386,14269.58,07/30/2025
CONV00339,U5426,73691.68,02/14/2025
CONV00340,U3436,26773.23,06-02-2025
CONV00341,U2726,28869.4,08/17/2025
CONV00342,U3696,60090.19,03/26/2025
CONV00343,U5601,55099.89,04/15/2025
CONV00344,U0508,45843.33,08/22/2025
CONV00345,U6706,69473.83,01-09-2026
CONV00346,U6438,37202.91,10/21/2025
CONV00347,U9834,2660.88,09-08-2025
CONV00348,U7716,7516.92,09/25/2025
CONV00349,U0732,20307.51,06-10-2025
CONV00350,U1585,60757.38,02/26/2025
CONV00351,U6859,70274.83,10/20/2025
CONV00352,U8227,43182.8,11-08-2025
CONV00353,U3472,32185.59,04/30/2025
CONV00354,U5239,42060.04,02/21/2025
CONV00355,U9627,31522.35,09/29/2025
CONV00356,U1731,21992.4,11-02-2025
CONV00357,U9978,21199.5,09-04-2025
CONV00358,U3893,69122,02/23/2025
CONV00359,U1610,73085.79,05-11-2025
CONV00360,U3080,61929.74,09-07-2025
CONV00361,U1076,30701.34,07-03-2025
CONV00362,U0945,4504.02,05/19/2025
CONV00363,U2030,28405.65,01-03-2026
CONV00364,U2680,51897.15,05/22/2025
CONV00365,U3627,16099.77,12/18/2025
CONV00366,U0146,13610.14,09/25/2025
CONV00367,U4512,26641.66,08/13/2025
CONV00368,U8381,48815.14,12/25/2025
CONV00369,U4530,21308.7,12/14/2025
CONV00370,U6621,11139.76,12-05-2025
CONV00371,U9553,14851.2,01/21/2026
CONV00372,U5874,13371.51,10-08-2025
CONV00373,U9160,25670.72,04-06-2025
CONV00374,U5429,22583.3,08-06-2025
CONV00375,U1167,9646.34,09/20/2025
CONV00376,U2251,74048.97,05-11-2025
CONV00377,U5450,47861.55,11/20/2025
CONV00378,U8022,32953.08,02/28/2025
CONV00379,U3268,24674.32,08-06-2025
CONV00380,U3708,10323.1,01-03-2026
CONV00381,U4886,39381.42,06/14/2025
CONV00382,U5886,68926.76,04/19/2025
CONV00383,U0360,9894.78,11/20/2025
CONV00384,U0797,8777.43,11/27/2025
CONV00385,U2025,52863.72,10/14/2025
CONV00386,U4424,10934.38,12-11-2025
CONV00387,U8155,58513.46,05-08-2025
CONV00388,U8981,70034.49,09/22/2025
CONV00389,U8096,38744.12,04-10-2025
CONV00390,U4328,61128.5,09/22/2025
CONV00391,U1557,11025.78,02/13/2025
CONV00392,U1523,9202.02,07/22/2025
CONV00393,U2733,54686.02,03/29/2025
CONV00394,U7179,58602.94,04/22/2025
CONV00395,U1851,5452.7,08/19/2025
CONV00396,U9258,25868.82,05-11-2025
CONV00397,U6306,74093.54,03/19/2025
CONV00398,U2710,18636.21,02/16/2025
CONV00399,U3851,60243.64,02/24/2025
CONV00400,U0292,3410.52,03-11-2025
CONV00401,U8329,50606.97,11/14/2025
CONV00402,U5440,35880.18,11-04-2025
CONV00403,U3634,62368.88,02-01-2025
CONV00404,U2690,53976.57,10-03-2025
CONV00405,U6438,58770.46,05/13/2025
CONV00406,U9648,49640.42,04-04-2025
CONV00407,U9065,69384.54,09-03-2025
CONV00408,U1697,45757.44,07/28/2025
CONV00409,U4483,34373.79,07/27/2025
CONV00410,U4898,24057.87,01/18/2026
CONV00411,U5658,49018.92,01-10-2026
CONV00412,U1891,44023.36,07/30/2025
CONV00413,U0210,29029.62,09/26/2025
CONV00414,U4106,58988.54,03/22/2025
CONV00415,U9206,42424.34,05-02-2025
CONV00416,U6350,72463.11,08-03-2025
CONV00417,U3696,48836.7,12/15/2025
CONV00418,U4820,6279.33,09/17/2025
CONV00419,U4573,12698.97,11-08-2025
CONV00420,U0655,4526.01,04/18/2025
CONV00421,U5208,39405.02,10/22/2025
CONV00422,U5725,25392.34,05-05-2025
CONV00423,U0145,33840.8,03/28/2025
CONV00424,U6323,21750.06,06-10-2025
CONV00425,U0719,24533.22,06-03-2025
CONV00426,U3454,16578.26,12/31/2025
CONV00427,U1182,34847.48,12/28/2025
CONV00428,U9144,17652.69,02/14/2025
CONV00429,U0277,40461.45,08-08-2025
CONV00430,U5861,59176.73,09/24/2025
CONV00431,U6474,12357.02,12-12-2025
CONV00432,U2361,68627.04,06/27/2025
CONV00433,U0685,30010.56,01/20/2025
CONV00434,U8398,17143.5,04-09-2025
CONV00435,U0892,41562.6,10/18/2025
CONV00436,U5421,49418.87,07-05-2025
CONV00437,U5380,52239.27,11/16/2025
CONV00438,U0080,17198.28,07-03-2025
CONV00439,U7864,58276.44,09-09-2025
CONV00440,U8825,66560.43,04/13/2025
CONV00441,U9485,68043.04,08/13/2025
CONV00442,U5994,58081.76,08-12-2025
CONV00443,U5962,18486.9,10/15/2025
CONV00444,U9271,55101.33,01-03-2026
CONV00445,U6053,16102.98,05/29/2025
CONV00446,U5310,47792.36,03-02-2025
CONV00447,U6202,67443.33,07-09-2025
CONV00448,U5654,45612.66,09/23/2025
CONV00449,U4601,12433.78,05-08-2025
CONV00450,U7890,16394.78,12/17/2025
CONV00451,U2640,3659.92,03/28/2025
CONV00452,U6643,2132.54,11/26/2025
CONV00453,U7892,31249.44,04-02-2025
CONV00454,U5615,5861.58,09-02-2025
CONV00455,U6878,13923.6,04/15/2025
CONV00456,U7902,45558,12/30/2025
CONV00457,U0712,17789.36,01/18/2026
CONV00458,U4171,64534.71,09-11-2025
CONV00459,U0117,39342.32,11-04-2025
CONV00460,U6981,20151.74,12/17/2025
CONV00461,U3338,42149.02,08-05-2025
CONV00462,U9465,55381.84,07/23/2025
CONV00463,U1643,59116.53,05/15/2025
CONV00464,U0087,69495.24,03-01-2025
CONV00465,U0619,49471,07/25/2025
CONV00466,U8490,58958.98,06-12-2025
CONV00467,U5894,73191.7,05-05-2025
CONV00468,U8483,5844.83,01-10-2025
CONV00469,U5694,72257,06-05-2025
CONV00470,U1745,22598.2,11/13/2025
CONV00471,U4099,42565.27,01/15/2026
CONV00472,U0449,5765.91,09/24/2025
CONV00473,U5786,52785.78,09/30/2025
CONV00474,U1246,24055.05,10/17/2025
CONV00475,U3848,17768.66,05/30/2025
CONV00476,U1286,46326.66,01-06-2026
CONV00477,U9413,73841.31,06/19/2025
CONV00478,U0888,70519.33,09/28/2025
CONV00479,U8491,1375.08,09/14/2025
CONV00480,U4255,18357.58,04/21/2025
CONV00481,U6100,34216.64,07/24/2025
CONV00482,U3864,29030.6,10/16/2025
CONV00483,U8471,59060.97,10-10-2025
CONV00484,U2677,19631.01,02/26/2025
CONV00485,U9181,2222.77,10/16/2025
CONV00486,U8822,24887.96,04/16/2025
CONV00487,U7599,13192.48,12/15/2025
CONV00488,U1297,24026.04,04/13/2025
CONV00489,U7290,39429.48,07/19/2025
CONV00490,U4123,16384.94,01-06-2026
CONV00491,U0882,57550.98,01/16/2025
CONV00492,U5069,21850.02,05/18/2025
CONV00493,U5847,73142.38,07-03-2025
CONV00494,U8836,34648.35,04/24/2025
CONV00495,U5689,60499.54,09/18/2025
CONV00496,U0002,22042.1,10-12-2025
CONV00497,U7053,59909.98,06/16/2025
CONV00498,U2676,28843.08,12-05-2025
CONV00499,U4455,40246.86,06-03-2025
CONV00500,U7461,52760.08,11/28/2025
CONV00501,U0363,20737.74,04/28/2025
CONV00502,U8087,23884.57,05/17/2025
CONV00503,U1315,58342.23,03/18/2025
CONV00504,U6252,53815.17,01/19/2025
CONV00505,U8539,29642.38,01-06-2026
CONV00506,U8535,48160.11,03-10-2025
CONV00507,U7114,59733.48,07-04-2025
CONV00508,U7787,28326.34,12/21/2025
CONV00509,U0984,12178.44,02/17/2025
CONV00510,U5691,2335.46,08/25/2025
CONV00511,U7169,52505.06,10/20/2025
CONV00512,U4511,5864.08,11-07-2025
CONV00513,U8290,66307.73,08-02-2025
CONV00514,U8831,51479.4,08-11-2025
CONV00515,U5277,49672.66,02/27/2025
CONV00516,U1618,62845.24,02-07-2025
CONV00517,U9928,69136.86,02/26/2025
CONV00518,U6815,61905.5,07/16/2025
CONV00519,U3538,54594.02,10-10-2025
CONV00520,U2932,31577.46,10/16/2025
CONV00521,U1706,30565.62,04-06-2025
CONV00522,U9013,57490.69,06/29/2025
CONV00523,U9016,33976.86,05/23/2025
CONV00524,U2214,73841.28,06-10-2025
CONV00525,U9115,7750.82,11-03-2025
CONV00526,U4094,23047.46,05/18/2025
CONV00527,U2833,43535.26,10-06-2025
CONV00528,U6252,57989.43,02/21/2025
CONV00529,U9869,47690.37,01-07-2025
CONV00530,U5355,12124.92,10-06-2025
CONV00531,U7077,10565.04,05/31/2025
CONV00532,U1394,58206.51,07/28/2025
CONV00533,U9361,74783.1,04/27/2025
CONV00534,U9438,31458.47,02/26/2025
CONV00535,U4995,61752.62,04/22/2025
CONV00536,U3272,57011.73,01/13/2026
CONV00537,U2420,52264.29,05/31/2025
CONV00538,U3472,56463.87,05-02-2025
CONV00539,U0302,50016.98,07/13/2025
CONV00540,U4445,70929.36,01/30/2025
CONV00541,U5902,65155.23,03/17/2025
CONV00542,U5169,7285.53,09-12-2025
CONV00543,U8674,29959.94,06-11-2025
CONV00544,U3870,5354.22,09/22/2025
CONV00545,U6437,54944.31,12/19/2025
CONV00546,U9919,10534.08,07-08-2025
CONV00547,U5063,39642.56,12/23/2025
CONV00548,U8733,63084.54,03-06-2025
CONV00549,U4486,10517.28,03/19/2025
CONV00550,U3784,6651.04,01-11-2026
CONV00551,U6127,35933.13,04-10-2025
CONV00552,U4422,50596.92,08-06-2025
CONV00553,U5324,30811.36,08/24/2025
CONV00554,U9729,65776.89,10/27/2025
CONV00555,U4026,73799.43,09/24/2025
CONV00556,U3111,66416.52,06/23/2025
CONV00557,U8471,48723.03,03/16/2025
CONV00558,U8953,24766.98,03-11-2025
CONV00559,U7450,52110.02,03/17/2025
CONV00560,U7363,39643.44,12-03-2025
CONV00561,U2800,49720.12,06/25/2025
CONV00562,U7312,9478.38,06-01-2025
CONV00563,U8170,66290.68,10/13/2025
CONV00564,U1301,18919.95,11/21/2025
CONV00565,U0903,11544.04,12-02-2025
CONV00566,U1785,50652.72,08/21/2025
CONV00567,U5902,22972.62,01/30/2025
CONV00568,U2205,21125.58,03/20/2025
CONV00569,U1791,40024.29,10/22/2025
CONV00570,U4255,27023.61,10-01-2025
CONV00571,U2948,22318.74,11/15/2025
CONV00572,U3397,4127.79,11/23/2025
CONV00573,U4615,23046.09,05/28/2025
CONV00574,U9322,13790.46,11/22/2025
CONV00575,U2225,34950.88,10-01-2025
CONV00576,U8538,51106.17,06/20/2025
CONV00577,U1085,3064.6,03/30/2025
CONV00578,U1915,24101.58,06-08-2025
CONV00579,U7405,23197.14,06-07-2025
CONV00580,U7908,26003.61,09/29/2025
CONV00581,U8457,54549.38,12/27/2025
CONV00582,U9737,66772.05,02/17/2025
CONV00583,U3439,22027.64,07-01-2025
CONV00584,U4484,42302.22,03-03-2025
CONV00585,U4642,6039.78,11-09-2025
CONV00586,U0827,7144.38,03-08-2025
CONV00587,U7305,25425.66,11/18/2025
CONV00588,U7673,51572.49,03/13/2025
CONV00589,U4228,52696.38,07/27/2025
CONV00590,U1850,63548.14,07-08-2025
CONV00591,U1753,6016.11,06/25/2025
CONV00592,U3993,29248.36,10/18/2025
CONV00593,U9294,18284.46,07/16/2025
CONV00594,U9703,41965.26,11/28/2025
CONV00595,U9772,48640.44,07/15/2025
CONV00596,U0004,34383.34,03/26/2025
CONV00597,U5188,68555.42,06-12-2025
CONV00598,U8363,22593.21,08-06-2025
CONV00599,U1798,32804.88,06-12-2025
CONV00600,U8932,36009.2,04/25/2025
CONV00601,U2057,48892.9,03/14/2025
CONV00602,U6814,69825.6,09-10-2025
CONV00603,U6304,32289.32,07-01-2025
CONV00604,U6732,3234.54,10-08-2025
CONV00605,U1312,39835.8,04-10-2025
CONV00606,U1450,55820.19,06-05-2025
CONV00607,U8766,38815.23,01/21/2025
CONV00608,U4739,69272.68,04/19/2025
CONV00609,U9473,49481.74,04-06-2025
CONV00610,U4553,21612.16,06-06-2025
CONV00611,U2477,60732.16,12-12-2025
CONV00612,U1383,61763,04-11-2025
CONV00613,U2741,63256.11,04/19/2025
CONV00614,U4938,69242.6,09-08-2025
CONV00615,U8691,69596.28,08/25/2025
CONV00616,U5798,49165.89,08/18/2025
CONV00617,U9572,50890.37,07/27/2025
CONV00618,U5133,1379.36,10-10-2025
CONV00619,U5760,19453.29,04/24/2025
CONV00620,U3553,53324.58,11-06-2025
CONV00621,U9275,14431.53,04/14/2025
CONV00622,U6996,57931.38,12/29/2025
CONV00623,U5451,20401.36,02/14/2025
CONV00624,U8062,57826.52,03-03-2025
CONV00625,U1154,58459.86,10/20/2025
CONV00626,U6398,25239.94,05/29/2025
CONV00627,U7834,54786.74,09-06-2025
CONV00628,U7899,70176.88,03/15/2025
CONV00629,U1486,72098.72,07-09-2025
CONV00630,U6295,52419.26,01-02-2026
CONV00631,U7176,15087.14,05-01-2025
CONV00632,U5042,61024.53,10/13/2025
CONV00633,U6644,49298.36,03/18/2025
CONV00634,U1181,37050.44,01/19/2025
CONV00635,U0236,67921.18,04/25/2025
CONV00636,U1743,60088.76,03-07-2025
CONV00637,U6587,43515.56,06/20/2025
CONV00638,U1979,31575.21,06-12-2025
CONV00639,U0667,63666.98,03/29/2025
CONV00640,U2940,44834.49,02/24/2025
CONV00641,U4440,18514.59,09/30/2025
CONV00642,U4935,42159.99,07-04-2025
CONV00643,U8316,47264.97,04/29/2025
CONV00644,U7773,50508.09,09/13/2025
CONV00645,U5478,8503.26,11/13/2025
CONV00646,U1161,44758.47,05-11-2025
CONV00647,U5344,55527.78,05/24/2025
CONV00648,U0891,69645.62,08/26/2025
CONV00649,U5876,10195.47,06-10-2025
CONV00650,U7514,26260.52,08/31/2025
CONV00651,U3764,39491.32,03/13/2025
CONV00652,U4042,43775.43,06-04-2025
CONV00653,U0657,38188.06,09-11-2025
CONV00654,U8115,56666.1,05/26/2025
CONV00655,U1487,23384.12,01/31/2025
CONV00656,U7599,14482.22,04-08-2025
CONV00657,U1159,40170.84,07/26/2025
CONV00658,U1327,69969.06,11/30/2025
CONV00659,U0670,48876.82,07/29/2025
CONV00660,U3910,36278.15,11-03-2025
CONV00661,U8251,4793.66,12/26/2025
CONV00662,U7704,62034.39,01/27/2026
CONV00663,U1076,6702.64,05-05-2025
CONV00664,U2425,15916.02,10-12-2025
CONV00665,U7765,55524.92,06/27/2025
CONV00666,U8514,43718.82,12/17/2025
CONV00667,U7296,10547.61,09/17/2025
CONV00668,U0776,34602.54,03/22/2025
CONV00669,U2515,3805.5,04-03-2025
CONV00670,U9216,24283.08,01-09-2026
CONV00671,U4941,69881.87,03/28/2025
CONV00672,U8314,22695.1,07/17/2025
CONV00673,U5550,36314.35,12/20/2025
CONV00674,U3611,24982.71,09-05-2025
CONV00675,U3207,63821.76,02-02-2025
CONV00676,U9914,50257.41,10-01-2025
CONV00677,U4664,73331.13,07/23/2025
CONV00678,U7250,54804.04,06/25/2025
CONV00679,U1411,35990.02,04-11-2025
CONV00680,U1450,68644.98,01/17/2025
CONV00681,U3265,41874.62,04-07-2025
CONV00682,U3679,20253.76,02/13/2025
CONV00683,U4010,21333.36,01/17/2025
CONV00684,U4226,73088.72,12/14/2025
CONV00685,U2669,24486.33,11/22/2025
CONV00686,U5833,40073.72,02/23/2025
CONV00687,U9811,65528.91,04/22/2025
CONV00688,U5762,39224.18,03/26/2025
CONV00689,U8248,67356.46,05/13/2025
CONV00690,U6838,61549.22,09/22/2025
CONV00691,U7241,72780.78,11-07-2025
CONV00692,U2333,10056.81,12/23/2025
CONV00693,U7066,3184.86,02-12-2025
CONV00694,U0710,1512.72,02-06-2025
CONV00695,U5760,63555.23,02/14/2025
CONV00696,U3963,8108.59,10-04-2025
CONV00697,U2815,8077.41,10-09-2025
CONV00698,U7204,62729.61,12/23/2025
CONV00699,U2026,10841.49,09/20/2025
CONV00700,U5376,21808.16,09/29/2025
CONV00701,U7012,63198.57,04/22/2025
CONV00702,U7178,7061.68,09/29/2025
CONV00703,U1061,15619.56,08-02-2025
CONV00704,U9535,59369.84,11/20/2025
CONV00705,U7939,57773.97,09/22/2025
CONV00706,U0487,62400.7,03-07-2025
CONV00707,U4961,57192.74,12-06-2025
CONV00708,U8033,26263.46,10/13/2025
CONV00709,U6286,28692.99,09-02-2025
CONV00710,U2690,23950.12,09/21/2025
CONV00711,U8838,42497.46,10/25/2025
CONV00712,U5780,2839.92,05/27/2025
CONV00713,U5592,26376.87,07/25/2025
CONV00714,U5114,51833.36,11/27/2025
CONV00715,U0613,32118.63,09-09-2025
CONV00716,U5186,24689.79,07/16/2025
CONV00717,U5564,27727.57,04-09-2025
CONV00718,U3508,22826.02,06/15/2025
CONV00719,U1553,5744.78,11/25/2025
CONV00720,U4946,50011.66,09/26/2025
CONV00721,U8972,52972.38,04/30/2025
CONV00722,U4390,46370.85,12/17/2025
CONV00723,U7578,56172.69,04-10-2025
CONV00724,U3336,22063.06,08-05-2025
CONV00725,U2457,59930.58,04/18/2025
CONV00726,U3310,2913.78,04/17/2025
CONV00727,U7961,67315.53,01/21/2025
CONV00728,U1480,11186.6,07/26/2025
CONV00729,U8606,7450.96,05/28/2025
CONV00730,U6929,13755.21,04/30/2025
CONV00731,U6140,41271.57,01-09-2026
CONV00732,U5050,45731.74,02-06-2025
CONV00733,U5068,67809.42,12/15/2025
CONV00734,U4187,61836.04,06-11-2025
CONV00735,U6657,6697.02,02-11-2025
CONV00736,U6921,20127.03,02/23/2025
CONV00737,U7427,4618.34,01-11-2026
CONV00738,U3279,43503.84,11/21/2025
CONV00739,U2132,59603.68,11-11-2025
CONV00740,U9717,7016.62,06/28/2025
CONV00741,U9151,17731.52,11/30/2025
CONV00742,U6571,20066.72,11/15/2025
CONV00743,U7130,9549.54,09-12-2025
CONV00744,U2134,16755.82,09-04-2025
CONV00745,U2392,18234.81,01/29/2025
CONV00746,U0170,24751.02,09/20/2025
CONV00747,U9785,42107.25,05/13/2025
CONV00748,U9802,4129.26,01-07-2026
CONV00749,U6077,43851.15,03/17/2025
CONV00750,U1469,32895.03,06/20/2025
CONV00751,U5908,65862.52,08/28/2025
CONV00752,U8050,69271.82,04-08-2025
CONV00753,U0588,53167.74,09-11-2025
CONV00754,U9190,9102.45,09/29/2025
CONV00755,U2960,61825.95,04/15/2025
CONV00756,U2959,57792.81,08/23/2025
CONV00757,U1999,69739.27,07/24/2025
CONV00758,U7862,44869.66,08/21/2025
CONV00759,U2119,48540.57,04/29/2025
CONV00760,U2917,2273.02,05-09-2025
CONV00761,U2526,60231.7,03/26/2025
CONV00762,U6021,33824.1,10-02-2025
CONV00763,U6034,47578.46,11/13/2025
CONV00764,U2541,48806.49,09/13/2025
CONV00765,U4922,67790.6,04/13/2025
CONV00766,U1254,38665.88,02-06-2025
CONV00767,U1340,55733.32,09/29/2025
CONV00768,U4877,34533.62,07-01-2025
CONV00769,U3459,73677.33,04/13/2025
CONV00770,U0218,34917.1,04-10-2025
CONV00771,U5911,50876.34,01/14/2026
CONV00772,U0261,2741.04,01-07-2026
CONV00773,U3128,35159.34,03-01-2025
CONV00774,U7296,64589.88,09/24/2025
CONV00775,U0835,47557.94,07-12-2025
CONV00776,U4765,36843,02-06-2025
CONV00777,U9444,20637.78,07-01-2025
CONV00778,U5682,2294.91,08/27/2025
CONV00779,U9629,45455.94,01-12-2026
CONV00780,U5903,16135.24,09/21/2025
CONV00781,U9925,31636.84,09/24/2025
CONV00782,U5879,12526.45,06-09-2025
CONV00783,U3715,36862.62,03/13/2025
CONV00784,U8445,53200.56,12-05-2025
CONV00785,U1670,8576.78,11-04-2025
CONV00786,U7234,65384.08,09/21/2025
CONV00787,U6812,60829.04,01/14/2025
CONV00788,U5909,12007.14,12/13/2025
CONV00789,U6707,51403.24,09/22/2025
CONV00790,U1141,30572.58,03-09-2025
CONV00791,U2474,73518.5,11/16/2025
CONV00792,U9071,24041.86,06/16/2025
CONV00793,U6619,66652.8,09-05-2025
CONV00794,U1381,29707.02,02-11-2025
CONV00795,U9041,56960.68,06/14/2025
CONV00796,U6927,5200.96,09/27/2025
CONV00797,U2044,55461.76,09-01-2025
CONV00798,U8738,22965.72,11/22/2025
CONV00799,U1725,15047.24,07-11-2025
CONV00800,U1343,66721.82,03-04-2025
CONV00801,U9638,30062.6,10/22/2025
CONV00802,U8021,38304.6,08/17/2025
CONV00803,U3484,56177.36,09/21/2025
CONV00804,U1981,3740.96,07/13/2025
CONV00805,U0459,44529.6,03/16/2025
CONV00806,U0035,5766.66,03-05-2025
CONV00807,U6182,45723.94,09/25/2025
CONV00808,U7358,7381.64,04-06-2025
CONV00809,U7260,65047.05,06/14/2025
CONV00810,U9165,40981.2,03-09-2025
CONV00811,U0306,40240.56,04-02-2025
CONV00812,U7279,24542.01,03-03-2025
CONV00813,U0395,19845.45,10-01-2025
CONV00814,U1469,51136.68,03/21/2025
CONV00815,U1618,67056.08,06/21/2025
CONV00816,U9602,56614.95,05/14/2025
CONV00817,U1073,47790.44,10-04-2025
CONV00818,U9089,42942.24,12/14/2025
CONV00819,U6117,18953.24,11-03-2025
CONV00820,U4740,5217.99,12/30/2025
CONV00821,U5758,63170.81,11/29/2025
CONV00822,U1470,62414.49,08/14/2025
CONV00823,U5614,53300.74,11/30/2025
CONV00824,U5382,48748.41,01-09-2025
CONV00825,U9107,57363.04,01-09-2026
CONV00826,U7294,72923.9,12/23/2025
CONV00827,U0139,70266.4,03/19/2025
CONV00828,U5863,46298.12,04/18/2025
CONV00829,U9930,73831.58,05-08-2025
CONV00830,U9041,42753.75,05-01-2025
CONV00831,U2088,17676.42,05/29/2025
CONV00832,U8732,42338.61,11/25/2025
CONV00833,U7087,51252.88,08-11-2025
CONV00834,U0770,34077.96,05/23/2025
CONV00835,U3697,68836.89,12/26/2025
CONV00836,U0457,2533.74,09/28/2025
CONV00837,U0892,18328.22,06/22/2025
CONV00838,U2046,3225.77,02/23/2025
CONV00839,U4940,5634.93,11/30/2025
CONV00840,U1571,64945.27,12-08-2025
CONV00841,U1660,58882.48,07-07-2025
CONV00842,U9752,63177.87,03-04-2025
CONV00843,U7888,18804.07,12-09-2025
CONV00844,U5862,40929.92,06/13/2025
CONV00845,U8482,11486.58,11-04-2025
CONV00846,U3298,50338.62,02/27/2025
CONV00847,U5500,25149.96,11/15/2025
CONV00848,U3655,47076.06,12/28/2025
CONV00849,U0111,27323.08,07/22/2025
CONV00850,U5897,15438.51,01/28/2025
CONV00851,U4030,13823.74,04-10-2025
CONV00852,U5545,18581.13,05/13/2025
CONV00853,U7107,11474.1,01/29/2026
CONV00854,U5210,18907.81,11-04-2025
CONV00855,U4050,21545.44,02-01-2025
CONV00856,U1063,56534.62,04/16/2025
CONV00857,U6126,53887,10-12-2025
CONV00858,U0600,15822.78,05/14/2025
CONV00859,U9362,41628.48,03/26/2025
CONV00860,U0675,25725.76,09-10-2025
CONV00861,U4474,33545.37,07/23/2025
CONV00862,U8957,21274.56,12-03-2025
CONV00863,U5469,19314.26,05-04-2025
CONV00864,U4279,61806.44,01/30/2025
CONV00865,U8400,17599.28,04-10-2025
CONV00866,U7680,7126.28,09/21/2025
CONV00867,U9150,43630,01/20/2025
CONV00868,U5568,51667.89,05-08-2025
CONV00869,U2280,47515.58,04-08-2025
CONV00870,U1044,36002.24,10-11-2025
CONV00871,U9059,51910.08,04/16/2025
CONV00872,U4651,49723.06,04/18/2025
CONV00873,U6732,10338.46,08-02-2025
CONV00874,U2129,61478.79,05-07-2025
CONV00875,U3326,34827.51,09/21/2025
CONV00876,U4045,43015.26,10-12-2025
CONV00877,U7477,53589.86,07-06-2025
CONV00878,U7080,49686.69,09/14/2025
CONV00879,U4486,50249.28,11/20/2025
CONV00880,U1254,58628.67,03-08-2025
CONV00881,U0438,50914.94,02/21/2025
CONV00882,U0619,53400.64,01-10-2025
CONV00883,U8986,71288.87,12-07-2025
CONV00884,U1647,40448.04,04/13/2025
CONV00885,U7220,53795.12,07/31/2025
CONV00886,U8567,49758,11/28/2025
CONV00887,U0798,19290.21,08-11-2025
CONV00888,U5524,5440.48,05-09-2025
CONV00889,U1765,47288.9,07-06-2025
CONV00890,U1735,1863.34,07/22/2025
CONV00891,U4563,4012.47,12/27/2025
CONV00892,U8785,71958.33,11-07-2025
CONV00893,U2178,57307.44,07-12-2025
CONV00894,U9586,48313.95,08/25/2025
CONV00895,U2033,32565.96,06/15/2025
CONV00896,U2485,3564.57,08-10-2025
CONV00897,U0649,61093.76,10/18/2025
CONV00898,U8837,60257.79,02/19/2025
CONV00899,U0100,71559.34,02-04-2025
CONV00900,U3349,32398.3,05/15/2025
CONV00901,U9927,43549.32,06-07-2025
CONV00902,U6525,33522.18,07/29/2025
CONV00903,U0325,6930.04,08/13/2025
CONV00904,U4216,34430.02,07/26/2025
CONV00905,U3207,1702.95,04-06-2025
CONV00906,U6293,74073.51,09-10-2025
CONV00907,U3183,68546.64,09-04-2025
CONV00908,U0946,32235,12-07-2025
CONV00909,U0463,11730.4,01-12-2026
CONV00910,U2645,7603.71,01/29/2025
CONV00911,U6930,52118.88,04-11-2025
CONV00912,U1457,58419.32,03-08-2025
CONV00913,U2760,5935.72,10-01-2025
CONV00914,U2796,53025.51,04-07-2025
CONV00915,U3042,14317.66,05-07-2025
CONV00916,U1790,22514.58,12-04-2025
CONV00917,U7830,8235.08,09-07-2025
CONV00918,U0119,74027.08,08-05-2025
CONV00919,U5515,26223.5,07/19/2025
CONV00920,U5834,34676.25,07-11-2025
CONV00921,U4579,34304.91,01/15/2026
CONV00922,U5279,65602.52,02-03-2025
CONV00923,U1334,70654.71,07/13/2025
CONV00924,U2346,64367.6,10-10-2025
CONV00925,U8991,33886.78,08/31/2025
CONV00926,U1466,2919.72,03/25/2025
CONV00927,U7804,10829.91,12/27/2025
CONV00928,U9842,28743.02,02/25/2025
CONV00929,U4245,9020.14,03-11-2025
CONV00930,U5135,874.64,07/15/2025
CONV00931,U5981,50032.9,01-01-2026
CONV00932,U5177,17003.64,04-06-2025
CONV00933,U0563,38051.56,11/25/2025
CONV00934,U8111,5116.83,06/24/2025
CONV00935,U0862,29841.74,04/28/2025
CONV00936,U7757,6082.88,07/21/2025
CONV00937,U6452,56605.78,03-09-2025
CONV00938,U2254,22362.81,08/19/2025
CONV00939,U1671,71317.06,12/27/2025
CONV00940,U0860,25882.57,03/15/2025
CONV00941,U3947,51832.82,08/22/2025
CONV00942,U1469,21184.78,09/15/2025
CONV00943,U8016,38598.82,11/25/2025
CONV00944,U9714,74996.6,04/25/2025
CONV00945,U8807,52780.08,04/17/2025
CONV00946,U8831,56659.38,12/30/2025
CONV00947,U7328,10314.59,06/16/2025
CONV00948,U1387,27744.3,03/22/2025
CONV00949,U8511,33785.32,06/18/2025
CONV00950,U3439,61617.42,12/26/2025
CONV00951,U2199,44689.9,11/13/2025
CONV00952,U4271,12876.46,07/29/2025
CONV00953,U8781,55151.12,05-05-2025
CONV00954,U9912,12146.73,04/19/2025
CONV00955,U2042,41466.38,10-02-2025
CONV00956,U2398,8022.56,05-03-2025
CONV00957,U9648,26655.84,09/26/2025
CONV00958,U2798,26379.09,07-05-2025
CONV00959,U9705,51734.38,03/29/2025
CONV00960,U0867,58481.46,12/15/2025
CONV00961,U7679,71481.76,10-01-2025
CONV00962,U5124,6444.46,02/23/2025
CONV00963,U9080,51019.71,10-09-2025
CONV00964,U8723,1782.09,12/30/2025
CONV00965,U8653,45847.48,01/16/2026
CONV00966,U2185,32137.12,10-03-2025
CONV00967,U8833,36622,03-10-2025
CONV00968,U8447,46617.84,02-03-2025
CONV00969,U5799,66847.08,03-01-2025
CONV00970,U1389,12163.02,10-01-2025
CONV00971,U6133,66995.36,06/20/2025
CONV00972,U2292,1181.42,07/29/2025
CONV00973,U6899,50215.71,07/19/2025
CONV00974,U8120,24872.91,01-09-2026
CONV00975,U0347,37875.07,03/30/2025
CONV00976,U0132,21705.09,08/13/2025
CONV00977,U4088,20317.16,06/15/2025
CONV00978,U8231,74446.96,11/27/2025
CONV00979,U3149,46522.7,03/18/2025
CONV00980,U3792,36330.24,05-10-2025
CONV00981,U4597,19087.43,07/27/2025
CONV00982,U3474,68204.79,05/30/2025
CONV00983,U1828,51459.88,03/15/2025
CONV00984,U8665,49030.94,11-12-2025
CONV00985,U1972,66390.08,02/17/2025
CONV00986,U8956,54607.29,12-07-2025
CONV00987,U6852,66950.31,11-02-2025
CONV00988,U7146,39639.39,03-06-2025
CONV00989,U4746,59733.48,02/15/2025
CONV00990,U1229,38563.92,04-12-2025
CONV00991,U2622,52481.6,11/17/2025
CONV00992,U4972,20687.22,04/26/2025
CONV00993,U2428,65598.67,05/24/2025
CONV00994,U9915,71022.27,08-05-2025
CONV00995,U4832,61332.23,07-12-2025
CONV00996,U8805,54403.22,12/25/2025
CONV00997,U3378,20707.92,09-02-2025
CONV00998,U6040,37575.12,03/31/2025
CONV00999,U4622,66480.04,02-06-2025
CONV01000,U6987,48650.07,05/18/2025
CONV01001,U9885,2288.16,03/19/2025
CONV01002,U4386,1752.15,04/14/2025
CONV01003,U1393,57155.62,05-12-2025
CONV01004,U0916,47340.82,10-09-2025
CONV01005,U6805,17405.22,03/21/2025
CONV01006,U6304,67694.9,01-02-2026
CONV01007,U5855,9537.56,03-10-2025
CONV01008,U5487,32324.42,12-02-2025
CONV01009,U8180,20456.03,01-03-2026
CONV01010,U7319,43654.83,10-02-2025
CONV01011,U6309,32219.53,07/22/2025
CONV01012,U4029,37659.84,08-02-2025
CONV01013,U9519,58412,08/29/2025
CONV01014,U0282,71852.97,08-03-2025
CONV01015,U4829,64108.42,09/22/2025
CONV01016,U1921,28776.47,12/23/2025
CONV01017,U1209,12494.36,09-06-2025
CONV01018,U6824,55959.18,04-10-2025
CONV01019,U7275,22042.6,12-01-2025
CONV01020,U6495,34481.52,08/27/2025
CONV01021,U2570,28783.84,06/19/2025
CONV01022,U6428,45677.44,04-07-2025
CONV01023,U0896,15208.74,07/13/2025
CONV01024,U2667,16484.31,10-05-2025
CONV01025,U3938,42686.16,06-05-2025
CONV01026,U0139,37891.05,07-12-2025
CONV01027,U5429,8249.46,08/22/2025
CONV01028,U0613,51416.26,05/31/2025
CONV01029,U2308,74426.7,04-12-2025
CONV01030,U7060,51453.36,01/28/2025
CONV01031,U8152,57649.06,02/28/2025
CONV01032,U4844,43556,04-04-2025
CONV01033,U4195,11178.21,08/18/2025
CONV01034,U6702,33481.46,11/30/2025
CONV01035,U0700,55772.42,11/21/2025
CONV01036,U9342,29575.56,08-07-2025
CONV01037,U1788,8794.86,03/15/2025
CONV01038,U5611,52895.1,11/21/2025
CONV01039,U2385,42939.34,12/13/2025
CONV01040,U0887,51512.61,04/27/2025
CONV01041,U6637,53631.34,03-10-2025
CONV01042,U0881,72279.92,02/26/2025
CONV01043,U2633,68510.38,01-10-2026
CONV01044,U1275,11487.82,12/29/2025
CONV01045,U5185,20263.1,03/23/2025
CONV01046,U1597,73443.12,02-01-2025
CONV01047,U3132,28241.53,12/25/2025
CONV01048,U8178,31221.22,12-10-2025
CONV01049,U7518,41791.95,08/13/2025
CONV01050,U7168,46812.96,12/20/2025
CONV01051,U6739,56565.7,03/24/2025
CONV01052,U4750,58433.36,08/21/2025
CONV01053,U7602,59009.16,08-12-2025
CONV01054,U4334,18685.41,07-05-2025
CONV01055,U8503,13403,11/22/2025
CONV01056,U6445,10318.64,02/16/2025
CONV01057,U2596,53469.34,08/16/2025
CONV01058,U4264,15879.38,10/13/2025
CONV01059,U8908,2627.77,03-05-2025
CONV01060,U3634,63153.92,06/25/2025
CONV01061,U0380,8428.88,12-07-2025
CONV01062,U1521,27583.75,03-07-2025
CONV01063,U1206,16364.47,09/20/2025
CONV01064,U4895,42871.58,01/25/2025
CONV01065,U9831,39489.82,10/15/2025
CONV01066,U8385,27843.14,04/17/2025
CONV01067,U2074,15543.39,05/20/2025
CONV01068,U7145,15084.27,09/25/2025
CONV01069,U9563,59711.9,11/27/2025
CONV01070,U5223,29191.16,11/21/2025
CONV01071,U8379,22540.41,06-05-2025
CONV01072,U7036,6143.55,04/27/2025
CONV01073,U0179,42884.6,06/28/2025
CONV01074,U8639,21395.1,05-11-2025
CONV01075,U5207,4437.24,06/28/2025
CONV01076,U2804,29177.18,11/22/2025
CONV01077,U0077,63241.98,09-06-2025
CONV01078,U1138,60336.62,09/21/2025
CONV01079,U5132,29954.56,10-02-2025
CONV01080,U1684,62040.15,01/19/2025
CONV01081,U3132,70107.69,08-04-2025
CONV01082,U1230,46246.74,06-10-2025
CONV01083,U7549,64745.7,03/27/2025
CONV01084,U8645,49849.22,05-12-2025
CONV01085,U1357,65560.77,07/21/2025
CONV01086,U3482,35510.16,01/19/2025
CONV01087,U8645,70870.32,10/13/2025
CONV01088,U3585,65188.52,07/22/2025
CONV01089,U5033,11686.26,11/20/2025
CONV01090,U3065,49895,05/31/2025
CONV01091,U3475,32740.5,03/29/2025
CONV01092,U6268,14816.64,08-10-2025
CONV01093,U1789,19234.11,12/18/2025
CONV01094,U1079,17565.03,10/19/2025
CONV01095,U4396,59090.28,09/22/2025
CONV01096,U3033,36149.31,09/24/2025
CONV01097,U7459,35989.1,03/24/2025
CONV01098,U9733,824.73,07/27/2025
CONV01099,U4763,13172.37,05-01-2025
CONV01100,U8941,19575.1,05/26/2025
CONV01101,U9761,51669.48,09/28/2025
CONV01102,U5853,43635.63,10-04-2025
CONV01103,U1769,41210.04,06/19/2025
CONV01104,U5427,70936.04,07/28/2025
CONV01105,U2015,72635.37,09-04-2025
CONV01106,U2411,39596.58,09-05-2025
CONV01107,U4829,16886.4,02-03-2025
CONV01108,U5772,19418.94,12/16/2025
CONV01109,U2338,68930.79,04/20/2025
CONV01110,U6329,8036.8,08/13/2025
CONV01111,U5284,57748.78,11-01-2025
CONV01112,U4872,41277.93,10/30/2025
CONV01113,U8255,35527.12,12/30/2025
CONV01114,U0433,11188.48,09-02-2025
CONV01115,U8901,56833.63,10/29/2025
CONV01116,U7541,20810.47,02/17/2025
CONV01117,U7889,5269.22,01-12-2026
CONV01118,U3360,55726.48,10-07-2025
CONV01119,U0106,15651.96,09-08-2025
CONV01120,U4051,2580.74,05-01-2025
CONV01121,U3016,61760.22,05/22/2025
CONV01122,U0355,56036.44,04-12-2025
CONV01123,U4752,71962.54,06/13/2025
CONV01124,U7602,2826.82,08/16/2025
CONV01125,U7283,35492.1,02/14/2025
CONV01126,U3454,29753.85,06/30/2025
CONV01127,U5559,59162.24,09-01-2025
CONV01128,U9927,53356.14,12/20/2025
CONV01129,U5704,30730.22,10/28/2025
CONV01130,U8183,57173.26,01-07-2026
CONV01131,U1055,9249.67,02/28/2025
CONV01132,U2852,34126.1,06/18/2025
CONV01133,U4688,12785.14,05/22/2025
CONV01134,U1577,11186.78,04/15/2025
CONV01135,U3037,54825.04,01-01-2026
CONV01136,U5769,42233.28,07-06-2025
CONV01137,U9325,39155.58,02/13/2025
CONV01138,U0370,62240.02,05-07-2025
CONV01139,U3956,23933.78,10-12-2025
CONV01140,U0492,20120.42,01/27/2025
CONV01141,U1022,60570.4,05/19/2025
CONV01142,U9801,41693.32,12-10-2025
CONV01143,U8317,32790.03,05-05-2025
CONV01144,U8753,51506.94,11-08-2025
CONV01145,U2052,41553.7,08-12-2025
CONV01146,U7153,7580.33,01/30/2025
CONV01147,U4095,10158.66,02-04-2025
CONV01148,U4791,36293.58,03-11-2025
CONV01149,U5849,23226.88,05-04-2025
CONV01150,U5225,8500.08,01-04-2026
CONV01151,U2247,55836.72,09/30/2025
CONV01152,U7214,2330.76,12/25/2025
CONV01153,U0979,37530.3,06/19/2025
CONV01154,U3022,4630.27,12/13/2025
CONV01155,U4302,2780.37,11/22/2025
CONV01156,U6359,74323.67,12/31/2025
CONV01157,U4262,56113.32,04/23/2025
CONV01158,U1402,25811.78,05/20/2025
CONV01159,U9962,42956.74,01/17/2025
CONV01160,U7643,48102.42,02-05-2025
CONV01161,U9035,14100.44,07-04-2025
CONV01162,U2407,18025.94,12-03-2025
CONV01163,U5200,17675.46,02/21/2025
CONV01164,U8855,26717.43,01/25/2025
CONV01165,U5338,61834.95,11-02-2025
CONV01166,U9945,67381.38,07/15/2025
CONV01167,U4766,8637.74,03/24/2025
CONV01168,U5637,44014.46,05-12-2025
CONV01169,U9264,41456.3,09/28/2025
CONV01170,U9947,39384.94,09-09-2025
CONV01171,U3983,24125.12,07-08-2025
CONV01172,U9183,27650.55,10-01-2025
CONV01173,U8809,44168.08,05-10-2025
CONV01174,U6693,43518.87,08/24/2025
CONV01175,U4316,35637.12,10/14/2025
CONV01176,U2169,29567.48,10-04-2025
CONV01177,U1951,45950.24,06/25/2025
CONV01178,U7369,36175.12,08/16/2025
CONV01179,U1373,44783.84,04-09-2025
CONV01180,U4577,37377.04,02/20/2025
CONV01181,U4674,56979.54,07/15/2025
CONV01182,U9424,26540.42,11/17/2025
CONV01183,U4727,8629.36,05/20/2025
CONV01184,U2767,3701.07,02-12-2025
CONV01185,U6055,32417.82,04/29/2025
CONV01186,U1966,20281.95,09-12-2025
CONV01187,U3645,38399.22,02/16/2025
CONV01188,U5158,69978.33,02/14/2025
CONV01189,U0584,19009.1,12-09-2025
CONV01190,U7939,21733.02,04-12-2025
CONV01191,U8040,53466.8,10/14/2025
CONV01192,U3846,40136.75,12/23/2025
CONV01193,U6426,36461.2,11-06-2025
CONV01194,U4054,13832.43,01-05-2026
CONV01195,U2099,31341.21,09-12-2025
CONV01196,U0997,50867.94,10/28/2025
CONV01197,U4397,25983.24,10-02-2025
CONV01198,U8783,71129.92,05-05-2025
CONV01199,U6213,68482.96,03-12-2025
CONV01200,U8774,40525.64,05-09-2025
CONV01201,U9060,63527.04,06-01-2025
CONV01202,U2572,17827.89,06/18/2025
CONV01203,U6566,20797.4,03-11-2025
CONV01204,U0331,40971.07,02-06-2025
CONV01205,U9924,38792.4,06-09-2025
CONV01206,U9441,32642.94,09-06-2025
CONV01207,U8737,2028.03,10-02-2025
CONV01208,U9468,17984.58,01/24/2025
CONV01209,U1371,16170.38,03/20/2025
CONV01210,U7759,42822.96,10-02-2025
CONV01211,U2468,42724.44,02-01-2025
CONV01212,U8939,18253.65,09/27/2025
CONV01213,U1722,28644.69,08/30/2025
CONV01214,U7170,32245.53,03-05-2025
CONV01215,U6544,33084.34,01/14/2025
CONV01216,U2319,15931.29,06/17/2025
CONV01217,U5410,53844.8,03/26/2025
CONV01218,U0092,15545.62,06-12-2025
CONV01219,U9740,47998.5,04/19/2025
CONV01220,U4657,23451.96,08/26/2025
CONV01221,U1270,55001.36,11-08-2025
CONV01222,U9623,43492.44,12/24/2025
CONV01223,U7757,58914.84,04/24/2025
CONV01224,U5298,38744.12,02/23/2025
CONV01225,U3945,58213.53,11-05-2025
CONV01226,U3505,21371.96,03/31/2025
CONV01227,U1971,26602.4,10/13/2025
CONV01228,U9172,14041.17,05-01-2025
CONV01229,U9605,68394.78,07-07-2025
CONV01230,U4505,4010.86,12/17/2025
CONV01231,U7714,37154.8,11/23/2025
CONV01232,U2899,62679.28,03-12-2025
CONV01233,U4547,55505.92,04/20/2025
CONV01234,U6606,5315.14,08-08-2025
CONV01235,U0730,51887.22,06-04-2025
CONV01236,U5746,42936.87,03/24/2025
CONV01237,U2991,44642.77,03/16/2025
CONV01238,U1332,51306.12,06-06-2025
CONV01239,U4704,42704.22,04/15/2025
CONV01240,U4250,7611.6,01-04-2026
CONV01241,U2794,12311.04,02-06-2025
CONV01242,U4730,72660.42,05-04-2025
CONV01243,U7663,9310.89,06-04-2025
CONV01244,U9237,67669.67,07/23/2025
CONV01245,U5484,8190.42,07/21/2025
CONV01246,U7193,43515.42,11/25/2025
CONV01247,U5536,23037.87,10-04-2025
CONV01248,U9462,12928.94,07/30/2025
CONV01249,U2287,59301.28,03-09-2025
CONV01250,U2709,11701.2,09/21/2025
CONV01251,U7153,12194.74,03-05-2025
CONV01252,U9009,16527.53,01-02-2026
CONV01253,U6351,70193.24,03/19/2025
CONV01254,U1175,55726.86,07/15/2025
CONV01255,U5936,868.17,07/13/2025
CONV01256,U0725,7644.14,05-01-2025
CONV01257,U7876,14079.21,01/30/2025
CONV01258,U6627,10308.91,01/23/2025
CONV01259,U6582,32304.86,08/28/2025
CONV01260,U5490,59072.98,10/14/2025
CONV01261,U9670,61103.01,06-05-2025
CONV01262,U8022,66770.56,09/14/2025
CONV01263,U8893,27248.75,05/17/2025
CONV01264,U5854,30168.93,01/24/2025
CONV01265,U8085,72910.06,08/31/2025
CONV01266,U5351,45994.5,08-02-2025
CONV01267,U4948,14406.82,08/28/2025
CONV01268,U1908,74622.69,04/28/2025
CONV01269,U9394,70209.26,09-08-2025
CONV01270,U2970,1125.04,12/20/2025
CONV01271,U9816,17183.28,11/22/2025
CONV01272,U9984,47881.88,09-03-2025
CONV01273,U5238,35049.6,07/20/2025
CONV01274,U4190,64032.66,08/25/2025
CONV01275,U3401,22417.86,10-09-2025
CONV01276,U2732,32791.16,12-10-2025
CONV01277,U6149,45828.8,10/30/2025
CONV01278,U9352,12564.48,06/22/2025
CONV01279,U9819,27715.72,05/26/2025
CONV01280,U8108,69397.86,08/31/2025
CONV01281,U7603,68115.6,12/14/2025
CONV01282,U0476,46020.68,11/29/2025
CONV01283,U5326,43020.98,11/24/2025
CONV01284,U6379,15082.59,11-08-2025
CONV01285,U3274,5562.34,06/15/2025
CONV01286,U7269,37890.96,05-07-2025
CONV01287,U0113,30921.24,02-02-2025
CONV01288,U1983,53821.24,11/21/2025
CONV01289,U5954,38733.32,08/13/2025
CONV01290,U9500,27959.98,03/20/2025
CONV01291,U1592,6249.66,07/16/2025
CONV01292,U5418,42941.16,09-07-2025
CONV01293,U9234,23519.72,07/27/2025
CONV01294,U4832,52359.87,03/25/2025
CONV01295,U3468,44129.43,11-03-2025
CONV01296,U6650,13402.95,09/13/2025
CONV01297,U7951,39748.84,12-03-2025
CONV01298,U3383,45941.61,05/18/2025
CONV01299,U0200,15787.84,10/17/2025
CONV01300,U1101,63610.47,06-05-2025
CONV01301,U4196,49072.44,04-11-2025
CONV01302,U4355,55925.96,11-02-2025
CONV01303,U3997,35222.15,11/13/2025
CONV01304,U7241,8165.79,03-02-2025
CONV01305,U7042,33616.16,03/19/2025
CONV01306,U6672,47611.27,11/14/2025
CONV01307,U4329,21190.16,10/17/2025
CONV01308,U7989,73095.81,01/19/2025
CONV01309,U4992,48112.82,03-07-2025
CONV01310,U8222,40132.17,06-09-2025
CONV01311,U2563,13504.47,04/14/2025
CONV01312,U9753,17732.73,08-10-2025
CONV01313,U5167,42574.02,09-12-2025
CONV01314,U2293,61526.08,08/28/2025
CONV01315,U0388,29143.66,07-01-2025
CONV01316,U4489,12661.04,03/19/2025
CONV01317,U6391,19301.07,01-07-2026
CONV01318,U4523,69327.75,10-06-2025
CONV01319,U2487,43376.04,04-05-2025
CONV01320,U4272,22387.89,10/13/2025
CONV01321,U7305,35523.24,05-04-2025
CONV01322,U2299,32479.32,03/28/2025
CONV01323,U6120,74677.35,02-08-2025
CONV01324,U1100,73086.39,03-04-2025
CONV01325,U9404,74476.52,09/21/2025
CONV01326,U5414,43460.37,02/21/2025
CONV01327,U9417,62245.53,05/31/2025
CONV01328,U9575,34738.18,01-02-2026
CONV01329,U3378,2697.16,06/26/2025
CONV01330,U5167,15726.33,05-03-2025
CONV01331,U2250,71140.02,08/14/2025
CONV01332,U7186,57995.54,08-11-2025
CONV01333,U1994,70596.66,04/17/2025
CONV01334,U8306,38523.6,08-03-2025
CONV01335,U1640,62862.69,07/14/2025
CONV01336,U7723,48816.45,01/19/2025
CONV01337,U8498,35633.6,03/22/2025
CONV01338,U6798,13716.84,04-07-2025
CONV01339,U2661,23475.32,02-05-2025
CONV01340,U5433,55320.1,01/19/2025
CONV01341,U2782,26638.48,03/29/2025
CONV01342,U6801,64376,10/27/2025
CONV01343,U2101,27894.51,07-04-2025
CONV01344,U3216,10388.22,04-05-2025
CONV01345,U4626,17547.09,11/16/2025
CONV01346,U8469,67540.26,11-02-2025
CONV01347,U6309,15443.79,11/25/2025
CONV01348,U2653,43227.44,08-07-2025
CONV01349,U7426,33409.83,12-08-2025
CONV01350,U4183,41505.88,07/15/2025
CONV01351,U6989,10122.44,12-02-2025
CONV01352,U5696,41832.42,07-07-2025
CONV01353,U3193,58361.42,03/20/2025
CONV01354,U8603,40804.7,02/16/2025
CONV01355,U3708,32233.17,03/25/2025
CONV01356,U6902,10856.9,10-01-2025
CONV01357,U5106,44853.38,04/19/2025
CONV01358,U3973,31861.44,08-07-2025
CONV01359,U2301,55669.38,08/24/2025
CONV01360,U0177,23853.68,11/26/2025
CONV01361,U8868,5977.41,12-03-2025
CONV01362,U1849,44184.66,12/15/2025
CONV01363,U9815,63859.94,07/20/2025
CONV01364,U4520,25165.6,05/30/2025
CONV01365,U3978,44638.02,11/17/2025
CONV01366,U6158,69449.3,11/19/2025
CONV01367,U1616,72529.68,10/29/2025
CONV01368,U5691,34960.17,12/25/2025
CONV01369,U0421,2542.73,05/21/2025
CONV01370,U7482,51463.62,05/21/2025
CONV01371,U4312,57982.56,04-10-2025
CONV01372,U8190,46517.9,03-10-2025
CONV01373,U6653,48231.02,07-04-2025
CONV01374,U5522,12571.89,08/18/2025
CONV01375,U9183,13959.68,06/20/2025
CONV01376,U6630,26007.18,05/26/2025
CONV01377,U9341,33608.3,02/13/2025
CONV01378,U3588,48856.22,05-12-2025
CONV01379,U7918,41678.53,08/31/2025
CONV01380,U9429,53225.88,07/29/2025
CONV01381,U5246,71888.26,10-08-2025
CONV01382,U1584,40500.48,09/20/2025
CONV01383,U9078,43388.74,04/26/2025
CONV01384,U2808,42255.45,01/13/2025
CONV01385,U1072,71090.82,06/14/2025
CONV01386,U6493,23754.52,05/13/2025
CONV01387,U6671,44325.28,04-11-2025
CONV01388,U1961,40085.56,03-01-2025
CONV01389,U2970,37501.9,01/19/2025
CONV01390,U6348,35974.75,08/24/2025
CONV01391,U7052,14454.06,05/22/2025
CONV01392,U8584,45757.34,05/29/2025
CONV01393,U0207,23490.09,01/28/2025
CONV01394,U8163,73201.24,04-07-2025
CONV01395,U2909,61560.4,09/17/2025
CONV01396,U1766,44565.39,07-03-2025
CONV01397,U5528,62508.93,09/15/2025
CONV01398,U2317,59708.5,05-04-2025
CONV01399,U1619,49369.2,10/23/2025
CONV01400,U8952,24533.49,12-10-2025
CONV01401,U1350,8495.66,09/26/2025
CONV01402,U0904,71048.4,10-07-2025
CONV01403,U0786,72532.54,10/13/2025
CONV01404,U7108,13988.04,09/29/2025
CONV01405,U5248,37524.18,02/25/2025
CONV01406,U4759,61162.6,01/29/2025
CONV01407,U0734,19028.36,04-11-2025
CONV01408,U4467,31629.63,08-11-2025
CONV01409,U6480,34097.77,02-12-2025
CONV01410,U1090,13176.97,04/27/2025
CONV01411,U4665,57253.46,10/31/2025
CONV01412,U8491,8868.78,01/26/2025
CONV01413,U3961,33279.56,08/16/2025
CONV01414,U3448,1805.18,06/16/2025
CONV01415,U0925,71051.48,08-05-2025
CONV01416,U0415,18998.88,08/30/2025
CONV01417,U0930,31186.88,03/16/2025
CONV01418,U6069,8456.59,01/27/2025
CONV01419,U9289,47400.28,03/21/2025
CONV01420,U9364,51656.54,12-09-2025
CONV01421,U5655,69017.42,11/26/2025
CONV01422,U2857,12653.5,08-10-2025
CONV01423,U8872,63130.05,05-08-2025
CONV01424,U7273,25831.75,08-08-2025
CONV01425,U3129,54901.04,11/13/2025
CONV01426,U6141,29917.59,12-11-2025
CONV01427,U6753,25822.98,02/24/2025
CONV01428,U0391,42878.92,12/27/2025
CONV01429,U3241,35542.05,04/15/2025
CONV01430,U1405,64772.01,01-12-2025
CONV01431,U3490,47024.96,06/17/2025
CONV01432,U4969,67635.66,02/25/2025
CONV01433,U2594,35615.4,10/23/2025
CONV01434,U0646,28918.2,03/16/2025
CONV01435,U9371,2224.37,04/19/2025
CONV01436,U2904,51044.96,04-09-2025
CONV01437,U4790,45508.83,01/25/2026
CONV01438,U4141,73666.2,05-07-2025
CONV01439,U5024,25810.7,05/23/2025
CONV01440,U0175,29014.83,11/18/2025
CONV01441,U6147,38809.38,07/16/2025
CONV01442,U4286,21661.86,10-12-2025
CONV01443,U0377,6275.28,03/18/2025
CONV01444,U1236,55435.38,01/15/2025
CONV01445,U5422,9806.9,12/29/2025
CONV01446,U0063,16358.76,09-01-2025
CONV01447,U8116,35588.88,11/29/2025
CONV01448,U2882,65954.61,04/30/2025
CONV01449,U3065,30054.09,07-10-2025
CONV01450,U3576,26348.36,08/14/2025
CONV01451,U1060,26308.57,02/24/2025
CONV01452,U0197,44419.29,01-10-2026
CONV01453,U7386,36423.33,07/18/2025
CONV01454,U0700,35272.16,01-03-2026
CONV01455,U6318,11102.84,08/13/2025
CONV01456,U2831,16861.78,03/19/2025
CONV01457,U8149,62361.03,08/16/2025
CONV01458,U7092,72705.67,08-12-2025
CONV01459,U4741,70792.84,04-08-2025
CONV01460,U2599,51541.27,07-06-2025
CONV01461,U2100,5437.04,07/23/2025
CONV01462,U3825,67711.62,06/25/2025
CONV01463,U5273,17747.8,12-08-2025
CONV01464,U5136,56451.78,10-08-2025
CONV01465,U1097,15093.75,09-12-2025
CONV01466,U7762,976.7,05/18/2025
CONV01467,U5148,61942.12,11/26/2025
CONV01468,U3194,19180.81,10-08-2025
CONV01469,U4852,48566.13,01/26/2025
CONV01470,U9098,57065.77,03/25/2025
CONV01471,U4666,24718.17,03/25/2025
CONV01472,U6145,32993.77,10/19/2025
CONV01473,U9268,38744.34,11-11-2025
CONV01474,U1676,18199.76,10/19/2025
CONV01475,U8069,39707.44,08/14/2025
CONV01476,U2607,18515.46,03/21/2025
CONV01477,U7843,57070.68,02/21/2025
CONV01478,U6485,22255.72,01-10-2025
CONV01479,U3422,1281.06,05/20/2025
CONV01480,U6508,1295.73,05-09-2025
CONV01481,U3303,15286.11,12-06-2025
CONV01482,U7300,38751.52,11/17/2025
CONV01483,U3369,56235.03,05-09-2025
CONV01484,U3766,38699.13,10/27/2025
CONV01485,U5364,56724,09/21/2025
CONV01486,U4072,66417.62,03-08-2025
CONV01487,U4972,42932.24,08/21/2025
CONV01488,U6109,49281.74,02/17/2025
CONV01489,U1972,59612.62,12/20/2025
CONV01490,U7459,21030.24,10/24/2025
CONV01491,U1068,2969.94,08-07-2025
CONV01492,U0722,65820.9,12/25/2025
CONV01493,U4456,34013.19,04-07-2025
CONV01494,U3794,7314.88,02-05-2025
CONV01495,U9028,55338.23,10/15/2025
CONV01496,U4792,66790.11,04-07-2025
CONV01497,U2256,35391.72,07/14/2025
CONV01498,U2377,47727.78,11/26/2025
CONV01499,U6494,9057.09,02/27/2025
CONV01500,U9019,17588.6,12/29/2025
CONV01501,U8986,61587.54,07/29/2025
CONV01502,U7433,56683.94,04-12-2025
CONV01503,U5023,62023.47,05/21/2025
CONV01504,U3393,5726.37,04/20/2025
CONV01505,U4919,16227.3,07-08-2025
CONV01506,U8192,19741.83,06/28/2025
CONV01507,U5752,28962.57,01/16/2026
CONV01508,U4021,28953.94,11/30/2025
CONV01509,U7393,7800.32,05-12-2025
CONV01510,U1133,21149.54,10-03-2025
CONV01511,U8467,34290.65,10-06-2025
CONV01512,U2537,36853.88,02-09-2025
CONV01513,U4953,65018.25,04/22/2025
CONV01514,U1664,55721.46,04/25/2025
CONV01515,U7045,67403.44,01/22/2025
CONV01516,U9131,5589.27,01-03-2026
CONV01517,U1983,43103.73,02-03-2025
CONV01518,U1095,31434.24,12/20/2025
CONV01519,U6402,38632.05,01-06-2025
CONV01520,U4970,18842.95,03/27/2025
CONV01521,U1623,47779.7,04/16/2025
CONV01522,U1115,42787.18,09-09-2025
CONV01523,U0978,24546.21,08/22/2025
CONV01524,U3682,71242.05,03/23/2025
CONV01525,U4713,45286.77,09/25/2025
CONV01526,U6055,35239.65,06/17/2025
CONV01527,U7700,56988.27,10/15/2025
CONV01528,U9405,7505.84,03/27/2025
CONV01529,U4395,38878.71,05/29/2025
CONV01530,U3144,31306.78,06/29/2025
CONV01531,U4834,27590.4,04/25/2025
CONV01532,U1921,16025.73,06/24/2025
CONV01533,U7936,40652.6,05/23/2025
CONV01534,U9023,14777.91,08/19/2025
CONV01535,U8375,20478.31,10/31/2025
CONV01536,U1957,27579.12,04-07-2025
CONV01537,U4398,55919.46,03/20/2025
CONV01538,U4542,17863.76,06/14/2025
CONV01539,U2486,24266.3,01/19/2025
CONV01540,U1494,73416.44,10/28/2025
CONV01541,U3966,66972.48,09/22/2025
CONV01542,U7131,29462.72,10/30/2025
CONV01543,U2464,28977.07,08-02-2025
CONV01544,U5609,38436.28,06/26/2025
CONV01545,U9847,13252.34,01-05-2026
CONV01546,U4763,65921.49,05/29/2025
CONV01547,U7410,26379.93,01/24/2025
CONV01548,U7166,20732.28,06-09-2025
CONV01549,U8474,15281.64,11-04-2025
CONV01550,U2602,41797.18,02/25/2025
CONV01551,U7142,31152.74,05/28/2025
CONV01552,U2883,70694.7,06/25/2025
CONV01553,U1104,58898.42,03-10-2025
CONV01554,U2503,59177.94,10-11-2025
CONV01555,U0932,4339.58,07/25/2025
CONV01556,U7577,53483.02,05/28/2025
CONV01557,U2227,40020.32,01/16/2025
CONV01558,U7646,59139.06,12/16/2025
CONV01559,U2069,45285.02,01/30/2025
CONV01560,U4908,36926.2,08-04-2025
CONV01561,U9674,23171.43,03/20/2025
CONV01562,U7641,66266.97,01/14/2026
CONV01563,U1660,26778.72,06/30/2025
CONV01564,U8398,70097.81,11-06-2025
CONV01565,U2719,56017.08,01/23/2025
CONV01566,U6083,25552.54,02-01-2025
CONV01567,U8471,33301.03,11-11-2025
CONV01568,U8290,61984.94,02/14/2025
CONV01569,U1527,30034.16,11/13/2025
CONV01570,U3173,41368.9,08-10-2025
CONV01571,U7908,68698.69,02-08-2025
CONV01572,U6097,42223.73,09/26/2025
CONV01573,U9663,60609.52,10/18/2025
CONV01574,U8337,74354.98,06-04-2025
CONV01575,U3664,67959.23,05/22/2025
CONV01576,U6870,6773.85,10/23/2025
CONV01577,U7138,31506.04,07/27/2025
CONV01578,U6494,32685.34,11-05-2025
CONV01579,U9798,64100,06/20/2025
CONV01580,U8072,12027.66,02/18/2025
CONV01581,U5854,3751.92,01-05-2026
CONV01582,U0648,69249.42,12-06-2025
CONV01583,U8620,11042.24,02/20/2025
CONV01584,U3667,29959.47,12/29/2025
CONV01585,U5021,61236.87,06/13/2025
CONV01586,U2437,6649.4,01/14/2026
CONV01587,U4629,43760.82,07-12-2025
CONV01588,U9046,53401.47,11/25/2025
CONV01589,U5654,63203.26,02/28/2025
CONV01590,U5302,25022.94,09/18/2025
CONV01591,U4106,65757.44,08-11-2025
CONV01592,U4553,31776.86,05-08-2025
CONV01593,U5525,58038.93,01/18/2025
CONV01594,U4481,40008.58,10/17/2025
CONV01595,U8965,34640.4,06-07-2025
CONV01596,U7775,66414.32,08/20/2025
CONV01597,U0635,43782.6,05-10-2025
CONV01598,U3916,4296.46,07/25/2025
CONV01599,U5017,37625.19,11/22/2025
CONV01600,U6374,13909.83,11-04-2025
CONV01601,U4024,10393.41,09/26/2025
CONV01602,U2652,12920.12,08-10-2025
CONV01603,U1249,70329.88,04/20/2025
CONV01604,U5531,62762.96,03/21/2025
CONV01605,U1365,13847.6,07/27/2025
CONV01606,U1416,26151.02,02/18/2025
CONV01607,U5574,60690.16,08-12-2025
CONV01608,U9607,17586.27,01/14/2026
CONV01609,U3263,14714.98,02-09-2025
CONV01610,U0122,10705.41,06/14/2025
CONV01611,U7757,54648.34,09/21/2025
CONV01612,U6974,8663.14,06/30/2025
CONV01613,U2508,31343.22,05/26/2025
CONV01614,U6667,25085.73,02-03-2025
CONV01615,U5940,57773.91,03-10-2025
CONV01616,U3794,63228.94,02-12-2025
CONV01617,U8947,22842.8,06/30/2025
CONV01618,U4409,7752.88,02/26/2025
CONV01619,U6652,12541.41,11-04-2025
CONV01620,U9323,61059.44,01-09-2026
CONV01621,U8351,51344.77,05/31/2025
CONV01622,U0973,50266,08/15/2025
CONV01623,U6743,19240.53,11/20/2025
CONV01624,U0024,14943.99,03-08-2025
CONV01625,U4077,17891.03,03/16/2025
CONV01626,U4531,49150.08,03/21/2025
CONV01627,U7325,48861.28,03/18/2025
CONV01628,U4507,64438.4,08/20/2025
CONV01629,U3978,33230.73,09/16/2025
CONV01630,U7517,31445.28,10/24/2025
CONV01631,U7754,34491.36,10-08-2025
CONV01632,U4418,33281.1,03/28/2025
CONV01633,U8351,20624.93,12-06-2025
CONV01634,U8463,2257.24,06/26/2025
CONV01635,U9109,69388.98,12-10-2025
CONV01636,U5364,42920.37,12/20/2025
CONV01637,U4116,15560.4,01-04-2026
CONV01638,U3216,64441.38,05/17/2025
CONV01639,U9215,8412.03,02-06-2025
CONV01640,U8766,74240.76,02/24/2025
CONV01641,U6077,1618.56,03-09-2025
CONV01642,U3426,18325.68,02/20/2025
CONV01643,U0724,40924.83,09/22/2025
CONV01644,U1454,69417.23,09/23/2025
CONV01645,U9115,55613.37,01-12-2026
CONV01646,U3838,15292.3,01/30/2025
CONV01647,U3697,9502.3,12-12-2025
CONV01648,U2522,67660.88,01-03-2026
CONV01649,U6888,12446.92,02/27/2025
CONV01650,U4361,66374.28,10-10-2025
CONV01651,U8731,71556.15,12/18/2025
CONV01652,U3509,22693.41,02-04-2025
CONV01653,U2078,52745.01,02/27/2025
CONV01654,U2216,40772.64,02-04-2025
CONV01655,U1216,6954.91,05/20/2025
CONV01656,U2922,63880.69,01/29/2025
CONV01657,U7248,47813.7,02-08-2025
CONV01658,U0491,2778.64,02-07-2025
CONV01659,U9599,14888.84,03/13/2025
CONV01660,U9911,74138.91,01/24/2025
CONV01661,U4750,7064.25,06/25/2025
CONV01662,U8557,61958.5,02/18/2025
CONV01663,U8310,4027.88,08-12-2025
CONV01664,U5595,39054.88,03-03-2025
CONV01665,U2446,74307.06,05/29/2025
CONV01666,U0687,47157.51,10-11-2025
CONV01667,U9147,59149.35,08/24/2025
CONV01668,U2006,39996.75,08/17/2025
CONV01669,U2908,66123.7,10/15/2025
CONV01670,U6549,50720.24,05/22/2025
CONV01671,U9363,54993.46,12-10-2025
CONV01672,U6034,8478.9,10/28/2025
CONV01673,U6388,28494.63,03/31/2025
CONV01674,U5570,22567.11,11-05-2025
CONV01675,U4585,72027.9,06/14/2025
CONV01676,U9111,14000.25,01-01-2026
CONV01677,U1009,3537.42,01-01-2026
CONV01678,U5818,44343.78,05-08-2025
CONV01679,U1476,34514.73,03-04-2025
CONV01680,U9721,15450.76,02/22/2025
CONV01681,U6663,71748.63,02/16/2025
CONV01682,U6672,39692.2,10-10-2025
CONV01683,U9603,31565.43,03/13/2025
CONV01684,U5470,37678.36,09/22/2025
CONV01685,U3502,59562.13,07/24/2025
CONV01686,U9422,22449.07,06-03-2025
CONV01687,U2283,61259.77,08-02-2025
CONV01688,U7394,31806.47,05/23/2025
CONV01689,U6673,2328.12,02/16/2025
CONV01690,U8509,56165.96,01-04-2026
CONV01691,U5920,45851.49,08/14/2025
CONV01692,U1638,67388.9,04-11-2025
CONV01693,U1783,36781.3,09/30/2025
CONV01694,U4322,9350.26,06-07-2025
CONV01695,U4890,50282.68,05/19/2025
CONV01696,U6133,4714.98,12-02-2025
CONV01697,U8314,53285.38,08-02-2025
CONV01698,U4182,56899.24,11/17/2025
CONV01699,U6159,41787.87,12/22/2025
CONV01700,U4843,27938.9,03/28/2025
CONV01701,U0349,46694.68,10-11-2025
CONV01702,U4824,42620.7,04/13/2025
CONV01703,U2540,34695.72,08-05-2025
CONV01704,U9203,17114.5,05/18/2025
CONV01705,U2270,2049.32,12/29/2025
CONV01706,U2335,32985.51,12/22/2025
CONV01707,U2403,7692.18,08/28/2025
CONV01708,U3550,60799.11,01-11-2025
CONV01709,U4128,40954,04/16/2025
CONV01710,U0483,17362.3,03/26/2025
CONV01711,U1026,73489.05,02-10-2025
CONV01712,U5487,28607.97,01/15/2025
CONV01713,U0891,13906.3,09-10-2025
CONV01714,U2354,17122.92,02-03-2025
CONV01715,U6402,70762.62,04/22/2025
CONV01716,U2248,60051.03,07/19/2025
CONV01717,U2638,45433.52,11-10-2025
CONV01718,U1101,34449.58,04-12-2025
CONV01719,U1782,6626.96,08/28/2025
CONV01720,U0008,56462.58,07/21/2025
CONV01721,U9396,14886.26,07-10-2025
CONV01722,U0806,4298.08,04/24/2025
CONV01723,U7065,18310.68,05/28/2025
CONV01724,U7590,13396.12,09/18/2025
CONV01725,U8786,15108.87,04/20/2025
CONV01726,U9937,32382.02,09-08-2025
CONV01727,U8905,2914.9,12/22/2025
CONV01728,U9644,32580.18,10/27/2025
CONV01729,U3866,60714.72,08/23/2025
CONV01730,U2801,26685.81,04/24/2025
CONV01731,U8833,20419.47,09-05-2025
CONV01732,U1192,42914.13,11-03-2025
CONV01733,U4400,45965.37,05-10-2025
CONV01734,U5422,54925.53,02-08-2025
CONV01735,U2130,63575.56,06/21/2025
CONV01736,U5682,38434.47,09/19/2025
CONV01737,U3855,29744.34,10-12-2025
CONV01738,U4504,5463.46,08-03-2025
CONV01739,U2457,33157.5,12-01-2025
CONV01740,U0626,51356.04,11/26/2025
CONV01741,U0850,2969.91,01/20/2026
CONV01742,U9326,10018.29,01/28/2025
CONV01743,U4116,34955.93,04/16/2025
CONV01744,U2181,43521.94,12/24/2025
CONV01745,U1690,20109.09,07/15/2025
CONV01746,U2915,72670.63,06/30/2025
CONV01747,U9961,17348.86,01/17/2026
CONV01748,U0421,20266.56,12-09-2025
CONV01749,U4708,15166.35,06-03-2025
CONV01750,U7885,4231.58,11/19/2025
CONV01751,U5968,7299.39,04/27/2025
CONV01752,U2843,16674.22,07/20/2025
CONV01753,U7330,72015.17,06/20/2025
CONV01754,U0577,29182.72,07/17/2025
CONV01755,U9914,20922.39,03/13/2025
CONV01756,U6590,25318.82,04/19/2025
CONV01757,U8298,33583.46,08-10-2025
CONV01758,U4582,55166.92,10/18/2025
CONV01759,U4990,61072.04,11/24/2025
CONV01760,U0703,48208,04-08-2025
CONV01761,U5341,1163.55,06/22/2025
CONV01762,U9103,21830.28,04/13/2025
CONV01763,U8039,52009.27,04/13/2025
CONV01764,U6772,10382.94,04/14/2025
CONV01765,U3427,60549.82,02-10-2025
CONV01766,U2070,65990.81,05-03-2025
CONV01767,U1473,20232.48,09/29/2025
CONV01768,U2705,53182.88,09/20/2025
CONV01769,U4266,20473.05,07-09-2025
CONV01770,U1479,34427.82,10/17/2025
CONV01771,U2977,35556.36,08/16/2025
CONV01772,U9249,71784.3,12/31/2025
CONV01773,U3508,55160.77,08/24/2025
CONV01774,U9063,67330.46,10/19/2025
CONV01775,U3330,20558.28,06/16/2025
CONV01776,U3586,19099.8,03/24/2025
CONV01777,U1909,61996.53,04/30/2025
CONV01778,U1145,19051.83,04/21/2025
CONV01779,U8034,43783.71,01/15/2026
CONV01780,U1615,54893.32,04-02-2025
CONV01781,U4347,60954.34,11-01-2025
CONV01782,U5724,55693.6,01-08-2026
CONV01783,U8766,62960.7,08/14/2025
CONV01784,U6355,43270.44,12/22/2025
CONV01785,U3442,58586.66,11-09-2025
CONV01786,U0394,36239.18,03-09-2025
CONV01787,U9447,16373.47,08/19/2025
CONV01788,U0794,12020.22,11/27/2025
CONV01789,U2288,58024.74,02/18/2025
CONV01790,U2961,54334.05,02-05-2025
CONV01791,U3244,16646.13,11/24/2025
CONV01792,U0220,49059.02,12/26/2025
CONV01793,U2886,2436.18,03-10-2025
CONV01794,U9445,11897.01,12/16/2025
CONV01795,U5734,55851.82,08-03-2025
CONV01796,U9560,7964.73,09/26/2025
CONV01797,U9007,29512.12,07-11-2025
CONV01798,U0421,4745.79,03/17/2025
CONV01799,U4554,46742.3,02/14/2025
CONV01800,U2130,49019.5,04-03-2025
CONV01801,U0125,65084.24,04/25/2025
CONV01802,U8133,28116.03,11/13/2025
CONV01803,U5703,63380.26,08-09-2025
CONV01804,U7566,4026.18,08-12-2025
CONV01805,U9075,30348.9,05/22/2025
CONV01806,U0216,54712.16,10-03-2025
CONV01807,U5616,7019.3,01-12-2026
CONV01808,U3756,61115.04,06/29/2025
CONV01809,U2867,2590.66,03/18/2025
CONV01810,U5822,32639.25,08/25/2025
CONV01811,U3260,30641.55,01-05-2026
CONV01812,U1294,39702.74,07/26/2025
CONV01813,U6603,23812.14,08-11-2025
CONV01814,U7957,68609.26,12-09-2025
CONV01815,U9045,56978.58,03-03-2025
CONV01816,U1078,19722.48,07-01-2025
CONV01817,U8142,74235.08,08-11-2025
CONV01818,U1971,42073.24,08-10-2025
CONV01819,U4697,43148.08,02-02-2025
CONV01820,U8445,22216.11,12/27/2025
CONV01821,U2706,2703.28,08/23/2025
CONV01822,U1459,12508.11,08/20/2025
CONV01823,U1372,52859.91,05/20/2025
CONV01824,U7350,73218.84,04/16/2025
CONV01825,U8327,69659.62,02/13/2025
CONV01826,U7394,55505.34,07-09-2025
CONV01827,U8833,2657.7,04/16/2025
CONV01828,U2947,7070.76,04/26/2025
CONV01829,U8187,59516.14,12/31/2025
CONV01830,U9480,47927.6,12/18/2025
CONV01831,U1449,27079.8,10/26/2025
CONV01832,U9064,54422.74,10/24/2025
CONV01833,U6524,4103.7,04/23/2025
CONV01834,U6288,20413.72,10/26/2025
CONV01835,U1062,42391.86,08/19/2025
CONV01836,U6663,10035.54,06-06-2025
CONV01837,U8222,66114.83,05-01-2025
CONV01838,U7294,32299.89,11/24/2025
CONV01839,U9610,56845.22,05/27/2025
CONV01840,U7785,14603.6,08-04-2025
CONV01841,U0360,71744.01,04/19/2025
CONV01842,U7028,65573.36,07-04-2025
CONV01843,U7702,58100.68,09-09-2025
CONV01844,U0686,54914.32,11-03-2025
CONV01845,U7256,63698.48,05/22/2025
CONV01846,U6170,46522.76,06-02-2025
CONV01847,U7215,42866.19,07-01-2025
CONV01848,U0808,10756.5,03/17/2025
CONV01849,U6251,9169.09,01-06-2026
CONV01850,U8812,32027.73,10/19/2025
CONV01851,U4259,4893.99,07-02-2025
CONV01852,U4934,72867.15,03/19/2025
CONV01853,U4489,32777,10/26/2025
CONV01854,U5157,56902.77,08/15/2025
CONV01855,U5226,38351.82,05/13/2025
CONV01856,U4229,10462.35,08/16/2025
CONV01857,U5473,17745.97,11-07-2025
CONV01858,U1941,14192.52,04/24/2025
CONV01859,U6574,5749.42,03-10-2025
CONV01860,U1513,71773.48,07/27/2025
CONV01861,U0246,39083.07,03-09-2025
CONV01862,U2833,70676.31,11-06-2025
CONV01863,U4311,32305.36,03/30/2025
CONV01864,U7844,26419.65,07/13/2025
CONV01865,U2766,13731.02,07-12-2025
CONV01866,U5314,56617.29,06-09-2025
CONV01867,U6020,25886.53,05/31/2025
CONV01868,U7332,57577.23,06/19/2025
CONV01869,U3380,48646.06,05/26/2025
CONV01870,U8830,61608.84,08-11-2025
CONV01871,U1103,62132.6,11/15/2025
CONV01872,U3761,38100.82,06/20/2025
CONV01873,U0194,47851.92,01/22/2025
CONV01874,U4696,32305.11,09/26/2025
CONV01875,U4291,40231.47,09-02-2025
CONV01876,U3563,41770.98,08/19/2025
CONV01877,U8231,65654.42,10/13/2025
CONV01878,U8646,66589.32,10/13/2025
CONV01879,U2177,63101.12,09/24/2025
CONV01880,U9802,53502.58,10-09-2025
CONV01881,U7366,18441.33,04/19/2025
CONV01882,U0493,42818.66,07/25/2025
CONV01883,U2749,61353.92,03/16/2025
CONV01884,U8553,28920.63,07/18/2025
CONV01885,U0184,22688.78,10/19/2025
CONV01886,U9061,18864.68,06/28/2025
CONV01887,U4528,11015.26,08/14/2025
CONV01888,U0572,58152.28,01-02-2025
CONV01889,U5398,62681.26,11-08-2025
CONV01890,U6389,6231.56,09-02-2025
CONV01891,U3684,33941.31,06-04-2025
CONV01892,U0688,28020.86,10-12-2025
CONV01893,U2308,42884.5,08-01-2025
CONV01894,U8651,42183.74,05/16/2025
CONV01895,U7952,3024.64,12-06-2025
CONV01896,U9329,52221.1,08/28/2025
CONV01897,U5874,43615.44,09/16/2025
CONV01898,U0096,11085.62,10/22/2025
CONV01899,U7546,53175.42,09/28/2025
CONV01900,U1583,62732.84,10/22/2025
CONV01901,U2258,12831.87,08/31/2025
CONV01902,U4331,10542.86,08-02-2025
CONV01903,U5226,964.29,08/29/2025
CONV01904,U9413,5455.17,01/22/2025
CONV01905,U7527,10848.93,04/25/2025
CONV01906,U5376,7355.24,06-09-2025
CONV01907,U1477,29669.34,04-09-2025
CONV01908,U9216,71197.76,11/27/2025
CONV01909,U1790,14555.28,12-05-2025
CONV01910,U0873,4005.87,11-02-2025
CONV01911,U7928,74107.1,05/14/2025
CONV01912,U2308,31430.43,11-04-2025
CONV01913,U4572,62847.68,09-01-2025
CONV01914,U1355,6001.2,04/28/2025
CONV01915,U6608,5852.52,05/22/2025
CONV01916,U3965,40098.02,07-04-2025
CONV01917,U3175,74237.19,11-06-2025
CONV01918,U5209,73618.74,05/26/2025
CONV01919,U0870,21294.99,08/18/2025
CONV01920,U5968,42669.4,08/15/2025
CONV01921,U1756,52712.91,02/14/2025
CONV01922,U1366,38432.64,03-05-2025
CONV01923,U7294,51740.26,12/21/2025
CONV01924,U3831,70581.88,07-02-2025
CONV01925,U9272,12474.72,07/15/2025
CONV01926,U5686,44423.9,12/16/2025
CONV01927,U1637,63455.97,08/29/2025
CONV01928,U6000,17872.02,12/20/2025
CONV01929,U3543,15842.31,07-03-2025
CONV01930,U3515,46159.42,09-01-2025
CONV01931,U3628,46441.48,12/29/2025
CONV01932,U6125,11628.21,12/29/2025
CONV01933,U9329,2177.2,11-10-2025
CONV01934,U7824,52387.31,05/22/2025
CONV01935,U3176,43893.2,11/18/2025
CONV01936,U6177,1347.7,03/27/2025
CONV01937,U5130,29793.86,05/20/2025
CONV01938,U3061,58598.06,12-12-2025
CONV01939,U9361,67006.77,02/16/2025
CONV01940,U9106,18790.95,08-04-2025
CONV01941,U0107,71858.31,06/23/2025
CONV01942,U7392,14565.56,06/20/2025
CONV01943,U6476,18590,02/14/2025
CONV01944,U8531,35049.33,04/20/2025
CONV01945,U1877,12786.12,03-10-2025
CONV01946,U1622,49773.81,11/30/2025
CONV01947,U0071,7763.91,12/21/2025
CONV01948,U9016,44449.18,10/19/2025
CONV01949,U1544,4050.93,07/16/2025
CONV01950,U9894,73447.4,05-10-2025
CONV01951,U4524,4716.46,06/22/2025
CONV01952,U2911,22620,10/14/2025
CONV01953,U4546,49371.4,06/15/2025
CONV01954,U5897,15324.02,10/23/2025
CONV01955,U3406,53793.76,01/30/2025
CONV01956,U2084,28440.1,12/29/2025
CONV01957,U6671,964.28,06-05-2025
CONV01958,U7487,67804.68,08/27/2025
CONV01959,U2653,51435.74,11/29/2025
CONV01960,U2608,16949.1,11/25/2025
CONV01961,U1096,12793.53,12-02-2025
CONV01962,U0916,66446.26,08-02-2025
CONV01963,U6278,69792.23,05-02-2025
CONV01964,U9523,49460.01,06-10-2025
CONV01965,U3682,1383.81,11-07-2025
CONV01966,U6314,62676.23,03-12-2025
CONV01967,U2252,52385.4,07-03-2025
CONV01968,U0644,71223.92,10/20/2025
CONV01969,U5098,45358.29,01/21/2026
CONV01970,U2196,66755.54,06/15/2025
CONV01971,U3315,6507.96,02-09-2025
CONV01972,U4376,54786.5,08-07-2025
CONV01973,U6577,54250.98,11-05-2025
CONV01974,U7737,69891.1,06-07-2025
CONV01975,U2073,21952.14,02-10-2025
CONV01976,U5020,26120.52,10-12-2025
CONV01977,U9433,63434.79,07/20/2025
CONV01978,U2240,54017.28,05-06-2025
CONV01979,U0863,41176.29,12/14/2025
CONV01980,U5062,4895.86,05-08-2025
CONV01981,U0297,51704.68,01/19/2025
CONV01982,U1301,33912.58,08-06-2025
CONV01983,U4578,68008.89,04/26/2025
CONV01984,U8161,15154.17,02/24/2025
CONV01985,U5595,33769.68,03/31/2025
CONV01986,U3086,9027.03,05-09-2025
CONV01987,U7198,69622.18,10/13/2025
CONV01988,U0415,51419.56,04-11-2025
CONV01989,U3193,45612.99,03-10-2025
CONV01990,U8669,37457.5,11/23/2025
CONV01991,U5752,58335.74,01-04-2026
CONV01992,U7941,54145.89,06-06-2025
CONV01993,U2769,57986.19,04-02-2025
CONV01994,U9961,27746.6,04/15/2025
CONV01995,U1428,35613.52,09/19/2025
CONV01996,U9948,38295.74,09/17/2025
CONV01997,U2556,48626.85,08/21/2025
CONV01998,U1469,63254.73,09/23/2025
CONV01999,U5314,11527.29,09/14/2025
CONV02000,U8329,56762.82,01/18/2025
