User_id,Channel,Interaction_date,Campaign_id,Interaction_Day,Interaction_Month,Interaction_Quarter,Is_Weekend
U1680,Google Ads,2025-12-13,CMP1825,Saturday,December,4.0,1
U9864,Google Ads,2025-01-14,CMP6913,Tuesday,January,1.0,0
U2616,LinkedIn Ads,2025-12-24,CMP8929,Wednesday,December,4.0,0
U9892,Google Ads,2025-05-16,CMP5515,Friday,May,2.0,0
U5926,Google Ads,2025-10-23,CMP6202,Thursday,October,4.0,0
U4555,Instagram Ads,2025-08-21,CMP3734,Thursday,August,3.0,0
U1170,Facebook Ads,,CMP5821,,,,0
U9126,LinkedIn Ads,2025-04-23,CMP2678,Wednesday,April,2.0,0
U3457,Facebook Ads,2025-10-18,CMP0917,Saturday,October,4.0,1
U9198,Email Marketing,,CMP6483,,,,0
U8349,LinkedIn Ads,,CMP9561,,,,0
U6253,Email Marketing,,CMP2505,,,,0
U4372,Email Marketing,2025-11-25,CMP0189,Tuesday,November,4.0,0
U8318,Google Ads,2025-02-24,CMP7434,Monday,February,1.0,0
U8690,Facebook Ads,,CMP9978,,,,0
U1291,Instagram Ads,2025-02-13,CMP5948,Thursday,February,1.0,0
U2706,Facebook Ads,2025-05-16,CMP8728,Friday,May,2.0,0
U6119,YouTube Ads,2025-08-13,CMP3471,Wednesday,August,3.0,0
U3609,Instagram Ads,,CMP1050,,,,0
U7954,Google Ads,2025-04-20,CMP1105,Sunday,April,2.0,1
U3120,YouTube Ads,2025-02-18,CMP9356,Tuesday,February,1.0,0
U1613,LinkedIn Ads,,CMP6736,,,,0
U6913,Facebook Ads,,CMP1791,,,,0
U0242,LinkedIn Ads,2025-02-17,CMP1236,Monday,February,1.0,0
U4346,LinkedIn Ads,2025-08-21,CMP3503,Thursday,August,3.0,0
U3567,Email Marketing,2025-01-30,CMP9106,Thursday,January,1.0,0
U2580,Google Ads,2025-01-30,CMP5139,Thursday,January,1.0,0
U4034,Google Ads,2025-10-24,CMP9750,Friday,October,4.0,0
U5148,YouTube Ads,,CMP9563,,,,0
U9225,LinkedIn Ads,2025-02-21,CMP4916,Friday,February,1.0,0
U7180,Instagram Ads,,CMP2171,,,,0
U2201,Google Ads,2025-05-16,CMP8667,Friday,May,2.0,0
U3336,Instagram Ads,2025-12-18,CMP2547,Thursday,December,4.0,0
U0723,Google Ads,,CMP4115,,,,0
U0159,Email Marketing,2025-02-27,CMP2648,Thursday,February,1.0,0
U2089,Google Ads,2025-01-22,CMP8939,Wednesday,January,1.0,0
U5795,Instagram Ads,2025-10-14,CMP0654,Tuesday,October,4.0,0
U6746,Facebook Ads,,CMP3879,,,,0
U5729,LinkedIn Ads,,CMP1772,,,,0
U5754,Instagram Ads,2025-11-25,CMP6529,Tuesday,November,4.0,0
U2926,Instagram Ads,2025-10-25,CMP8786,Saturday,October,4.0,1
U1895,Email Marketing,2025-07-17,CMP5664,Thursday,July,3.0,0
U3229,Google Ads,,CMP7145,,,,0
U8309,YouTube Ads,,CMP5410,,,,0
U2852,YouTube Ads,,CMP4845,,,,0
U9940,Instagram Ads,,CMP0007,,,,0
U4650,YouTube Ads,2025-09-21,CMP3502,Sunday,September,3.0,1
U0401,Email Marketing,2025-01-24,CMP3849,Friday,January,1.0,0
U6292,LinkedIn Ads,,CMP1194,,,,0
U8487,Google Ads,2025-08-26,CMP0091,Tuesday,August,3.0,0
U9158,LinkedIn Ads,,CMP1989,,,,0
U7374,LinkedIn Ads,2025-05-13,CMP8271,Tuesday,May,2.0,0
U4682,LinkedIn Ads,,CMP8541,,,,0
U3506,Facebook Ads,,CMP1321,,,,0
U0321,Google Ads,2025-10-22,CMP6813,Wednesday,October,4.0,0
U9884,LinkedIn Ads,2025-04-23,CMP4893,Wednesday,April,2.0,0
U2092,LinkedIn Ads,2025-11-15,CMP0476,Saturday,November,4.0,1
U7565,Email Marketing,,CMP9247,,,,0
U4134,Instagram Ads,,CMP7450,,,,0
U0660,Facebook Ads,2025-01-16,CMP5734,Thursday,January,1.0,0
U3572,Facebook Ads,2025-08-27,CMP2497,Wednesday,August,3.0,0
U5097,YouTube Ads,2025-02-25,CMP9927,Tuesday,February,1.0,0
U3979,LinkedIn Ads,2025-02-22,CMP6150,Saturday,February,1.0,1
U7019,Google Ads,,CMP9838,,,,0
U7533,LinkedIn Ads,2025-12-29,CMP0208,Monday,December,4.0,0
U9708,YouTube Ads,2025-05-18,CMP4426,Sunday,May,2.0,1
U6210,Instagram Ads,2025-06-22,CMP1420,Sunday,June,2.0,1
U4527,Facebook Ads,,CMP7989,,,,0
U7801,Email Marketing,2025-11-27,CMP3955,Thursday,November,4.0,0
U9529,Instagram Ads,,CMP1525,,,,0
U3778,Instagram Ads,,CMP9018,,,,0
U4531,Email Marketing,2025-10-29,CMP8780,Wednesday,October,4.0,0
U8752,Instagram Ads,,CMP3181,,,,0
U1681,Email Marketing,,CMP4787,,,,0
U1870,Facebook Ads,,CMP5583,,,,0
U1941,Facebook Ads,2025-10-13,CMP0879,Monday,October,4.0,0
U9643,YouTube Ads,,CMP3698,,,,0
U2574,Facebook Ads,,CMP1626,,,,0
U4721,LinkedIn Ads,2025-12-28,CMP6694,Sunday,December,4.0,1
U3684,Instagram Ads,2025-11-28,CMP3825,Friday,November,4.0,0
U4729,Google Ads,2025-08-13,CMP1170,Wednesday,August,3.0,0
U9799,Instagram Ads,2025-01-21,CMP6595,Tuesday,January,1.0,0
U9620,Google Ads,,CMP0424,,,,0
U2974,LinkedIn Ads,2025-10-27,CMP2871,Monday,October,4.0,0
U2635,Instagram Ads,2025-06-18,CMP7701,Wednesday,June,2.0,0
U5297,YouTube Ads,,CMP6562,,,,0
U8168,LinkedIn Ads,2025-11-17,CMP8890,Monday,November,4.0,0
U1990,Facebook Ads,2025-01-15,CMP8999,Wednesday,January,1.0,0
U3682,Instagram Ads,2025-02-28,CMP2595,Friday,February,1.0,0
U7906,Email Marketing,2025-08-30,CMP8166,Saturday,August,3.0,1
U4527,YouTube Ads,,CMP3123,,,,0
U8023,Instagram Ads,2025-03-18,CMP0043,Tuesday,March,1.0,0
U3913,YouTube Ads,2025-10-20,CMP9043,Monday,October,4.0,0
U6326,Instagram Ads,,CMP0716,,,,0
U1634,YouTube Ads,2025-09-27,CMP2069,Saturday,September,3.0,1
U6513,Google Ads,2025-11-29,CMP2530,Saturday,November,4.0,1
U1122,LinkedIn Ads,,CMP8743,,,,0
U7270,LinkedIn Ads,2025-03-27,CMP1481,Thursday,March,1.0,0
U4001,Google Ads,2025-09-29,CMP5315,Monday,September,3.0,0
U8154,Facebook Ads,2025-10-26,CMP2786,Sunday,October,4.0,1
U4713,Instagram Ads,2025-12-13,CMP7530,Saturday,December,4.0,1
U4098,YouTube Ads,2025-08-22,CMP5662,Friday,August,3.0,0
U4848,Google Ads,2025-12-25,CMP7917,Thursday,December,4.0,0
U4690,Instagram Ads,2025-04-28,CMP6485,Monday,April,2.0,0
U2241,YouTube Ads,2025-11-18,CMP3116,Tuesday,November,4.0,0
U4836,LinkedIn Ads,2025-06-17,CMP5062,Tuesday,June,2.0,0
U4211,Instagram Ads,,CMP8838,,,,0
U6512,LinkedIn Ads,2025-10-13,CMP1887,Monday,October,4.0,0
U4296,YouTube Ads,2025-10-27,CMP4333,Monday,October,4.0,0
U5375,Email Marketing,,CMP1776,,,,0
U0610,Email Marketing,,CMP7607,,,,0
U8851,Facebook Ads,,CMP8808,,,,0
U0537,Email Marketing,2025-12-20,CMP6798,Saturday,December,4.0,1
U5877,Instagram Ads,,CMP3869,,,,0
U0350,Google Ads,2025-01-26,CMP7451,Sunday,January,1.0,1
U5384,Facebook Ads,2025-03-17,CMP9251,Monday,March,1.0,0
U0423,YouTube Ads,,CMP2130,,,,0
U6898,Instagram Ads,2025-09-27,CMP9648,Saturday,September,3.0,1
U0711,YouTube Ads,,CMP5932,,,,0
U8033,Google Ads,2025-12-31,CMP0511,Wednesday,December,4.0,0
U9591,Facebook Ads,,CMP9967,,,,0
U1875,Instagram Ads,,CMP8693,,,,0
U6533,LinkedIn Ads,,CMP3523,,,,0
U1528,Instagram Ads,,CMP4177,,,,0
U5401,YouTube Ads,,CMP2132,,,,0
U1698,Email Marketing,2025-10-23,CMP6930,Thursday,October,4.0,0
U9407,Google Ads,2025-04-26,CMP3675,Saturday,April,2.0,1
U4382,Google Ads,2025-01-15,CMP9122,Wednesday,January,1.0,0
U6567,Instagram Ads,,CMP5568,,,,0
U5586,Email Marketing,2025-03-22,CMP1504,Saturday,March,1.0,1
U0816,YouTube Ads,,CMP9300,,,,0
U1865,YouTube Ads,2025-06-26,CMP7958,Thursday,June,2.0,0
U6476,LinkedIn Ads,,CMP9718,,,,0
U8150,Facebook Ads,,CMP3461,,,,0
U1181,YouTube Ads,2025-07-23,CMP3771,Wednesday,July,3.0,0
U6844,Instagram Ads,2025-05-29,CMP1276,Thursday,May,2.0,0
U7156,YouTube Ads,2025-02-24,CMP2816,Monday,February,1.0,0
U1252,LinkedIn Ads,2025-09-19,CMP1289,Friday,September,3.0,0
U4194,Instagram Ads,,CMP5725,,,,0
U9495,Facebook Ads,2025-08-18,CMP1235,Monday,August,3.0,0
U7246,Email Marketing,2025-11-20,CMP5296,Thursday,November,4.0,0
U0933,YouTube Ads,,CMP5767,,,,0
U9082,YouTube Ads,2025-01-22,CMP1480,Wednesday,January,1.0,0
U7382,Instagram Ads,2025-02-22,CMP3085,Saturday,February,1.0,1
U8587,Google Ads,2025-09-25,CMP2828,Thursday,September,3.0,0
U5483,LinkedIn Ads,,CMP4635,,,,0
U2318,Instagram Ads,2025-06-29,CMP4656,Sunday,June,2.0,1
U5382,YouTube Ads,,CMP2113,,,,0
U5941,Google Ads,,CMP8625,,,,0
U1658,Facebook Ads,2025-09-17,CMP7968,Wednesday,September,3.0,0
U2659,Email Marketing,,CMP0619,,,,0
U3892,Email Marketing,2025-08-16,CMP2713,Saturday,August,3.0,1
U3179,Facebook Ads,,CMP7356,,,,0
U3272,LinkedIn Ads,,CMP4617,,,,0
U2043,Instagram Ads,2025-05-26,CMP7874,Monday,May,2.0,0
U7392,Facebook Ads,2025-06-28,CMP8411,Saturday,June,2.0,1
U5222,Facebook Ads,2025-02-20,CMP6127,Thursday,February,1.0,0
U2274,Google Ads,2025-12-28,CMP2255,Sunday,December,4.0,1
U9976,Google Ads,2025-09-28,CMP1299,Sunday,September,3.0,1
U7490,Google Ads,,CMP4935,,,,0
U7033,Google Ads,,CMP8783,,,,0
U1109,Email Marketing,2025-09-27,CMP3069,Saturday,September,3.0,1
U6117,Google Ads,,CMP9080,,,,0
U2186,Facebook Ads,2025-01-23,CMP5650,Thursday,January,1.0,0
U2210,Email Marketing,,CMP2869,,,,0
U5081,Facebook Ads,2025-09-21,CMP4808,Sunday,September,3.0,1
U5439,Email Marketing,2025-05-20,CMP0600,Tuesday,May,2.0,0
U8130,Email Marketing,2025-12-21,CMP6554,Sunday,December,4.0,1
U2957,Google Ads,,CMP4370,,,,0
U7273,Instagram Ads,2025-06-29,CMP4844,Sunday,June,2.0,1
U1230,YouTube Ads,,CMP5777,,,,0
U0571,Google Ads,,CMP2622,,,,0
U7372,LinkedIn Ads,,CMP5934,,,,0
U4090,YouTube Ads,2025-02-28,CMP2256,Friday,February,1.0,0
U7312,YouTube Ads,2025-04-20,CMP6341,Sunday,April,2.0,1
U7293,Google Ads,2025-02-14,CMP3280,Friday,February,1.0,0
U2581,Email Marketing,2025-12-31,CMP5693,Wednesday,December,4.0,0
U3879,YouTube Ads,,CMP5923,,,,0
U5068,YouTube Ads,2025-07-23,CMP7658,Wednesday,July,3.0,0
U1216,YouTube Ads,2025-08-19,CMP6709,Tuesday,August,3.0,0
U7089,Email Marketing,2025-09-15,CMP9033,Monday,September,3.0,0
U5670,Facebook Ads,2025-09-23,CMP4983,Tuesday,September,3.0,0
U1531,Instagram Ads,2025-09-15,CMP9025,Monday,September,3.0,0
U0675,Facebook Ads,2025-01-15,CMP2527,Wednesday,January,1.0,0
U0497,Instagram Ads,,CMP9450,,,,0
U4874,LinkedIn Ads,2025-08-21,CMP4950,Thursday,August,3.0,0
U5122,LinkedIn Ads,2025-06-13,CMP6810,Friday,June,2.0,0
U7643,Instagram Ads,,CMP2143,,,,0
U5365,Instagram Ads,2025-10-23,CMP0830,Thursday,October,4.0,0
U0380,YouTube Ads,2025-02-16,CMP8164,Sunday,February,1.0,1
U9790,YouTube Ads,,CMP3525,,,,0
U6607,LinkedIn Ads,,CMP1762,,,,0
U7379,Instagram Ads,,CMP3190,,,,0
U9140,Facebook Ads,,CMP1947,,,,0
U7762,Google Ads,2025-09-23,CMP8194,Tuesday,September,3.0,0
U4903,Instagram Ads,2025-10-31,CMP2291,Friday,October,4.0,0
U6036,Email Marketing,2025-06-19,CMP8026,Thursday,June,2.0,0
U9478,Email Marketing,2025-10-23,CMP5041,Thursday,October,4.0,0
U3969,YouTube Ads,2025-01-17,CMP2794,Friday,January,1.0,0
U6724,Instagram Ads,2025-09-14,CMP7226,Sunday,September,3.0,1
U7838,Email Marketing,2025-09-27,CMP1021,Saturday,September,3.0,1
U4332,Instagram Ads,,CMP8735,,,,0
U3397,Instagram Ads,2025-12-20,CMP9144,Saturday,December,4.0,1
U8900,Email Marketing,2025-07-14,CMP9184,Monday,July,3.0,0
U5675,Instagram Ads,2025-08-15,CMP2400,Friday,August,3.0,0
U1790,YouTube Ads,,CMP3311,,,,0
U5412,Facebook Ads,2025-08-30,CMP8701,Saturday,August,3.0,1
U7823,Facebook Ads,2025-11-30,CMP9017,Sunday,November,4.0,1
U3805,Email Marketing,,CMP4677,,,,0
U8117,LinkedIn Ads,,CMP2869,,,,0
U4663,Google Ads,2025-08-21,CMP0614,Thursday,August,3.0,0
U5418,YouTube Ads,2025-03-25,CMP2199,Tuesday,March,1.0,0
U3165,Google Ads,2025-03-31,CMP3051,Monday,March,1.0,0
U3028,YouTube Ads,2025-03-13,CMP7008,Thursday,March,1.0,0
U4948,LinkedIn Ads,2025-10-26,CMP4273,Sunday,October,4.0,1
U5027,Email Marketing,2025-03-23,CMP5891,Sunday,March,1.0,1
U6022,Email Marketing,,CMP5096,,,,0
U7715,LinkedIn Ads,,CMP2510,,,,0
U1280,Google Ads,2025-10-16,CMP9762,Thursday,October,4.0,0
U8526,Facebook Ads,2025-08-15,CMP8282,Friday,August,3.0,0
U2162,Google Ads,2025-09-20,CMP8009,Saturday,September,3.0,1
U3571,Email Marketing,2025-10-24,CMP7576,Friday,October,4.0,0
U0520,YouTube Ads,2025-05-27,CMP1045,Tuesday,May,2.0,0
U6155,Instagram Ads,,CMP6888,,,,0
U3649,Google Ads,,CMP5698,,,,0
U7547,LinkedIn Ads,2025-06-27,CMP8921,Friday,June,2.0,0
U3944,Google Ads,2025-04-16,CMP1849,Wednesday,April,2.0,0
U6591,Email Marketing,2025-08-13,CMP9795,Wednesday,August,3.0,0
U5225,Facebook Ads,2025-10-23,CMP0925,Thursday,October,4.0,0
U6776,Instagram Ads,,CMP3882,,,,0
U5643,Email Marketing,2025-11-26,CMP2870,Wednesday,November,4.0,0
U7759,LinkedIn Ads,,CMP6822,,,,0
U8684,Google Ads,,CMP7587,,,,0
U0845,LinkedIn Ads,2025-05-18,CMP1296,Sunday,May,2.0,1
U7855,Facebook Ads,2025-04-17,CMP1193,Thursday,April,2.0,0
U3975,Facebook Ads,2025-12-23,CMP3471,Tuesday,December,4.0,0
U5887,YouTube Ads,,CMP3922,,,,0
U3329,Google Ads,,CMP7636,,,,0
U9489,Email Marketing,,CMP3626,,,,0
U5531,YouTube Ads,,CMP6224,,,,0
U8001,Facebook Ads,,CMP7551,,,,0
U2253,Google Ads,2025-11-19,CMP0555,Wednesday,November,4.0,0
U7917,YouTube Ads,,CMP3584,,,,0
U4698,Google Ads,,CMP6740,,,,0
U8626,Google Ads,,CMP2938,,,,0
U3701,LinkedIn Ads,,CMP6113,,,,0
U0920,Google Ads,2025-11-23,CMP0520,Sunday,November,4.0,1
U3765,Email Marketing,2025-04-19,CMP7110,Saturday,April,2.0,1
U0540,Google Ads,,CMP0763,,,,0
U3940,Email Marketing,2025-10-18,CMP2363,Saturday,October,4.0,1
U8205,Email Marketing,2025-06-27,CMP6289,Friday,June,2.0,0
U6500,Instagram Ads,2025-06-17,CMP1246,Tuesday,June,2.0,0
U3044,Facebook Ads,2025-12-15,CMP8039,Monday,December,4.0,0
U6226,Facebook Ads,2025-12-31,CMP4840,Wednesday,December,4.0,0
U5897,Google Ads,2025-05-19,CMP5910,Monday,May,2.0,0
U1469,YouTube Ads,,CMP7354,,,,0
U9168,LinkedIn Ads,,CMP5316,,,,0
U1037,Facebook Ads,2025-03-27,CMP2778,Thursday,March,1.0,0
U9729,Instagram Ads,,CMP1261,,,,0
U7213,LinkedIn Ads,2025-06-21,CMP0111,Saturday,June,2.0,1
U3291,Facebook Ads,,CMP9739,,,,0
U5340,Instagram Ads,,CMP5229,,,,0
U9013,YouTube Ads,2025-01-14,CMP1866,Tuesday,January,1.0,0
U8181,Instagram Ads,2025-03-13,CMP7184,Thursday,March,1.0,0
U7852,Email Marketing,2025-10-26,CMP2526,Sunday,October,4.0,1
U9730,YouTube Ads,2025-11-23,CMP6854,Sunday,November,4.0,1
U6548,Facebook Ads,2025-06-19,CMP5817,Thursday,June,2.0,0
U9425,YouTube Ads,2025-04-24,CMP3638,Thursday,April,2.0,0
U7910,Email Marketing,2025-02-23,CMP9644,Sunday,February,1.0,1
U3390,Email Marketing,2025-09-24,CMP1902,Wednesday,September,3.0,0
U1886,Instagram Ads,,CMP7413,,,,0
U5423,Email Marketing,2025-10-14,CMP2693,Tuesday,October,4.0,0
U3233,Facebook Ads,2025-08-19,CMP3023,Tuesday,August,3.0,0
U9460,Facebook Ads,2025-02-22,CMP3520,Saturday,February,1.0,1
U5135,Google Ads,,CMP7497,,,,0
U4874,Instagram Ads,,CMP5701,,,,0
U2317,Facebook Ads,2025-09-19,CMP1932,Friday,September,3.0,0
U2839,LinkedIn Ads,,CMP6287,,,,0
U7940,LinkedIn Ads,,CMP5155,,,,0
U7273,Email Marketing,,CMP8282,,,,0
U2756,Instagram Ads,2025-08-23,CMP3614,Saturday,August,3.0,1
U6011,YouTube Ads,,CMP9007,,,,0
U0529,LinkedIn Ads,2025-08-19,CMP3581,Tuesday,August,3.0,0
U5745,Google Ads,2025-12-30,CMP7194,Tuesday,December,4.0,0
U4606,Facebook Ads,,CMP2282,,,,0
U1561,Instagram Ads,,CMP4795,,,,0
U4056,Email Marketing,2025-12-13,CMP2079,Saturday,December,4.0,1
U1526,Email Marketing,2025-07-26,CMP4403,Saturday,July,3.0,1
U7512,LinkedIn Ads,2025-11-22,CMP6047,Saturday,November,4.0,1
U4400,LinkedIn Ads,2025-06-15,CMP8757,Sunday,June,2.0,1
U7530,LinkedIn Ads,,CMP9276,,,,0
U4946,Google Ads,2025-03-23,CMP7480,Sunday,March,1.0,1
U5006,Instagram Ads,2025-12-25,CMP1351,Thursday,December,4.0,0
U3706,Google Ads,2025-09-23,CMP1560,Tuesday,September,3.0,0
U3752,Google Ads,2025-07-16,CMP5630,Wednesday,July,3.0,0
U2341,Instagram Ads,,CMP5134,,,,0
U6746,LinkedIn Ads,,CMP2689,,,,0
U7036,Facebook Ads,,CMP1647,,,,0
U0440,YouTube Ads,,CMP4066,,,,0
U8109,Email Marketing,2025-07-17,CMP3091,Thursday,July,3.0,0
U6338,YouTube Ads,2025-10-19,CMP1164,Sunday,October,4.0,1
U3535,Google Ads,2025-01-21,CMP7718,Tuesday,January,1.0,0
U8809,LinkedIn Ads,,CMP8210,,,,0
U1084,Facebook Ads,,CMP8378,,,,0
U7429,Google Ads,,CMP3910,,,,0
U8134,Google Ads,2025-06-27,CMP2878,Friday,June,2.0,0
U1935,Facebook Ads,2025-01-16,CMP4248,Thursday,January,1.0,0
U7458,Instagram Ads,2025-09-19,CMP1047,Friday,September,3.0,0
U1890,Instagram Ads,2025-04-27,CMP2735,Sunday,April,2.0,1
U2933,Facebook Ads,2025-01-19,CMP0202,Sunday,January,1.0,1
U4445,Facebook Ads,,CMP6871,,,,0
U1130,Facebook Ads,2025-08-27,CMP0863,Wednesday,August,3.0,0
U9238,YouTube Ads,,CMP1416,,,,0
U2467,LinkedIn Ads,,CMP9695,,,,0
U1704,Instagram Ads,2025-04-16,CMP0158,Wednesday,April,2.0,0
U8516,Facebook Ads,2025-07-31,CMP0982,Thursday,July,3.0,0
U1227,YouTube Ads,2025-10-31,CMP1392,Friday,October,4.0,0
U5346,Facebook Ads,,CMP2142,,,,0
U7366,Facebook Ads,2025-08-27,CMP3322,Wednesday,August,3.0,0
U1482,LinkedIn Ads,2025-03-22,CMP3402,Saturday,March,1.0,1
U4067,Google Ads,,CMP9885,,,,0
U9014,Facebook Ads,,CMP4263,,,,0
U2142,Google Ads,,CMP2291,,,,0
U0358,YouTube Ads,,CMP1377,,,,0
U0830,Google Ads,2025-03-28,CMP2111,Friday,March,1.0,0
U3067,Google Ads,2025-05-21,CMP8129,Wednesday,May,2.0,0
U7849,Email Marketing,,CMP4027,,,,0
U0320,Email Marketing,2025-07-15,CMP3268,Tuesday,July,3.0,0
U2947,Instagram Ads,2025-01-14,CMP7941,Tuesday,January,1.0,0
U3814,Google Ads,2025-03-23,CMP4603,Sunday,March,1.0,1
U9433,Email Marketing,2025-07-18,CMP8744,Friday,July,3.0,0
U5879,Facebook Ads,2025-10-30,CMP2847,Thursday,October,4.0,0
U8883,YouTube Ads,,CMP9301,,,,0
U5436,YouTube Ads,,CMP3812,,,,0
U2321,Instagram Ads,2025-02-26,CMP2908,Wednesday,February,1.0,0
U4945,Email Marketing,2025-06-15,CMP6121,Sunday,June,2.0,1
U5847,Email Marketing,2025-04-25,CMP7983,Friday,April,2.0,0
U9386,Email Marketing,2025-07-20,CMP5027,Sunday,July,3.0,1
U5426,Email Marketing,,CMP3620,,,,0
U3436,Email Marketing,,CMP1454,,,,0
U2726,Email Marketing,2025-07-31,CMP1771,Thursday,July,3.0,0
U3696,Google Ads,2025-03-25,CMP6150,Tuesday,March,1.0,0
U5601,Google Ads,2025-03-29,CMP4832,Saturday,March,1.0,1
U0508,Instagram Ads,,CMP1526,,,,0
U6706,Google Ads,2025-12-23,CMP2574,Tuesday,December,4.0,0
U6438,Email Marketing,2025-10-20,CMP4347,Monday,October,4.0,0
U9834,Google Ads,,CMP5912,,,,0
U7716,Google Ads,,CMP4782,,,,0
U0732,Facebook Ads,2025-05-15,CMP6350,Thursday,May,2.0,0
U1585,YouTube Ads,2025-02-13,CMP4401,Thursday,February,1.0,0
U6859,Facebook Ads,,CMP9663,,,,0
U8227,LinkedIn Ads,2025-10-20,CMP3861,Monday,October,4.0,0
U3472,Google Ads,,CMP2416,,,,0
U5239,Facebook Ads,,CMP7134,,,,0
U9627,Instagram Ads,2025-09-25,CMP5344,Thursday,September,3.0,0
U1731,YouTube Ads,2025-10-16,CMP9284,Thursday,October,4.0,0
U9978,LinkedIn Ads,2025-08-31,CMP5634,Sunday,August,3.0,1
U3893,Email Marketing,2025-01-26,CMP9973,Sunday,January,1.0,1
U1610,Google Ads,2025-04-27,CMP6103,Sunday,April,2.0,1
U3080,Instagram Ads,2025-08-15,CMP5258,Friday,August,3.0,0
U1076,YouTube Ads,,CMP7938,,,,0
U0945,YouTube Ads,,CMP8590,,,,0
U2030,Instagram Ads,2025-12-15,CMP3263,Monday,December,4.0,0
U2680,Facebook Ads,2025-05-13,CMP7309,Tuesday,May,2.0,0
U3627,LinkedIn Ads,2025-11-28,CMP0450,Friday,November,4.0,0
U0146,YouTube Ads,2025-08-31,CMP6710,Sunday,August,3.0,1
U4512,Facebook Ads,,CMP0139,,,,0
U8381,LinkedIn Ads,,CMP3576,,,,0
U4530,Instagram Ads,2025-11-24,CMP4632,Monday,November,4.0,0
U6621,Facebook Ads,,CMP4896,,,,0
U9553,Instagram Ads,2025-12-29,CMP8149,Monday,December,4.0,0
U5874,Email Marketing,2025-09-17,CMP3644,Wednesday,September,3.0,0
U9160,Facebook Ads,,CMP9147,,,,0
U5429,Instagram Ads,,CMP3642,,,,0
U1167,LinkedIn Ads,2025-08-30,CMP1930,Saturday,August,3.0,1
U2251,YouTube Ads,2025-04-13,CMP6254,Sunday,April,2.0,1
U5450,Facebook Ads,2025-11-20,CMP7497,Thursday,November,4.0,0
U8022,Instagram Ads,2025-02-15,CMP7407,Saturday,February,1.0,1
U3268,LinkedIn Ads,,CMP6610,,,,0
U3708,Facebook Ads,2025-12-22,CMP8701,Monday,December,4.0,0
U4886,YouTube Ads,2025-05-29,CMP8247,Thursday,May,2.0,0
U5886,LinkedIn Ads,,CMP5536,,,,0
U0360,Facebook Ads,2025-10-29,CMP0314,Wednesday,October,4.0,0
U0797,LinkedIn Ads,,CMP0613,,,,0
U2025,Google Ads,,CMP0324,,,,0
U4424,Instagram Ads,2025-11-15,CMP0153,Saturday,November,4.0,1
U8155,YouTube Ads,,CMP1719,,,,0
U8981,Facebook Ads,,CMP8572,,,,0
U8096,Google Ads,2025-03-18,CMP3843,Tuesday,March,1.0,0
U4328,Instagram Ads,2025-08-26,CMP1660,Tuesday,August,3.0,0
U1557,Instagram Ads,2025-01-24,CMP0647,Friday,January,1.0,0
U1523,Instagram Ads,,CMP2794,,,,0
U2733,Instagram Ads,2025-02-27,CMP7480,Thursday,February,1.0,0
U7179,Google Ads,,CMP2612,,,,0
U1851,Email Marketing,2025-07-30,CMP0473,Wednesday,July,3.0,0
U9258,Google Ads,2025-04-25,CMP5149,Friday,April,2.0,0
U6306,LinkedIn Ads,2025-03-18,CMP1561,Tuesday,March,1.0,0
U2710,Email Marketing,,CMP0191,,,,0
U3851,YouTube Ads,,CMP0825,,,,0
U0292,LinkedIn Ads,2025-02-22,CMP1443,Saturday,February,1.0,1
U8329,Google Ads,2025-10-15,CMP0003,Wednesday,October,4.0,0
U5440,Instagram Ads,2025-10-14,CMP5585,Tuesday,October,4.0,0
U3634,Email Marketing,,CMP5953,,,,0
U2690,YouTube Ads,,CMP4784,,,,0
U6438,Google Ads,2025-04-21,CMP6705,Monday,April,2.0,0
U9648,Google Ads,,CMP5537,,,,0
U9065,Facebook Ads,,CMP8261,,,,0
U1697,Email Marketing,2025-07-18,CMP2904,Friday,July,3.0,0
U4483,LinkedIn Ads,2025-07-23,CMP8260,Wednesday,July,3.0,0
U4898,LinkedIn Ads,2025-12-26,CMP2264,Friday,December,4.0,0
U5658,Email Marketing,,CMP9070,,,,0
U1891,YouTube Ads,2025-06-30,CMP2914,Monday,June,2.0,0
U0210,Email Marketing,2025-09-25,CMP6840,Thursday,September,3.0,0
U4106,Facebook Ads,2025-03-16,CMP0928,Sunday,March,1.0,1
U9206,Google Ads,2025-04-25,CMP8867,Friday,April,2.0,0
U6350,Email Marketing,,CMP8371,,,,0
U3696,Email Marketing,2025-11-21,CMP0213,Friday,November,4.0,0
U4820,YouTube Ads,2025-08-18,CMP9641,Monday,August,3.0,0
U4573,Email Marketing,,CMP2848,,,,0
U0655,Google Ads,2025-03-20,CMP4179,Thursday,March,1.0,0
U5208,LinkedIn Ads,2025-09-27,CMP4935,Saturday,September,3.0,1
U5725,Facebook Ads,2025-04-24,CMP8277,Thursday,April,2.0,0
U0145,Facebook Ads,2025-02-28,CMP4810,Friday,February,1.0,0
U6323,Google Ads,,CMP3995,,,,0
U0719,Instagram Ads,,CMP8469,,,,0
U3454,Facebook Ads,,CMP1573,,,,0
U1182,Google Ads,2025-12-18,CMP6951,Thursday,December,4.0,0
U9144,Google Ads,,CMP0621,,,,0
U0277,LinkedIn Ads,2025-07-19,CMP6679,Saturday,July,3.0,1
U5861,Email Marketing,2025-09-15,CMP1037,Monday,September,3.0,0
U6474,Google Ads,,CMP9938,,,,0
U2361,Email Marketing,,CMP2235,,,,0
U0685,Google Ads,,CMP6114,,,,0
U8398,Instagram Ads,2025-03-14,CMP1395,Friday,March,1.0,0
U0892,Facebook Ads,,CMP4141,,,,0
U5421,Instagram Ads,,CMP1104,,,,0
U5380,YouTube Ads,,CMP4672,,,,0
U0080,YouTube Ads,,CMP9267,,,,0
U7864,Instagram Ads,2025-08-25,CMP7146,Monday,August,3.0,0
U8825,Google Ads,,CMP9039,,,,0
U9485,Google Ads,2025-07-27,CMP1236,Sunday,July,3.0,1
U5994,YouTube Ads,2025-07-20,CMP4270,Sunday,July,3.0,1
U5962,Facebook Ads,2025-09-15,CMP4768,Monday,September,3.0,0
U9271,YouTube Ads,,CMP2718,,,,0
U6053,Google Ads,2025-04-30,CMP5879,Wednesday,April,2.0,0
U5310,LinkedIn Ads,2025-02-22,CMP5919,Saturday,February,1.0,1
U6202,YouTube Ads,,CMP4315,,,,0
U5654,Instagram Ads,,CMP8466,,,,0
U4601,LinkedIn Ads,2025-04-19,CMP2277,Saturday,April,2.0,1
U7890,Email Marketing,,CMP1939,,,,0
U2640,Google Ads,,CMP6733,,,,0
U6643,Google Ads,,CMP2407,,,,0
U7892,Google Ads,2025-03-29,CMP4645,Saturday,March,1.0,1
U5615,Facebook Ads,2025-08-21,CMP9547,Thursday,August,3.0,0
U6878,Facebook Ads,2025-03-18,CMP6316,Tuesday,March,1.0,0
U7902,Google Ads,,CMP9828,,,,0
U0712,Email Marketing,2025-12-24,CMP0020,Wednesday,December,4.0,0
U4171,LinkedIn Ads,,CMP7900,,,,0
U0117,YouTube Ads,2025-10-23,CMP9803,Thursday,October,4.0,0
U6981,Email Marketing,2025-11-30,CMP3366,Sunday,November,4.0,1
U3338,YouTube Ads,2025-07-31,CMP6940,Thursday,July,3.0,0
U9465,YouTube Ads,2025-06-26,CMP6066,Thursday,June,2.0,0
U1643,Email Marketing,2025-04-20,CMP1952,Sunday,April,2.0,1
U0087,YouTube Ads,2025-02-16,CMP9021,Sunday,February,1.0,1
U0619,Google Ads,2025-07-16,CMP1445,Wednesday,July,3.0,0
U8490,Google Ads,2025-05-27,CMP9789,Tuesday,May,2.0,0
U5894,Email Marketing,,CMP8452,,,,0
U8483,LinkedIn Ads,,CMP4521,,,,0
U5694,Instagram Ads,2025-05-22,CMP9005,Thursday,May,2.0,0
U1745,YouTube Ads,2025-10-14,CMP6619,Tuesday,October,4.0,0
U4099,YouTube Ads,2025-12-22,CMP1918,Monday,December,4.0,0
U0449,Instagram Ads,,CMP3986,,,,0
U5786,Email Marketing,2025-09-22,CMP3611,Monday,September,3.0,0
U1246,Instagram Ads,,CMP4068,,,,0
U3848,Instagram Ads,,CMP9400,,,,0
U1286,YouTube Ads,2025-12-13,CMP4092,Saturday,December,4.0,1
U9413,Google Ads,2025-05-21,CMP8872,Wednesday,May,2.0,0
U0888,Instagram Ads,2025-09-27,CMP8375,Saturday,September,3.0,1
U8491,Instagram Ads,2025-08-24,CMP8233,Sunday,August,3.0,1
U4255,LinkedIn Ads,,CMP3453,,,,0
U6100,Instagram Ads,,CMP5622,,,,0
U3864,YouTube Ads,,CMP2149,,,,0
U8471,LinkedIn Ads,,CMP2451,,,,0
U2677,YouTube Ads,2025-01-31,CMP4112,Friday,January,1.0,0
U9181,LinkedIn Ads,2025-10-13,CMP1578,Monday,October,4.0,0
U8822,Email Marketing,2025-03-31,CMP5753,Monday,March,1.0,0
U7599,Email Marketing,2025-11-20,CMP7988,Thursday,November,4.0,0
U1297,LinkedIn Ads,2025-03-24,CMP5528,Monday,March,1.0,0
U7290,Email Marketing,,CMP4774,,,,0
U4123,Facebook Ads,2025-12-25,CMP6783,Thursday,December,4.0,0
U0882,Google Ads,2025-01-14,CMP1688,Tuesday,January,1.0,0
U5069,Instagram Ads,2025-04-28,CMP1703,Monday,April,2.0,0
U5847,Facebook Ads,2025-06-16,CMP2072,Monday,June,2.0,0
U8836,YouTube Ads,,CMP4464,,,,0
U5689,LinkedIn Ads,,CMP9241,,,,0
U0002,Instagram Ads,2025-09-25,CMP5045,Thursday,September,3.0,0
U7053,Email Marketing,2025-05-30,CMP0137,Friday,May,2.0,0
U2676,Facebook Ads,2025-11-27,CMP6122,Thursday,November,4.0,0
U4455,LinkedIn Ads,2025-05-26,CMP1298,Monday,May,2.0,0
U7461,Facebook Ads,2025-11-13,CMP6766,Thursday,November,4.0,0
U0363,Instagram Ads,,CMP3077,,,,0
U8087,Email Marketing,2025-04-22,CMP7184,Tuesday,April,2.0,0
U1315,Instagram Ads,2025-03-16,CMP8166,Sunday,March,1.0,1
U6252,LinkedIn Ads,,CMP8900,,,,0
U8539,Facebook Ads,,CMP7258,,,,0
U8535,Instagram Ads,,CMP5114,,,,0
U7114,Google Ads,2025-06-16,CMP5906,Monday,June,2.0,0
U7787,LinkedIn Ads,2025-12-19,CMP1961,Friday,December,4.0,0
U0984,Facebook Ads,2025-01-31,CMP4076,Friday,January,1.0,0
U5691,Facebook Ads,2025-08-13,CMP1760,Wednesday,August,3.0,0
U7169,Email Marketing,2025-10-14,CMP5869,Tuesday,October,4.0,0
U4511,Facebook Ads,,CMP9285,,,,0
U8290,Instagram Ads,2025-07-14,CMP7363,Monday,July,3.0,0
U8831,YouTube Ads,2025-07-18,CMP5966,Friday,July,3.0,0
U5277,Facebook Ads,2025-02-26,CMP9036,Wednesday,February,1.0,0
U1618,Facebook Ads,2025-01-17,CMP2127,Friday,January,1.0,0
U9928,YouTube Ads,,CMP8027,,,,0
U6815,Google Ads,,CMP8052,,,,0
U3538,Google Ads,2025-09-23,CMP8668,Tuesday,September,3.0,0
U2932,Facebook Ads,2025-10-13,CMP6314,Monday,October,4.0,0
U1706,Instagram Ads,2025-03-27,CMP9447,Thursday,March,1.0,0
U9013,YouTube Ads,2025-06-16,CMP2592,Monday,June,2.0,0
U9016,YouTube Ads,,CMP5300,,,,0
U2214,Email Marketing,,CMP0004,,,,0
U9115,Google Ads,2025-10-20,CMP5160,Monday,October,4.0,0
U4094,Facebook Ads,2025-04-30,CMP5828,Wednesday,April,2.0,0
U2833,YouTube Ads,,CMP6551,,,,0
U6252,YouTube Ads,,CMP1563,,,,0
U9869,LinkedIn Ads,,CMP7116,,,,0
U5355,YouTube Ads,2025-09-15,CMP4994,Monday,September,3.0,0
U7077,LinkedIn Ads,2025-05-29,CMP6437,Thursday,May,2.0,0
U1394,YouTube Ads,2025-07-24,CMP7797,Thursday,July,3.0,0
U9361,LinkedIn Ads,,CMP2210,,,,0
U9438,Facebook Ads,2025-02-15,CMP4035,Saturday,February,1.0,1
U4995,Facebook Ads,2025-03-28,CMP5707,Friday,March,1.0,0
U3272,YouTube Ads,2025-12-17,CMP7246,Wednesday,December,4.0,0
U2420,Google Ads,2025-05-28,CMP1406,Wednesday,May,2.0,0
U3472,LinkedIn Ads,2025-04-15,CMP5000,Tuesday,April,2.0,0
U0302,YouTube Ads,,CMP7914,,,,0
U4445,Facebook Ads,2025-01-28,CMP4186,Tuesday,January,1.0,0
U5902,Email Marketing,2025-02-25,CMP6368,Tuesday,February,1.0,0
U5169,Facebook Ads,,CMP6333,,,,0
U8674,LinkedIn Ads,,CMP8203,,,,0
U3870,Instagram Ads,2025-09-14,CMP0302,Sunday,September,3.0,1
U6437,Google Ads,,CMP6344,,,,0
U9919,LinkedIn Ads,2025-06-18,CMP3727,Wednesday,June,2.0,0
U5063,YouTube Ads,2025-12-19,CMP2271,Friday,December,4.0,0
U8733,Facebook Ads,,CMP7047,,,,0
U4486,Instagram Ads,2025-03-19,CMP0484,Wednesday,March,1.0,0
U3784,YouTube Ads,2025-12-18,CMP4373,Thursday,December,4.0,0
U6127,Facebook Ads,,CMP7809,,,,0
U4422,Facebook Ads,2025-07-31,CMP3167,Thursday,July,3.0,0
U5324,Google Ads,2025-08-23,CMP3352,Saturday,August,3.0,1
U9729,Email Marketing,,CMP9961,,,,0
U4026,YouTube Ads,2025-09-23,CMP0631,Tuesday,September,3.0,0
U3111,LinkedIn Ads,2025-05-30,CMP9138,Friday,May,2.0,0
U8471,LinkedIn Ads,2025-03-14,CMP4685,Friday,March,1.0,0
U8953,Google Ads,,CMP8203,,,,0
U7450,LinkedIn Ads,2025-02-16,CMP2931,Sunday,February,1.0,1
U7363,Email Marketing,2025-11-21,CMP2687,Friday,November,4.0,0
U2800,YouTube Ads,2025-06-21,CMP8384,Saturday,June,2.0,1
U7312,Facebook Ads,2025-05-28,CMP2657,Wednesday,May,2.0,0
U8170,Google Ads,,CMP3324,,,,0
U1301,YouTube Ads,,CMP3554,,,,0
U0903,YouTube Ads,,CMP4557,,,,0
U1785,YouTube Ads,,CMP9472,,,,0
U5902,YouTube Ads,2025-01-19,CMP9748,Sunday,January,1.0,1
U2205,Google Ads,,CMP6209,,,,0
U1791,YouTube Ads,2025-10-20,CMP6780,Monday,October,4.0,0
U4255,Email Marketing,2025-09-27,CMP7925,Saturday,September,3.0,1
U2948,LinkedIn Ads,,CMP9219,,,,0
U3397,Google Ads,,CMP0026,,,,0
U4615,Email Marketing,,CMP9182,,,,0
U9322,Google Ads,,CMP5308,,,,0
U2225,Email Marketing,,CMP5537,,,,0
U8538,Instagram Ads,,CMP8798,,,,0
U1085,Google Ads,2025-03-18,CMP8780,Tuesday,March,1.0,0
U1915,Facebook Ads,,CMP8754,,,,0
U7405,LinkedIn Ads,,CMP4449,,,,0
U7908,Google Ads,2025-09-14,CMP6132,Sunday,September,3.0,1
U8457,Instagram Ads,2025-12-13,CMP8580,Saturday,December,4.0,1
U9737,Email Marketing,2025-02-14,CMP6351,Friday,February,1.0,0
U3439,Email Marketing,2025-06-14,CMP8530,Saturday,June,2.0,1
U4484,LinkedIn Ads,2025-02-28,CMP5229,Friday,February,1.0,0
U4642,YouTube Ads,2025-10-21,CMP3385,Tuesday,October,4.0,0
U0827,YouTube Ads,2025-02-24,CMP5550,Monday,February,1.0,0
U7305,Email Marketing,,CMP2933,,,,0
U7673,Google Ads,2025-02-19,CMP8741,Wednesday,February,1.0,0
U4228,LinkedIn Ads,,CMP7626,,,,0
U1850,Instagram Ads,2025-06-29,CMP5413,Sunday,June,2.0,1
U1753,YouTube Ads,2025-06-16,CMP5712,Monday,June,2.0,0
U3993,LinkedIn Ads,,CMP8729,,,,0
U9294,Email Marketing,2025-06-25,CMP3412,Wednesday,June,2.0,0
U9703,Email Marketing,,CMP1277,,,,0
U9772,Facebook Ads,2025-07-14,CMP7295,Monday,July,3.0,0
U0004,Facebook Ads,2025-03-17,CMP1484,Monday,March,1.0,0
U5188,YouTube Ads,,CMP6390,,,,0
U8363,Email Marketing,2025-07-26,CMP7123,Saturday,July,3.0,1
U1798,Google Ads,2025-05-25,CMP8993,Sunday,May,2.0,1
U8932,Email Marketing,2025-04-19,CMP6460,Saturday,April,2.0,1
U2057,LinkedIn Ads,,CMP9101,,,,0
U6814,Email Marketing,2025-08-22,CMP7975,Friday,August,3.0,0
U6304,LinkedIn Ads,,CMP2946,,,,0
U6732,LinkedIn Ads,,CMP9469,,,,0
U1312,LinkedIn Ads,2025-03-14,CMP9309,Friday,March,1.0,0
U1450,LinkedIn Ads,,CMP4579,,,,0
U8766,Email Marketing,,CMP1280,,,,0
U4739,Email Marketing,2025-03-27,CMP9404,Thursday,March,1.0,0
U9473,Email Marketing,2025-03-28,CMP4982,Friday,March,1.0,0
U4553,Instagram Ads,,CMP0448,,,,0
U2477,Google Ads,,CMP4210,,,,0
U1383,LinkedIn Ads,2025-03-16,CMP3870,Sunday,March,1.0,1
U2741,LinkedIn Ads,2025-04-18,CMP8126,Friday,April,2.0,0
U4938,Google Ads,,CMP4332,,,,0
U8691,Email Marketing,,CMP6223,,,,0
U5798,Email Marketing,,CMP6259,,,,0
U9572,Instagram Ads,2025-07-20,CMP5489,Sunday,July,3.0,1
U5133,Facebook Ads,,CMP9646,,,,0
U5760,LinkedIn Ads,2025-04-23,CMP0196,Wednesday,April,2.0,0
U3553,YouTube Ads,,CMP0389,,,,0
U9275,YouTube Ads,,CMP1416,,,,0
U6996,Email Marketing,2025-12-21,CMP7651,Sunday,December,4.0,1
U5451,Google Ads,2025-01-31,CMP2654,Friday,January,1.0,0
U8062,LinkedIn Ads,2025-02-25,CMP1138,Tuesday,February,1.0,0
U1154,LinkedIn Ads,2025-10-20,CMP1741,Monday,October,4.0,0
U6398,Facebook Ads,2025-05-17,CMP8155,Saturday,May,2.0,1
U7834,Google Ads,,CMP9415,,,,0
U7899,YouTube Ads,,CMP1149,,,,0
U1486,Email Marketing,,CMP5464,,,,0
U6295,Instagram Ads,,CMP7531,,,,0
U7176,Email Marketing,,CMP1750,,,,0
U5042,Facebook Ads,2025-09-13,CMP9715,Saturday,September,3.0,1
U6644,Google Ads,,CMP0269,,,,0
U1181,Email Marketing,2025-01-19,CMP7510,Sunday,January,1.0,1
U0236,YouTube Ads,2025-03-30,CMP7721,Sunday,March,1.0,1
U1743,LinkedIn Ads,2025-02-28,CMP1595,Friday,February,1.0,0
U6587,Facebook Ads,2025-06-16,CMP1034,Monday,June,2.0,0
U1979,Facebook Ads,2025-05-21,CMP5269,Wednesday,May,2.0,0
U0667,YouTube Ads,,CMP6061,,,,0
U2940,Facebook Ads,2025-02-15,CMP6163,Saturday,February,1.0,1
U4440,Email Marketing,2025-09-25,CMP6820,Thursday,September,3.0,0
U4935,YouTube Ads,2025-06-28,CMP0617,Saturday,June,2.0,1
U8316,YouTube Ads,2025-04-23,CMP1926,Wednesday,April,2.0,0
U7773,Google Ads,,CMP4529,,,,0
U5478,Email Marketing,,CMP0886,,,,0
U1161,Facebook Ads,,CMP8805,,,,0
U5344,Facebook Ads,2025-04-27,CMP6866,Sunday,April,2.0,1
U0891,LinkedIn Ads,,CMP3277,,,,0
U5876,LinkedIn Ads,2025-05-19,CMP2918,Monday,May,2.0,0
U7514,Google Ads,,CMP9318,,,,0
U3764,YouTube Ads,2025-02-14,CMP4836,Friday,February,1.0,0
U4042,YouTube Ads,,CMP3547,,,,0
U0657,Facebook Ads,2025-08-29,CMP9696,Friday,August,3.0,0
U8115,LinkedIn Ads,,CMP8702,,,,0
U1487,Facebook Ads,,CMP6663,,,,0
U7599,YouTube Ads,,CMP7525,,,,0
U1159,Email Marketing,2025-07-17,CMP6069,Thursday,July,3.0,0
U1327,Instagram Ads,2025-11-14,CMP6978,Friday,November,4.0,0
U0670,Google Ads,,CMP5964,,,,0
U3910,YouTube Ads,,CMP1098,,,,0
U8251,Email Marketing,2025-12-15,CMP9505,Monday,December,4.0,0
U7704,LinkedIn Ads,2025-12-30,CMP5657,Tuesday,December,4.0,0
U1076,LinkedIn Ads,,CMP4789,,,,0
U2425,Instagram Ads,,CMP2930,,,,0
U7765,Instagram Ads,2025-06-27,CMP0372,Friday,June,2.0,0
U8514,Facebook Ads,2025-11-27,CMP4777,Thursday,November,4.0,0
U7296,LinkedIn Ads,2025-08-23,CMP5347,Saturday,August,3.0,1
U0776,Facebook Ads,2025-03-17,CMP5022,Monday,March,1.0,0
U2515,Email Marketing,2025-03-24,CMP2635,Monday,March,1.0,0
U9216,Facebook Ads,2025-12-29,CMP9414,Monday,December,4.0,0
U4941,Instagram Ads,,CMP2424,,,,0
U8314,LinkedIn Ads,2025-06-19,CMP2382,Thursday,June,2.0,0
U5550,YouTube Ads,2025-12-19,CMP4749,Friday,December,4.0,0
U3611,Email Marketing,2025-08-17,CMP2285,Sunday,August,3.0,1
U3207,YouTube Ads,,CMP3198,,,,0
U9914,YouTube Ads,2025-09-19,CMP1432,Friday,September,3.0,0
U4664,Email Marketing,2025-06-26,CMP2424,Thursday,June,2.0,0
U7250,Google Ads,2025-05-28,CMP9192,Wednesday,May,2.0,0
U1411,Email Marketing,2025-03-15,CMP6945,Saturday,March,1.0,1
U1450,Instagram Ads,,CMP8607,,,,0
U3265,YouTube Ads,,CMP2866,,,,0
U3679,YouTube Ads,2025-01-14,CMP4948,Tuesday,January,1.0,0
U4010,Google Ads,2025-01-15,CMP7743,Wednesday,January,1.0,0
U4226,Email Marketing,2025-11-18,CMP9813,Tuesday,November,4.0,0
U2669,Instagram Ads,2025-10-25,CMP1960,Saturday,October,4.0,1
U5833,Instagram Ads,2025-01-25,CMP2220,Saturday,January,1.0,1
U9811,YouTube Ads,2025-03-27,CMP1259,Thursday,March,1.0,0
U5762,Instagram Ads,2025-03-15,CMP4933,Saturday,March,1.0,1
U8248,LinkedIn Ads,2025-04-24,CMP7945,Thursday,April,2.0,0
U6838,YouTube Ads,2025-08-24,CMP8613,Sunday,August,3.0,1
U7241,LinkedIn Ads,,CMP0285,,,,0
U2333,Google Ads,2025-12-19,CMP4992,Friday,December,4.0,0
U7066,LinkedIn Ads,2025-01-22,CMP1288,Wednesday,January,1.0,0
U0710,YouTube Ads,,CMP8413,,,,0
U5760,YouTube Ads,2025-01-15,CMP2029,Wednesday,January,1.0,0
U3963,YouTube Ads,2025-09-16,CMP4545,Tuesday,September,3.0,0
U2815,YouTube Ads,,CMP0230,,,,0
U7204,Email Marketing,,CMP8261,,,,0
U2026,Facebook Ads,2025-08-27,CMP6949,Wednesday,August,3.0,0
U5376,Email Marketing,,CMP5919,,,,0
U7012,Email Marketing,,CMP5112,,,,0
U7178,Facebook Ads,2025-09-25,CMP6021,Thursday,September,3.0,0
U1061,LinkedIn Ads,,CMP6469,,,,0
U9535,Google Ads,2025-10-31,CMP6624,Friday,October,4.0,0
U7939,Instagram Ads,2025-09-19,CMP6558,Friday,September,3.0,0
U0487,Instagram Ads,2025-02-20,CMP2002,Thursday,February,1.0,0
U4961,Facebook Ads,2025-11-15,CMP0439,Saturday,November,4.0,1
U8033,LinkedIn Ads,2025-09-16,CMP8519,Tuesday,September,3.0,0
U6286,YouTube Ads,2025-08-19,CMP8857,Tuesday,August,3.0,0
U2690,Google Ads,,CMP0590,,,,0
U8838,Google Ads,2025-10-20,CMP7987,Monday,October,4.0,0
U5780,Google Ads,2025-05-26,CMP8302,Monday,May,2.0,0
U5592,Instagram Ads,2025-07-14,CMP2101,Monday,July,3.0,0
U5114,Instagram Ads,2025-10-31,CMP6750,Friday,October,4.0,0
U0613,Google Ads,2025-08-24,CMP4996,Sunday,August,3.0,1
U5186,Instagram Ads,2025-07-13,CMP6901,Sunday,July,3.0,1
U5564,Google Ads,2025-03-27,CMP8002,Thursday,March,1.0,0
U3508,LinkedIn Ads,2025-05-28,CMP3306,Wednesday,May,2.0,0
U1553,Facebook Ads,2025-10-31,CMP6587,Friday,October,4.0,0
U4946,LinkedIn Ads,2025-09-16,CMP8701,Tuesday,September,3.0,0
U8972,LinkedIn Ads,,CMP3279,,,,0
U4390,YouTube Ads,2025-11-23,CMP3057,Sunday,November,4.0,1
U7578,YouTube Ads,2025-03-17,CMP7107,Monday,March,1.0,0
U3336,LinkedIn Ads,2025-07-31,CMP4920,Thursday,July,3.0,0
U2457,Email Marketing,,CMP4202,,,,0
U3310,LinkedIn Ads,2025-03-23,CMP7605,Sunday,March,1.0,1
U7961,Email Marketing,,CMP4552,,,,0
U1480,Instagram Ads,2025-07-23,CMP9857,Wednesday,July,3.0,0
U8606,Email Marketing,,CMP9355,,,,0
U6929,Instagram Ads,2025-04-22,CMP2004,Tuesday,April,2.0,0
U6140,LinkedIn Ads,2025-12-25,CMP7201,Thursday,December,4.0,0
U5050,Instagram Ads,,CMP4037,,,,0
U5068,Email Marketing,2025-11-24,CMP0896,Monday,November,4.0,0
U4187,YouTube Ads,,CMP2000,,,,0
U6657,Facebook Ads,2025-01-18,CMP4873,Saturday,January,1.0,1
U6921,LinkedIn Ads,2025-02-21,CMP8056,Friday,February,1.0,0
U7427,LinkedIn Ads,2025-12-22,CMP5765,Monday,December,4.0,0
U3279,Email Marketing,2025-11-18,CMP3011,Tuesday,November,4.0,0
U2132,Facebook Ads,,CMP2586,,,,0
U9717,LinkedIn Ads,2025-06-17,CMP7398,Tuesday,June,2.0,0
U9151,LinkedIn Ads,2025-11-28,CMP2981,Friday,November,4.0,0
U6571,Facebook Ads,2025-11-13,CMP7577,Thursday,November,4.0,0
U7130,Facebook Ads,2025-08-21,CMP6029,Thursday,August,3.0,0
U2134,Facebook Ads,,CMP3329,,,,0
U2392,Email Marketing,2025-01-15,CMP4637,Wednesday,January,1.0,0
U0170,Instagram Ads,2025-08-29,CMP4069,Friday,August,3.0,0
U9785,Email Marketing,,CMP6514,,,,0
U9802,Facebook Ads,2025-12-30,CMP5454,Tuesday,December,4.0,0
U6077,YouTube Ads,,CMP8267,,,,0
U1469,YouTube Ads,,CMP2784,,,,0
U5908,Instagram Ads,,CMP1915,,,,0
U8050,YouTube Ads,2025-03-19,CMP4322,Wednesday,March,1.0,0
U0588,Google Ads,2025-08-29,CMP7209,Friday,August,3.0,0
U9190,LinkedIn Ads,,CMP1901,,,,0
U2960,Google Ads,2025-03-28,CMP2426,Friday,March,1.0,0
U2959,Facebook Ads,,CMP9596,,,,0
U1999,Instagram Ads,2025-07-21,CMP1546,Monday,July,3.0,0
U7862,Facebook Ads,2025-08-21,CMP5301,Thursday,August,3.0,0
U2119,Google Ads,2025-04-19,CMP5398,Saturday,April,2.0,1
U2917,Email Marketing,,CMP0910,,,,0
U2526,LinkedIn Ads,,CMP2670,,,,0
U6021,Email Marketing,2025-09-20,CMP5081,Saturday,September,3.0,1
U6034,Instagram Ads,,CMP7806,,,,0
U2541,YouTube Ads,,CMP0663,,,,0
U4922,LinkedIn Ads,2025-03-18,CMP4763,Tuesday,March,1.0,0
U1254,YouTube Ads,2025-01-24,CMP4074,Friday,January,1.0,0
U1340,LinkedIn Ads,2025-09-15,CMP1549,Monday,September,3.0,0
U4877,Facebook Ads,,CMP2942,,,,0
U3459,YouTube Ads,,CMP7372,,,,0
U0218,LinkedIn Ads,2025-03-29,CMP1743,Saturday,March,1.0,1
U5911,Email Marketing,2025-12-20,CMP9862,Saturday,December,4.0,1
U0261,Google Ads,2025-12-23,CMP4959,Tuesday,December,4.0,0
U3128,Email Marketing,2025-02-14,CMP2379,Friday,February,1.0,0
U7296,Google Ads,,CMP6913,,,,0
U0835,Facebook Ads,2025-06-20,CMP3976,Friday,June,2.0,0
U4765,LinkedIn Ads,2025-01-19,CMP7075,Sunday,January,1.0,1
U9444,Facebook Ads,,CMP7994,,,,0
U5682,LinkedIn Ads,2025-08-18,CMP6835,Monday,August,3.0,0
U9629,LinkedIn Ads,2025-12-17,CMP3150,Wednesday,December,4.0,0
U5903,Facebook Ads,2025-08-30,CMP7676,Saturday,August,3.0,1
U9925,Email Marketing,,CMP1413,,,,0
U5879,Facebook Ads,2025-05-14,CMP4976,Wednesday,May,2.0,0
U3715,Google Ads,,CMP8249,,,,0
U8445,Google Ads,,CMP5821,,,,0
U1670,LinkedIn Ads,2025-10-15,CMP7174,Wednesday,October,4.0,0
U7234,Facebook Ads,2025-09-17,CMP1935,Wednesday,September,3.0,0
U6812,Instagram Ads,,CMP5960,,,,0
U5909,YouTube Ads,2025-11-19,CMP4699,Wednesday,November,4.0,0
U6707,LinkedIn Ads,2025-08-23,CMP8678,Saturday,August,3.0,1
U1141,LinkedIn Ads,2025-02-13,CMP0488,Thursday,February,1.0,0
U2474,LinkedIn Ads,2025-10-22,CMP2693,Wednesday,October,4.0,0
U9071,Instagram Ads,,CMP8517,,,,0
U6619,Instagram Ads,2025-08-17,CMP0130,Sunday,August,3.0,1
U1381,Email Marketing,2025-01-19,CMP7245,Sunday,January,1.0,1
U9041,YouTube Ads,,CMP2065,,,,0
U6927,Google Ads,2025-09-16,CMP0384,Tuesday,September,3.0,0
U2044,Email Marketing,2025-08-18,CMP4256,Monday,August,3.0,0
U8738,Facebook Ads,,CMP5554,,,,0
U1725,Email Marketing,2025-06-17,CMP9385,Tuesday,June,2.0,0
U1343,LinkedIn Ads,2025-02-17,CMP5920,Monday,February,1.0,0
U9638,LinkedIn Ads,2025-10-14,CMP3520,Tuesday,October,4.0,0
U8021,LinkedIn Ads,,CMP9574,,,,0
U3484,Facebook Ads,2025-08-22,CMP7500,Friday,August,3.0,0
U1981,Instagram Ads,,CMP9160,,,,0
U0459,Instagram Ads,2025-03-15,CMP1930,Saturday,March,1.0,1
U0035,Instagram Ads,,CMP5000,,,,0
U6182,LinkedIn Ads,,CMP6842,,,,0
U7358,YouTube Ads,2025-03-18,CMP2270,Tuesday,March,1.0,0
U7260,LinkedIn Ads,2025-05-23,CMP6712,Friday,May,2.0,0
U9165,YouTube Ads,2025-02-13,CMP0407,Thursday,February,1.0,0
U0306,YouTube Ads,,CMP0867,,,,0
U7279,Instagram Ads,2025-02-13,CMP0311,Thursday,February,1.0,0
U0395,LinkedIn Ads,2025-09-28,CMP0738,Sunday,September,3.0,1
U1469,YouTube Ads,2025-03-20,CMP1628,Thursday,March,1.0,0
U1618,Facebook Ads,2025-06-13,CMP5330,Friday,June,2.0,0
U9602,Google Ads,,CMP6153,,,,0
U1073,Instagram Ads,,CMP1886,,,,0
U9089,Instagram Ads,2025-11-30,CMP0306,Sunday,November,4.0,1
U6117,Email Marketing,,CMP1375,,,,0
U4740,YouTube Ads,,CMP6943,,,,0
U5758,Instagram Ads,2025-11-20,CMP7901,Thursday,November,4.0,0
U1470,Facebook Ads,2025-07-22,CMP0746,Tuesday,July,3.0,0
U5614,Instagram Ads,2025-11-22,CMP9118,Saturday,November,4.0,1
U5382,Email Marketing,,CMP4030,,,,0
U9107,LinkedIn Ads,2025-12-23,CMP9975,Tuesday,December,4.0,0
U7294,Email Marketing,,CMP1330,,,,0
U0139,Instagram Ads,,CMP9852,,,,0
U5863,Facebook Ads,,CMP0154,,,,0
U9930,Facebook Ads,2025-04-18,CMP3624,Friday,April,2.0,0
U9041,Google Ads,,CMP6490,,,,0
U2088,YouTube Ads,2025-05-13,CMP9880,Tuesday,May,2.0,0
U8732,Facebook Ads,,CMP4495,,,,0
U7087,LinkedIn Ads,2025-07-28,CMP0033,Monday,July,3.0,0
U0770,Instagram Ads,2025-05-23,CMP8120,Friday,May,2.0,0
U3697,Facebook Ads,2025-12-20,CMP6421,Saturday,December,4.0,1
U0457,Instagram Ads,,CMP2695,,,,0
U0892,Instagram Ads,2025-06-20,CMP5478,Friday,June,2.0,0
U2046,YouTube Ads,2025-02-13,CMP9830,Thursday,February,1.0,0
U4940,Facebook Ads,,CMP1066,,,,0
U1571,YouTube Ads,2025-11-13,CMP0915,Thursday,November,4.0,0
U1660,LinkedIn Ads,2025-06-23,CMP0174,Monday,June,2.0,0
U9752,Instagram Ads,,CMP8475,,,,0
U7888,Facebook Ads,2025-11-14,CMP9392,Friday,November,4.0,0
U5862,Google Ads,,CMP0723,,,,0
U8482,LinkedIn Ads,2025-10-28,CMP2416,Tuesday,October,4.0,0
U3298,YouTube Ads,,CMP8309,,,,0
U5500,YouTube Ads,,CMP7658,,,,0
U3655,Google Ads,2025-12-21,CMP7444,Sunday,December,4.0,1
U0111,Email Marketing,,CMP7877,,,,0
U5897,Facebook Ads,2025-01-23,CMP1888,Thursday,January,1.0,0
U4030,Instagram Ads,,CMP3588,,,,0
U5545,Google Ads,2025-04-18,CMP1658,Friday,April,2.0,0
U7107,Email Marketing,2025-12-31,CMP6101,Wednesday,December,4.0,0
U5210,Facebook Ads,,CMP2143,,,,0
U4050,Facebook Ads,2025-01-28,CMP9623,Tuesday,January,1.0,0
U1063,YouTube Ads,2025-03-27,CMP8328,Thursday,March,1.0,0
U6126,Instagram Ads,2025-09-27,CMP8343,Saturday,September,3.0,1
U0600,Instagram Ads,2025-04-17,CMP7763,Thursday,April,2.0,0
U9362,LinkedIn Ads,2025-03-22,CMP3841,Saturday,March,1.0,1
U0675,Instagram Ads,2025-08-27,CMP1377,Wednesday,August,3.0,0
U4474,LinkedIn Ads,2025-07-15,CMP7661,Tuesday,July,3.0,0
U8957,Instagram Ads,2025-11-26,CMP1244,Wednesday,November,4.0,0
U5469,Google Ads,,CMP1613,,,,0
U4279,Facebook Ads,,CMP4497,,,,0
U8400,LinkedIn Ads,2025-03-18,CMP6617,Tuesday,March,1.0,0
U7680,LinkedIn Ads,2025-08-25,CMP3439,Monday,August,3.0,0
U9150,LinkedIn Ads,2025-01-16,CMP3078,Thursday,January,1.0,0
U5568,Email Marketing,2025-04-26,CMP5007,Saturday,April,2.0,1
U2280,Instagram Ads,2025-03-20,CMP8809,Thursday,March,1.0,0
U1044,YouTube Ads,,CMP9959,,,,0
U9059,LinkedIn Ads,,CMP9331,,,,0
U4651,Facebook Ads,2025-04-16,CMP0440,Wednesday,April,2.0,0
U6732,Google Ads,2025-07-20,CMP7450,Sunday,July,3.0,1
U2129,Email Marketing,2025-04-16,CMP7836,Wednesday,April,2.0,0
U3326,Facebook Ads,2025-09-15,CMP7779,Monday,September,3.0,0
U4045,Facebook Ads,2025-09-27,CMP0122,Saturday,September,3.0,1
U7477,LinkedIn Ads,2025-06-27,CMP7540,Friday,June,2.0,0
U7080,YouTube Ads,2025-08-23,CMP6408,Saturday,August,3.0,1
U4486,Google Ads,2025-11-18,CMP9317,Tuesday,November,4.0,0
U1254,LinkedIn Ads,2025-02-23,CMP3560,Sunday,February,1.0,1
U0438,Facebook Ads,,CMP7389,,,,0
U0619,Instagram Ads,,CMP6245,,,,0
U8986,Email Marketing,,CMP5360,,,,0
U1647,Instagram Ads,,CMP7714,,,,0
U7220,Google Ads,,CMP2760,,,,0
U8567,Facebook Ads,2025-11-25,CMP8722,Tuesday,November,4.0,0
U0798,Email Marketing,2025-07-13,CMP6400,Sunday,July,3.0,1
U5524,Facebook Ads,,CMP3909,,,,0
U1765,Email Marketing,2025-06-17,CMP1583,Tuesday,June,2.0,0
U1735,YouTube Ads,,CMP3394,,,,0
U4563,Google Ads,2025-11-29,CMP5182,Saturday,November,4.0,1
U8785,LinkedIn Ads,2025-10-19,CMP3581,Sunday,October,4.0,1
U2178,Email Marketing,2025-06-20,CMP5315,Friday,June,2.0,0
U9586,Email Marketing,2025-08-18,CMP5210,Monday,August,3.0,0
U2033,YouTube Ads,,CMP8249,,,,0
U2485,Google Ads,,CMP1301,,,,0
U0649,LinkedIn Ads,2025-09-24,CMP9799,Wednesday,September,3.0,0
U8837,Facebook Ads,2025-01-28,CMP0389,Tuesday,January,1.0,0
U0100,YouTube Ads,,CMP3645,,,,0
U3349,Facebook Ads,,CMP2319,,,,0
U9927,Facebook Ads,,CMP5104,,,,0
U6525,Instagram Ads,2025-07-13,CMP3300,Sunday,July,3.0,1
U0325,Email Marketing,2025-07-15,CMP9985,Tuesday,July,3.0,0
U4216,YouTube Ads,2025-07-14,CMP4919,Monday,July,3.0,0
U3207,YouTube Ads,2025-03-21,CMP9211,Friday,March,1.0,0
U6293,LinkedIn Ads,,CMP6132,,,,0
U3183,Google Ads,,CMP6698,,,,0
U0946,YouTube Ads,2025-11-30,CMP5712,Sunday,November,4.0,1
U0463,LinkedIn Ads,2025-12-24,CMP3971,Wednesday,December,4.0,0
U2645,Email Marketing,,CMP7463,,,,0
U6930,LinkedIn Ads,2025-03-26,CMP6298,Wednesday,March,1.0,0
U1457,Email Marketing,2025-02-25,CMP8736,Tuesday,February,1.0,0
U2760,Instagram Ads,,CMP2339,,,,0
U2796,YouTube Ads,,CMP6846,,,,0
U3042,Facebook Ads,2025-04-13,CMP7971,Sunday,April,2.0,1
U1790,Instagram Ads,2025-11-22,CMP3144,Saturday,November,4.0,1
U7830,Instagram Ads,,CMP2043,,,,0
U0119,Google Ads,,CMP4360,,,,0
U5515,LinkedIn Ads,,CMP4356,,,,0
U5834,Instagram Ads,2025-06-19,CMP3926,Thursday,June,2.0,0
U4579,Email Marketing,2025-12-25,CMP6584,Thursday,December,4.0,0
U5279,YouTube Ads,,CMP7786,,,,0
U1334,Email Marketing,2025-06-28,CMP5334,Saturday,June,2.0,1
U2346,Email Marketing,2025-09-24,CMP1646,Wednesday,September,3.0,0
U8991,Facebook Ads,2025-08-28,CMP0521,Thursday,August,3.0,0
U1466,Email Marketing,2025-02-24,CMP7900,Monday,February,1.0,0
U7804,LinkedIn Ads,,CMP5350,,,,0
U9842,Google Ads,,CMP8061,,,,0
U4245,Email Marketing,,CMP6253,,,,0
U5135,Facebook Ads,2025-07-14,CMP9703,Monday,July,3.0,0
U5981,YouTube Ads,2025-12-14,CMP9668,Sunday,December,4.0,1
U5177,Google Ads,2025-03-16,CMP3640,Sunday,March,1.0,1
U0563,Facebook Ads,,CMP7468,,,,0
U8111,Instagram Ads,2025-05-30,CMP2023,Friday,May,2.0,0
U0862,Facebook Ads,,CMP5459,,,,0
U7757,Google Ads,2025-06-28,CMP2609,Saturday,June,2.0,1
U6452,Instagram Ads,2025-02-19,CMP4638,Wednesday,February,1.0,0
U2254,Email Marketing,2025-08-15,CMP0887,Friday,August,3.0,0
U1671,Facebook Ads,2025-12-14,CMP3437,Sunday,December,4.0,1
U0860,Google Ads,,CMP2757,,,,0
U3947,Email Marketing,2025-07-23,CMP2435,Wednesday,July,3.0,0
U1469,Email Marketing,2025-08-26,CMP2827,Tuesday,August,3.0,0
U8016,Instagram Ads,2025-11-25,CMP7293,Tuesday,November,4.0,0
U9714,YouTube Ads,,CMP9615,,,,0
U8807,Instagram Ads,,CMP7106,,,,0
U8831,YouTube Ads,2025-11-30,CMP9111,Sunday,November,4.0,1
U7328,Facebook Ads,,CMP1923,,,,0
U1387,Google Ads,,CMP2642,,,,0
U8511,LinkedIn Ads,2025-05-31,CMP2812,Saturday,May,2.0,1
U3439,Email Marketing,2025-12-19,CMP8036,Friday,December,4.0,0
U2199,Facebook Ads,,CMP0602,,,,0
U4271,Email Marketing,2025-07-15,CMP2106,Tuesday,July,3.0,0
U8781,Instagram Ads,2025-04-15,CMP1365,Tuesday,April,2.0,0
U9912,Email Marketing,2025-03-25,CMP3157,Tuesday,March,1.0,0
U2042,LinkedIn Ads,2025-09-30,CMP7105,Tuesday,September,3.0,0
U2398,Email Marketing,2025-04-26,CMP5397,Saturday,April,2.0,1
U9648,Google Ads,,CMP6204,,,,0
U2798,YouTube Ads,,CMP4621,,,,0
U9705,YouTube Ads,,CMP8712,,,,0
U0867,Email Marketing,2025-11-24,CMP2548,Monday,November,4.0,0
U7679,LinkedIn Ads,2025-09-15,CMP9973,Monday,September,3.0,0
U5124,Instagram Ads,2025-02-16,CMP3749,Sunday,February,1.0,1
U9080,Facebook Ads,,CMP1535,,,,0
U8723,LinkedIn Ads,2025-12-24,CMP2236,Wednesday,December,4.0,0
U8653,Email Marketing,2025-12-17,CMP0120,Wednesday,December,4.0,0
U2185,Email Marketing,2025-09-21,CMP2762,Sunday,September,3.0,1
U8833,Instagram Ads,,CMP2794,,,,0
U8447,Google Ads,2025-01-19,CMP3491,Sunday,January,1.0,1
U5799,Instagram Ads,2025-02-24,CMP0943,Monday,February,1.0,0
U1389,Instagram Ads,2025-09-28,CMP6588,Sunday,September,3.0,1
U6133,Google Ads,,CMP7986,,,,0
U2292,Google Ads,,CMP4416,,,,0
U6899,Google Ads,2025-06-19,CMP3252,Thursday,June,2.0,0
U8120,Email Marketing,2025-12-16,CMP7853,Tuesday,December,4.0,0
U0347,YouTube Ads,,CMP6552,,,,0
U0132,Google Ads,,CMP3875,,,,0
U4088,Facebook Ads,2025-05-24,CMP7028,Saturday,May,2.0,1
U8231,Email Marketing,,CMP4053,,,,0
U3149,Facebook Ads,2025-03-16,CMP2437,Sunday,March,1.0,1
U3792,LinkedIn Ads,2025-04-24,CMP0835,Thursday,April,2.0,0
U4597,Email Marketing,2025-06-29,CMP6998,Sunday,June,2.0,1
U3474,Facebook Ads,2025-05-27,CMP0780,Tuesday,May,2.0,0
U1828,Facebook Ads,2025-02-19,CMP7060,Wednesday,February,1.0,0
U8665,Instagram Ads,,CMP2135,,,,0
U1972,LinkedIn Ads,2025-01-22,CMP9574,Wednesday,January,1.0,0
U8956,Facebook Ads,2025-11-13,CMP3121,Thursday,November,4.0,0
U6852,YouTube Ads,,CMP3310,,,,0
U7146,Instagram Ads,,CMP9181,,,,0
U4746,Google Ads,2025-01-24,CMP8256,Friday,January,1.0,0
U1229,Email Marketing,2025-03-26,CMP3117,Wednesday,March,1.0,0
U2622,LinkedIn Ads,2025-10-20,CMP6394,Monday,October,4.0,0
U4972,LinkedIn Ads,2025-04-23,CMP8402,Wednesday,April,2.0,0
U2428,Facebook Ads,2025-05-23,CMP2804,Friday,May,2.0,0
U9915,Facebook Ads,,CMP4080,,,,0
U4832,Instagram Ads,2025-06-16,CMP9000,Monday,June,2.0,0
U8805,Facebook Ads,,CMP5825,,,,0
U3378,Email Marketing,2025-08-15,CMP6259,Friday,August,3.0,0
U6040,Facebook Ads,2025-03-17,CMP6480,Monday,March,1.0,0
U4622,Facebook Ads,,CMP3032,,,,0
U6987,Email Marketing,,CMP6459,,,,0
U9885,Email Marketing,2025-02-21,CMP1643,Friday,February,1.0,0
U4386,Email Marketing,2025-03-15,CMP0223,Saturday,March,1.0,1
U1393,Google Ads,2025-04-14,CMP0154,Monday,April,2.0,0
U0916,Facebook Ads,,CMP7280,,,,0
U6805,Google Ads,2025-03-14,CMP0348,Friday,March,1.0,0
U6304,LinkedIn Ads,2025-12-18,CMP6999,Thursday,December,4.0,0
U5855,Google Ads,,CMP2779,,,,0
U5487,Google Ads,,CMP1390,,,,0
U8180,YouTube Ads,,CMP4941,,,,0
U7319,Google Ads,,CMP1252,,,,0
U6309,Facebook Ads,2025-06-30,CMP4563,Monday,June,2.0,0
U4029,YouTube Ads,2025-07-16,CMP6783,Wednesday,July,3.0,0
U9519,YouTube Ads,,CMP8071,,,,0
U0282,Email Marketing,,CMP3594,,,,0
U4829,Google Ads,2025-08-24,CMP1805,Sunday,August,3.0,1
U1921,Facebook Ads,2025-12-23,CMP6899,Tuesday,December,4.0,0
U1209,Instagram Ads,,CMP6959,,,,0
U6824,Facebook Ads,2025-03-18,CMP5985,Tuesday,March,1.0,0
U7275,Email Marketing,2025-11-27,CMP8642,Thursday,November,4.0,0
U6495,Email Marketing,,CMP0984,,,,0
U2570,YouTube Ads,2025-05-20,CMP4228,Tuesday,May,2.0,0
U6428,Email Marketing,,CMP2051,,,,0
U0896,LinkedIn Ads,,CMP7675,,,,0
U2667,Google Ads,,CMP1711,,,,0
U3938,Facebook Ads,2025-05-18,CMP5065,Sunday,May,2.0,1
U0139,Google Ads,,CMP7927,,,,0
U5429,Email Marketing,2025-07-28,CMP6401,Monday,July,3.0,0
U0613,Google Ads,2025-05-29,CMP2461,Thursday,May,2.0,0
U2308,Email Marketing,2025-03-24,CMP1529,Monday,March,1.0,0
U7060,Instagram Ads,2025-01-21,CMP8574,Tuesday,January,1.0,0
U8152,YouTube Ads,2025-02-19,CMP3422,Wednesday,February,1.0,0
U4844,Google Ads,2025-03-24,CMP8965,Monday,March,1.0,0
U4195,Google Ads,2025-08-15,CMP1462,Friday,August,3.0,0
U6702,LinkedIn Ads,2025-11-14,CMP9319,Friday,November,4.0,0
U0700,Instagram Ads,2025-11-14,CMP5139,Friday,November,4.0,0
U9342,Google Ads,2025-07-24,CMP9189,Thursday,July,3.0,0
U1788,Instagram Ads,2025-02-13,CMP1532,Thursday,February,1.0,0
U5611,LinkedIn Ads,,CMP6504,,,,0
U2385,Instagram Ads,2025-11-24,CMP1874,Monday,November,4.0,0
U0887,Google Ads,2025-04-19,CMP6231,Saturday,April,2.0,1
U6637,Email Marketing,,CMP4130,,,,0
U0881,YouTube Ads,2025-02-17,CMP6877,Monday,February,1.0,0
U2633,Facebook Ads,2025-12-23,CMP2696,Tuesday,December,4.0,0
U1275,Google Ads,,CMP6376,,,,0
U5185,Google Ads,2025-02-28,CMP5186,Friday,February,1.0,0
U1597,LinkedIn Ads,2025-01-19,CMP0061,Sunday,January,1.0,1
U3132,Facebook Ads,2025-12-14,CMP8948,Sunday,December,4.0,1
U8178,Instagram Ads,2025-11-29,CMP0266,Saturday,November,4.0,1
U7518,LinkedIn Ads,,CMP8888,,,,0
U7168,LinkedIn Ads,2025-11-21,CMP8893,Friday,November,4.0,0
U6739,Google Ads,2025-02-23,CMP1626,Sunday,February,1.0,1
U4750,Google Ads,,CMP8925,,,,0
U7602,Google Ads,2025-07-31,CMP6244,Thursday,July,3.0,0
U4334,Instagram Ads,,CMP0125,,,,0
U8503,Google Ads,,CMP6793,,,,0
U6445,Facebook Ads,2025-01-27,CMP7046,Monday,January,1.0,0
U2596,Email Marketing,,CMP6397,,,,0
U4264,Google Ads,,CMP8262,,,,0
U8908,LinkedIn Ads,,CMP0421,,,,0
U3634,LinkedIn Ads,,CMP2139,,,,0
U0380,Instagram Ads,2025-11-23,CMP6195,Sunday,November,4.0,1
U1521,Google Ads,,CMP9764,,,,0
U1206,LinkedIn Ads,,CMP3408,,,,0
U4895,Instagram Ads,,CMP6149,,,,0
U9831,Google Ads,,CMP0516,,,,0
U8385,Facebook Ads,2025-03-20,CMP1993,Thursday,March,1.0,0
U2074,Google Ads,2025-05-18,CMP3555,Sunday,May,2.0,1
U7145,Email Marketing,2025-09-20,CMP5711,Saturday,September,3.0,1
U9563,Email Marketing,2025-10-28,CMP3243,Tuesday,October,4.0,0
U5223,LinkedIn Ads,2025-11-15,CMP7993,Saturday,November,4.0,1
U8379,Instagram Ads,,CMP9293,,,,0
U7036,Instagram Ads,,CMP8692,,,,0
U0179,Instagram Ads,2025-06-18,CMP6090,Wednesday,June,2.0,0
U8639,YouTube Ads,2025-04-22,CMP3812,Tuesday,April,2.0,0
U5207,YouTube Ads,2025-06-13,CMP1226,Friday,June,2.0,0
U2804,Google Ads,,CMP8170,,,,0
U0077,Instagram Ads,2025-08-25,CMP0349,Monday,August,3.0,0
U1138,YouTube Ads,2025-08-29,CMP0607,Friday,August,3.0,0
U5132,Instagram Ads,,CMP4932,,,,0
U1684,LinkedIn Ads,2025-01-15,CMP7448,Wednesday,January,1.0,0
U3132,Instagram Ads,,CMP1723,,,,0
U1230,Instagram Ads,2025-05-16,CMP0861,Friday,May,2.0,0
U7549,Instagram Ads,,CMP6219,,,,0
U8645,LinkedIn Ads,,CMP9571,,,,0
U1357,Email Marketing,2025-06-30,CMP5275,Monday,June,2.0,0
U3482,Email Marketing,,CMP3374,,,,0
U8645,LinkedIn Ads,2025-09-21,CMP3079,Sunday,September,3.0,1
U3585,Email Marketing,,CMP7439,,,,0
U5033,LinkedIn Ads,2025-10-23,CMP3327,Thursday,October,4.0,0
U3065,Email Marketing,2025-05-17,CMP1756,Saturday,May,2.0,1
U3475,Instagram Ads,2025-03-19,CMP5767,Wednesday,March,1.0,0
U6268,LinkedIn Ads,,CMP0871,,,,0
U1789,Instagram Ads,2025-12-15,CMP9733,Monday,December,4.0,0
U1079,Google Ads,2025-09-30,CMP3598,Tuesday,September,3.0,0
U4396,LinkedIn Ads,,CMP6629,,,,0
U3033,Email Marketing,2025-09-15,CMP4719,Monday,September,3.0,0
U7459,Facebook Ads,2025-03-14,CMP3910,Friday,March,1.0,0
U9733,Facebook Ads,2025-06-30,CMP0342,Monday,June,2.0,0
U4763,LinkedIn Ads,2025-04-27,CMP4056,Sunday,April,2.0,1
U8941,Google Ads,,CMP1539,,,,0
U9761,Instagram Ads,,CMP0223,,,,0
U5853,Facebook Ads,,CMP0340,,,,0
U1769,Instagram Ads,2025-05-21,CMP7057,Wednesday,May,2.0,0
U5427,YouTube Ads,2025-07-20,CMP7361,Sunday,July,3.0,1
U2015,Facebook Ads,,CMP5068,,,,0
U2411,Instagram Ads,2025-08-27,CMP5686,Wednesday,August,3.0,0
U4829,Email Marketing,,CMP9145,,,,0
U5772,Google Ads,,CMP9717,,,,0
U2338,YouTube Ads,,CMP4642,,,,0
U6329,Google Ads,,CMP3586,,,,0
U5284,YouTube Ads,2025-10-24,CMP4949,Friday,October,4.0,0
U4872,LinkedIn Ads,2025-10-18,CMP2224,Saturday,October,4.0,1
U8255,Google Ads,2025-12-17,CMP7159,Wednesday,December,4.0,0
U0433,LinkedIn Ads,,CMP7644,,,,0
U8901,Facebook Ads,2025-10-17,CMP4955,Friday,October,4.0,0
U7541,LinkedIn Ads,2025-01-28,CMP2064,Tuesday,January,1.0,0
U7889,Instagram Ads,2025-12-20,CMP1754,Saturday,December,4.0,1
U3360,Email Marketing,2025-09-22,CMP9579,Monday,September,3.0,0
U0106,Facebook Ads,,CMP2235,,,,0
U4051,Facebook Ads,2025-04-15,CMP0001,Tuesday,April,2.0,0
U3016,LinkedIn Ads,,CMP7272,,,,0
U0355,Email Marketing,,CMP7195,,,,0
U4752,YouTube Ads,2025-05-29,CMP2798,Thursday,May,2.0,0
U7602,Email Marketing,,CMP6019,,,,0
U7283,YouTube Ads,2025-01-22,CMP1969,Wednesday,January,1.0,0
U3454,Instagram Ads,2025-06-28,CMP7510,Saturday,June,2.0,1
U5559,Email Marketing,2025-08-24,CMP2859,Sunday,August,3.0,1
U9927,LinkedIn Ads,,CMP4964,,,,0
U5704,Instagram Ads,2025-10-27,CMP8609,Monday,October,4.0,0
U8183,Email Marketing,2025-12-14,CMP0484,Sunday,December,4.0,1
U1055,Google Ads,,CMP3877,,,,0
U2852,LinkedIn Ads,2025-06-14,CMP1195,Saturday,June,2.0,1
U4688,YouTube Ads,2025-04-26,CMP9401,Saturday,April,2.0,1
U1577,Facebook Ads,2025-04-15,CMP8660,Tuesday,April,2.0,0
U3037,LinkedIn Ads,2025-12-16,CMP5892,Tuesday,December,4.0,0
U5769,Facebook Ads,,CMP8130,,,,0
U9325,LinkedIn Ads,,CMP1101,,,,0
U0370,LinkedIn Ads,2025-04-25,CMP1933,Friday,April,2.0,0
U3956,Google Ads,2025-09-23,CMP5864,Tuesday,September,3.0,0
U0492,YouTube Ads,2025-01-17,CMP0929,Friday,January,1.0,0
U1022,Facebook Ads,,CMP0974,,,,0
U9801,Email Marketing,,CMP9995,,,,0
U8317,Instagram Ads,2025-04-26,CMP2122,Saturday,April,2.0,1
U8753,Google Ads,,CMP3732,,,,0
U2052,LinkedIn Ads,,CMP9053,,,,0
U7153,Google Ads,2025-01-30,CMP7176,Thursday,January,1.0,0
U4095,LinkedIn Ads,2025-01-30,CMP3722,Thursday,January,1.0,0
U4791,Google Ads,,CMP4631,,,,0
U5849,Google Ads,2025-04-23,CMP1259,Wednesday,April,2.0,0
U5225,Instagram Ads,2025-12-24,CMP9035,Wednesday,December,4.0,0
U2247,Email Marketing,2025-09-24,CMP6732,Wednesday,September,3.0,0
U7214,Instagram Ads,2025-11-29,CMP2012,Saturday,November,4.0,1
U0979,Instagram Ads,2025-05-23,CMP0554,Friday,May,2.0,0
U3022,LinkedIn Ads,,CMP6269,,,,0
U4302,YouTube Ads,2025-10-30,CMP0513,Thursday,October,4.0,0
U6359,LinkedIn Ads,2025-12-14,CMP7112,Sunday,December,4.0,1
U4262,LinkedIn Ads,2025-03-25,CMP7595,Tuesday,March,1.0,0
U1402,Facebook Ads,,CMP3904,,,,0
U9962,YouTube Ads,,CMP0633,,,,0
U7643,Facebook Ads,2025-01-19,CMP4334,Sunday,January,1.0,1
U9035,LinkedIn Ads,,CMP3570,,,,0
U2407,Instagram Ads,2025-11-13,CMP4525,Thursday,November,4.0,0
U5200,Facebook Ads,2025-01-22,CMP0631,Wednesday,January,1.0,0
U8855,Instagram Ads,2025-01-23,CMP4245,Thursday,January,1.0,0
U5338,LinkedIn Ads,2025-10-20,CMP8306,Monday,October,4.0,0
U9945,Email Marketing,,CMP1170,,,,0
U4766,Instagram Ads,2025-03-18,CMP7712,Tuesday,March,1.0,0
U5637,YouTube Ads,2025-04-21,CMP5130,Monday,April,2.0,0
U9264,LinkedIn Ads,2025-09-15,CMP2459,Monday,September,3.0,0
U9947,Email Marketing,2025-08-30,CMP8831,Saturday,August,3.0,1
U3983,Facebook Ads,,CMP4411,,,,0
U9183,LinkedIn Ads,2025-09-16,CMP3950,Tuesday,September,3.0,0
U8809,Facebook Ads,,CMP9916,,,,0
U6693,Instagram Ads,,CMP9922,,,,0
U4316,Facebook Ads,,CMP3246,,,,0
U2169,Google Ads,2025-09-21,CMP2071,Sunday,September,3.0,1
U1951,Facebook Ads,2025-06-22,CMP5806,Sunday,June,2.0,1
U7369,Google Ads,,CMP0742,,,,0
U1373,Email Marketing,2025-03-19,CMP3006,Wednesday,March,1.0,0
U4577,LinkedIn Ads,2025-02-19,CMP7431,Wednesday,February,1.0,0
U4674,YouTube Ads,2025-06-15,CMP9243,Sunday,June,2.0,1
U9424,Google Ads,,CMP2347,,,,0
U4727,Instagram Ads,2025-05-13,CMP1943,Tuesday,May,2.0,0
U2767,Facebook Ads,2025-01-15,CMP4566,Wednesday,January,1.0,0
U6055,YouTube Ads,2025-04-15,CMP8845,Tuesday,April,2.0,0
U1966,Facebook Ads,2025-08-16,CMP8535,Saturday,August,3.0,1
U3645,Instagram Ads,,CMP2242,,,,0
U5158,Email Marketing,2025-01-20,CMP7430,Monday,January,1.0,0
U0584,Instagram Ads,2025-11-21,CMP8541,Friday,November,4.0,0
U7939,Facebook Ads,,CMP6164,,,,0
U8040,YouTube Ads,2025-10-13,CMP1454,Monday,October,4.0,0
U3846,Email Marketing,2025-11-23,CMP6852,Sunday,November,4.0,1
U6426,Instagram Ads,,CMP2951,,,,0
U4054,Google Ads,,CMP3587,,,,0
U2099,Email Marketing,,CMP5225,,,,0
U0997,Instagram Ads,2025-10-15,CMP0475,Wednesday,October,4.0,0
U4397,LinkedIn Ads,,CMP6413,,,,0
U8783,Instagram Ads,2025-04-16,CMP0748,Wednesday,April,2.0,0
U6213,Facebook Ads,2025-02-16,CMP5402,Sunday,February,1.0,1
U8774,Google Ads,,CMP9059,,,,0
U9060,Instagram Ads,,CMP3758,,,,0
U2572,Google Ads,2025-05-25,CMP8628,Sunday,May,2.0,1
U6566,Google Ads,,CMP4052,,,,0
U0331,Google Ads,,CMP1254,,,,0
U9924,Google Ads,,CMP2488,,,,0
U9441,Instagram Ads,2025-08-30,CMP4951,Saturday,August,3.0,1
U8737,YouTube Ads,2025-09-17,CMP6658,Wednesday,September,3.0,0
U9468,Instagram Ads,2025-01-13,CMP6450,Monday,January,1.0,0
U1371,YouTube Ads,2025-02-18,CMP7812,Tuesday,February,1.0,0
U7759,YouTube Ads,2025-09-25,CMP8026,Thursday,September,3.0,0
U2468,LinkedIn Ads,2025-01-19,CMP0966,Sunday,January,1.0,1
U8939,Instagram Ads,2025-09-13,CMP0092,Saturday,September,3.0,1
U1722,YouTube Ads,,CMP7914,,,,0
U7170,Facebook Ads,2025-02-28,CMP0224,Friday,February,1.0,0
U6544,LinkedIn Ads,,CMP8595,,,,0
U2319,YouTube Ads,2025-05-29,CMP4442,Thursday,May,2.0,0
U5410,YouTube Ads,,CMP6083,,,,0
U0092,Instagram Ads,,CMP0161,,,,0
U9740,LinkedIn Ads,2025-03-22,CMP8811,Saturday,March,1.0,1
U4657,Instagram Ads,,CMP3704,,,,0
U1270,Instagram Ads,2025-10-31,CMP6608,Friday,October,4.0,0
U9623,Instagram Ads,2025-11-27,CMP2922,Thursday,November,4.0,0
U7757,YouTube Ads,2025-04-18,CMP9703,Friday,April,2.0,0
U5298,YouTube Ads,,CMP1497,,,,0
U3945,Email Marketing,2025-10-14,CMP6970,Tuesday,October,4.0,0
U3505,Instagram Ads,2025-03-27,CMP7774,Thursday,March,1.0,0
U1971,YouTube Ads,2025-10-13,CMP7164,Monday,October,4.0,0
U9172,LinkedIn Ads,,CMP5992,,,,0
U9605,Facebook Ads,,CMP0175,,,,0
U4505,YouTube Ads,2025-11-25,CMP4158,Tuesday,November,4.0,0
U7714,Instagram Ads,,CMP4146,,,,0
U2899,Google Ads,,CMP8939,,,,0
U4547,LinkedIn Ads,,CMP0919,,,,0
U6606,Email Marketing,,CMP5186,,,,0
U0730,Facebook Ads,2025-05-22,CMP8217,Thursday,May,2.0,0
U5746,Email Marketing,,CMP2834,,,,0
U2991,YouTube Ads,2025-02-14,CMP1411,Friday,February,1.0,0
U1332,Facebook Ads,,CMP0330,,,,0
U4704,Email Marketing,,CMP3131,,,,0
U4250,Facebook Ads,2025-12-24,CMP3703,Wednesday,December,4.0,0
U2794,Instagram Ads,2025-01-19,CMP9482,Sunday,January,1.0,1
U4730,Email Marketing,2025-04-17,CMP3452,Thursday,April,2.0,0
U7663,Google Ads,2025-05-14,CMP4407,Wednesday,May,2.0,0
U9237,LinkedIn Ads,2025-07-13,CMP3055,Sunday,July,3.0,1
U5484,Email Marketing,2025-06-22,CMP1714,Sunday,June,2.0,1
U7193,Instagram Ads,,CMP5866,,,,0
U5536,LinkedIn Ads,,CMP6543,,,,0
U9462,YouTube Ads,2025-07-25,CMP3839,Friday,July,3.0,0
U2287,YouTube Ads,,CMP4925,,,,0
U2709,Instagram Ads,2025-08-24,CMP1482,Sunday,August,3.0,1
U7153,Instagram Ads,2025-02-16,CMP2820,Sunday,February,1.0,1
U9009,Google Ads,2025-12-18,CMP6132,Thursday,December,4.0,0
U6351,LinkedIn Ads,,CMP6166,,,,0
U1175,Instagram Ads,2025-06-27,CMP5360,Friday,June,2.0,0
U5936,Facebook Ads,2025-06-24,CMP0441,Tuesday,June,2.0,0
U0725,Google Ads,2025-04-19,CMP6524,Saturday,April,2.0,1
U7876,LinkedIn Ads,2025-01-18,CMP2948,Saturday,January,1.0,1
U6627,Google Ads,,CMP8477,,,,0
U6582,Email Marketing,,CMP6292,,,,0
U5490,YouTube Ads,,CMP1900,,,,0
U9670,LinkedIn Ads,2025-05-13,CMP8712,Tuesday,May,2.0,0
U8022,LinkedIn Ads,2025-08-24,CMP7455,Sunday,August,3.0,1
U8893,Instagram Ads,2025-05-17,CMP6051,Saturday,May,2.0,1
U5854,Instagram Ads,2025-01-19,CMP7320,Sunday,January,1.0,1
U8085,YouTube Ads,,CMP1378,,,,0
U5351,Email Marketing,,CMP4000,,,,0
U4948,LinkedIn Ads,,CMP1657,,,,0
U1908,Email Marketing,,CMP4209,,,,0
U9394,YouTube Ads,2025-08-31,CMP8423,Sunday,August,3.0,1
U2970,Instagram Ads,2025-12-14,CMP3043,Sunday,December,4.0,1
U9816,LinkedIn Ads,2025-11-22,CMP0307,Saturday,November,4.0,1
U9984,Facebook Ads,2025-08-24,CMP5319,Sunday,August,3.0,1
U5238,LinkedIn Ads,2025-06-27,CMP8872,Friday,June,2.0,0
U4190,Facebook Ads,2025-07-26,CMP8176,Saturday,July,3.0,1
U3401,Email Marketing,2025-09-29,CMP1288,Monday,September,3.0,0
U2732,Email Marketing,2025-11-16,CMP7398,Sunday,November,4.0,1
U6149,Instagram Ads,,CMP0384,,,,0
U9352,Google Ads,2025-05-29,CMP2024,Thursday,May,2.0,0
U9819,YouTube Ads,2025-05-23,CMP6572,Friday,May,2.0,0
U8108,YouTube Ads,2025-08-26,CMP5207,Tuesday,August,3.0,0
U7603,LinkedIn Ads,,CMP2911,,,,0
U0476,Email Marketing,2025-11-13,CMP9506,Thursday,November,4.0,0
U5326,YouTube Ads,,CMP1320,,,,0
U6379,Instagram Ads,,CMP1491,,,,0
U3274,LinkedIn Ads,2025-06-15,CMP2645,Sunday,June,2.0,1
U7269,YouTube Ads,,CMP3392,,,,0
U0113,Instagram Ads,2025-01-17,CMP9897,Friday,January,1.0,0
U1983,LinkedIn Ads,,CMP7704,,,,0
U5954,Email Marketing,2025-07-24,CMP7878,Thursday,July,3.0,0
U9500,LinkedIn Ads,2025-02-27,CMP7210,Thursday,February,1.0,0
U1592,Facebook Ads,2025-06-18,CMP5568,Wednesday,June,2.0,0
U5418,Facebook Ads,2025-08-19,CMP8054,Tuesday,August,3.0,0
U9234,Facebook Ads,,CMP0586,,,,0
U4832,YouTube Ads,2025-03-21,CMP2594,Friday,March,1.0,0
U3468,Instagram Ads,2025-10-26,CMP9953,Sunday,October,4.0,1
U6650,Email Marketing,,CMP5967,,,,0
U7951,YouTube Ads,2025-11-28,CMP2554,Friday,November,4.0,0
U3383,LinkedIn Ads,2025-04-25,CMP7930,Friday,April,2.0,0
U0200,Email Marketing,2025-09-26,CMP1960,Friday,September,3.0,0
U1101,LinkedIn Ads,2025-05-19,CMP0539,Monday,May,2.0,0
U4196,Google Ads,,CMP1302,,,,0
U4355,Email Marketing,,CMP3742,,,,0
U3997,Facebook Ads,2025-10-27,CMP1044,Monday,October,4.0,0
U7241,Instagram Ads,,CMP0837,,,,0
U7042,YouTube Ads,2025-02-27,CMP3523,Thursday,February,1.0,0
U6672,YouTube Ads,,CMP3192,,,,0
U4329,LinkedIn Ads,2025-09-30,CMP8312,Tuesday,September,3.0,0
U7989,Instagram Ads,,CMP8243,,,,0
U4992,Facebook Ads,2025-02-18,CMP8123,Tuesday,February,1.0,0
U8222,Facebook Ads,,CMP2993,,,,0
U2563,YouTube Ads,,CMP4917,,,,0
U9753,Email Marketing,,CMP9997,,,,0
U5167,Instagram Ads,2025-08-19,CMP7733,Tuesday,August,3.0,0
U2293,Google Ads,2025-08-22,CMP6835,Friday,August,3.0,0
U0388,Email Marketing,2025-06-14,CMP3418,Saturday,June,2.0,1
U4489,Email Marketing,2025-02-24,CMP9175,Monday,February,1.0,0
U6391,Email Marketing,2025-12-19,CMP7860,Friday,December,4.0,0
U4523,LinkedIn Ads,,CMP9603,,,,0
U2487,Facebook Ads,2025-03-19,CMP7731,Wednesday,March,1.0,0
U4272,LinkedIn Ads,2025-10-13,CMP1442,Monday,October,4.0,0
U7305,Google Ads,2025-04-20,CMP2302,Sunday,April,2.0,1
U2299,Instagram Ads,,CMP5935,,,,0
U6120,Google Ads,,CMP7969,,,,0
U1100,Instagram Ads,,CMP8262,,,,0
U9404,YouTube Ads,2025-08-28,CMP1841,Thursday,August,3.0,0
U5414,Email Marketing,,CMP1198,,,,0
U9417,Email Marketing,2025-05-31,CMP8647,Saturday,May,2.0,1
U9575,Facebook Ads,,CMP0140,,,,0
U3378,YouTube Ads,,CMP3283,,,,0
U5167,Facebook Ads,2025-04-28,CMP0647,Monday,April,2.0,0
U2250,Instagram Ads,2025-08-14,CMP6952,Thursday,August,3.0,0
U7186,Email Marketing,2025-07-24,CMP7274,Thursday,July,3.0,0
U1994,Google Ads,2025-03-25,CMP2043,Tuesday,March,1.0,0
U8306,Instagram Ads,,CMP9910,,,,0
U1640,Google Ads,,CMP7487,,,,0
U7723,Facebook Ads,,CMP4927,,,,0
U8498,Facebook Ads,2025-03-21,CMP0744,Friday,March,1.0,0
U6798,YouTube Ads,2025-03-22,CMP1003,Saturday,March,1.0,1
U2661,Email Marketing,2025-01-16,CMP2481,Thursday,January,1.0,0
U5433,Instagram Ads,2025-01-15,CMP6115,Wednesday,January,1.0,0
U2782,Google Ads,2025-03-22,CMP6680,Saturday,March,1.0,1
U6801,LinkedIn Ads,,CMP1510,,,,0
U2101,Instagram Ads,2025-06-15,CMP0012,Sunday,June,2.0,1
U3216,LinkedIn Ads,,CMP1580,,,,0
U4626,Facebook Ads,,CMP2337,,,,0
U8469,Instagram Ads,2025-10-23,CMP4934,Thursday,October,4.0,0
U6309,Instagram Ads,2025-11-20,CMP6915,Thursday,November,4.0,0
U2653,Facebook Ads,2025-07-23,CMP0235,Wednesday,July,3.0,0
U7426,Facebook Ads,2025-11-15,CMP5635,Saturday,November,4.0,1
U4183,Email Marketing,2025-06-24,CMP4577,Tuesday,June,2.0,0
U6989,Email Marketing,2025-11-25,CMP1582,Tuesday,November,4.0,0
U5696,Google Ads,,CMP7495,,,,0
U3193,YouTube Ads,2025-03-14,CMP1360,Friday,March,1.0,0
U8603,YouTube Ads,2025-01-25,CMP5799,Saturday,January,1.0,1
U3708,Facebook Ads,2025-03-19,CMP8698,Wednesday,March,1.0,0
U6902,Google Ads,,CMP4562,,,,0
U5106,Google Ads,2025-04-17,CMP4916,Thursday,April,2.0,0
U3973,LinkedIn Ads,2025-07-20,CMP0971,Sunday,July,3.0,1
U2301,Facebook Ads,2025-07-25,CMP3169,Friday,July,3.0,0
U0177,Facebook Ads,2025-11-23,CMP2488,Sunday,November,4.0,1
U8868,LinkedIn Ads,,CMP9805,,,,0
U1849,Instagram Ads,2025-11-17,CMP5594,Monday,November,4.0,0
U9815,Instagram Ads,,CMP7984,,,,0
U4520,LinkedIn Ads,,CMP7086,,,,0
U3978,Instagram Ads,2025-10-27,CMP4117,Monday,October,4.0,0
U6158,Google Ads,,CMP4355,,,,0
U1616,YouTube Ads,2025-10-22,CMP0690,Wednesday,October,4.0,0
U5691,YouTube Ads,2025-11-28,CMP5910,Friday,November,4.0,0
U0421,Google Ads,2025-04-21,CMP8565,Monday,April,2.0,0
U7482,Google Ads,,CMP5390,,,,0
U4312,Instagram Ads,2025-03-24,CMP4075,Monday,March,1.0,0
U8190,Email Marketing,2025-02-15,CMP5274,Saturday,February,1.0,1
U6653,Instagram Ads,,CMP3729,,,,0
U5522,Facebook Ads,2025-08-13,CMP6271,Wednesday,August,3.0,0
U9183,Google Ads,,CMP5289,,,,0
U6630,Facebook Ads,2025-05-15,CMP1245,Thursday,May,2.0,0
U9341,Facebook Ads,,CMP6501,,,,0
U3588,YouTube Ads,,CMP4029,,,,0
U7918,Google Ads,2025-08-13,CMP2382,Wednesday,August,3.0,0
U9429,LinkedIn Ads,2025-07-18,CMP3150,Friday,July,3.0,0
U5246,LinkedIn Ads,,CMP4319,,,,0
U1584,Email Marketing,2025-09-17,CMP5271,Wednesday,September,3.0,0
U9078,Facebook Ads,2025-04-25,CMP9898,Friday,April,2.0,0
U2808,YouTube Ads,,CMP7541,,,,0
U1072,LinkedIn Ads,2025-05-22,CMP5696,Thursday,May,2.0,0
U6493,Email Marketing,2025-04-21,CMP0452,Monday,April,2.0,0
U6671,Instagram Ads,2025-03-15,CMP4992,Saturday,March,1.0,1
U1961,YouTube Ads,,CMP0112,,,,0
U2970,Email Marketing,2025-01-16,CMP2642,Thursday,January,1.0,0
U6348,Google Ads,2025-07-28,CMP5437,Monday,July,3.0,0
U7052,Facebook Ads,,CMP5625,,,,0
U8584,Facebook Ads,,CMP3287,,,,0
U0207,Email Marketing,,CMP0970,,,,0
U8163,YouTube Ads,,CMP9308,,,,0
U2909,YouTube Ads,2025-09-17,CMP2535,Wednesday,September,3.0,0
U1766,YouTube Ads,2025-06-28,CMP0636,Saturday,June,2.0,1
U5528,LinkedIn Ads,2025-08-21,CMP1634,Thursday,August,3.0,0
U2317,Google Ads,,CMP7339,,,,0
U1619,Google Ads,2025-09-24,CMP5871,Wednesday,September,3.0,0
U8952,YouTube Ads,2025-11-26,CMP8640,Wednesday,November,4.0,0
U1350,Instagram Ads,,CMP3245,,,,0
U0904,YouTube Ads,2025-09-28,CMP7932,Sunday,September,3.0,1
U0786,Email Marketing,,CMP9626,,,,0
U7108,Instagram Ads,2025-09-18,CMP3085,Thursday,September,3.0,0
U5248,Facebook Ads,,CMP0733,,,,0
U4759,Google Ads,,CMP0256,,,,0
U0734,Facebook Ads,2025-03-21,CMP5420,Friday,March,1.0,0
U4467,LinkedIn Ads,2025-07-29,CMP4231,Tuesday,July,3.0,0
U6480,Instagram Ads,2025-01-22,CMP6179,Wednesday,January,1.0,0
U1090,Google Ads,,CMP3654,,,,0
U4665,Email Marketing,2025-10-19,CMP4203,Sunday,October,4.0,1
U8491,Google Ads,2025-01-19,CMP3312,Sunday,January,1.0,1
U3961,LinkedIn Ads,,CMP0624,,,,0
U3448,YouTube Ads,,CMP7243,,,,0
U0925,Instagram Ads,2025-07-20,CMP5593,Sunday,July,3.0,1
U0415,Facebook Ads,2025-08-14,CMP1043,Thursday,August,3.0,0
U0930,YouTube Ads,2025-02-27,CMP4716,Thursday,February,1.0,0
U6069,YouTube Ads,2025-01-20,CMP0287,Monday,January,1.0,0
U9289,LinkedIn Ads,,CMP0097,,,,0
U9364,Google Ads,2025-11-27,CMP8939,Thursday,November,4.0,0
U5655,Email Marketing,2025-11-22,CMP7368,Saturday,November,4.0,1
U2857,YouTube Ads,2025-07-18,CMP7442,Friday,July,3.0,0
U8872,LinkedIn Ads,2025-04-27,CMP0344,Sunday,April,2.0,1
U7273,LinkedIn Ads,2025-07-18,CMP3410,Friday,July,3.0,0
U3129,Facebook Ads,2025-10-19,CMP6536,Sunday,October,4.0,1
U6141,LinkedIn Ads,2025-11-26,CMP5955,Wednesday,November,4.0,0
U6753,YouTube Ads,2025-01-27,CMP1781,Monday,January,1.0,0
U0391,Email Marketing,2025-12-22,CMP2568,Monday,December,4.0,0
U3241,Email Marketing,2025-03-19,CMP4479,Wednesday,March,1.0,0
U1405,LinkedIn Ads,,CMP2140,,,,0
U3490,Google Ads,,CMP5432,,,,0
U4969,LinkedIn Ads,2025-02-21,CMP9560,Friday,February,1.0,0
U2594,LinkedIn Ads,2025-10-15,CMP2675,Wednesday,October,4.0,0
U0646,Google Ads,,CMP4087,,,,0
U9371,YouTube Ads,,CMP0327,,,,0
U2904,Instagram Ads,,CMP9287,,,,0
U4790,Google Ads,2025-12-31,CMP2450,Wednesday,December,4.0,0
U4141,Google Ads,,CMP8106,,,,0
U5024,LinkedIn Ads,2025-05-15,CMP0385,Thursday,May,2.0,0
U0175,Email Marketing,2025-10-21,CMP7506,Tuesday,October,4.0,0
U6147,LinkedIn Ads,2025-06-21,CMP7703,Saturday,June,2.0,1
U4286,LinkedIn Ads,,CMP6956,,,,0
U0377,Email Marketing,,CMP7371,,,,0
U1236,Facebook Ads,,CMP1065,,,,0
U5422,Facebook Ads,,CMP1154,,,,0
U0063,Facebook Ads,,CMP2273,,,,0
U8116,LinkedIn Ads,,CMP1302,,,,0
U2882,Google Ads,,CMP9697,,,,0
U3065,Email Marketing,2025-06-14,CMP3103,Saturday,June,2.0,1
U3576,Instagram Ads,,CMP9705,,,,0
U1060,Google Ads,,CMP8693,,,,0
U0197,YouTube Ads,,CMP0990,,,,0
U7386,Email Marketing,,CMP5923,,,,0
U0700,LinkedIn Ads,2025-12-20,CMP4920,Saturday,December,4.0,1
U6318,LinkedIn Ads,,CMP5315,,,,0
U2831,Email Marketing,2025-03-19,CMP6250,Wednesday,March,1.0,0
U8149,LinkedIn Ads,2025-07-20,CMP6411,Sunday,July,3.0,1
U7092,Instagram Ads,,CMP9001,,,,0
U4741,Google Ads,2025-03-14,CMP5790,Friday,March,1.0,0
U2599,LinkedIn Ads,2025-06-23,CMP3546,Monday,June,2.0,0
U2100,YouTube Ads,,CMP1997,,,,0
U3825,LinkedIn Ads,,CMP6063,,,,0
U5273,YouTube Ads,2025-11-20,CMP4597,Thursday,November,4.0,0
U5136,Facebook Ads,2025-09-19,CMP9985,Friday,September,3.0,0
U1097,Google Ads,2025-08-19,CMP5270,Tuesday,August,3.0,0
U7762,Email Marketing,,CMP4526,,,,0
U5148,YouTube Ads,,CMP7907,,,,0
U3194,YouTube Ads,2025-09-26,CMP3084,Friday,September,3.0,0
U4852,Email Marketing,2025-01-13,CMP6931,Monday,January,1.0,0
U9098,Instagram Ads,2025-03-22,CMP1290,Saturday,March,1.0,1
U4666,LinkedIn Ads,2025-03-25,CMP4482,Tuesday,March,1.0,0
U6145,Google Ads,,CMP2031,,,,0
U9268,Facebook Ads,2025-10-19,CMP6481,Sunday,October,4.0,1
U1676,LinkedIn Ads,2025-09-25,CMP2161,Thursday,September,3.0,0
U8069,Instagram Ads,2025-07-25,CMP5904,Friday,July,3.0,0
U2607,Email Marketing,,CMP6488,,,,0
U7843,Google Ads,2025-01-22,CMP9138,Wednesday,January,1.0,0
U6485,Facebook Ads,,CMP2501,,,,0
U3422,YouTube Ads,2025-04-28,CMP6799,Monday,April,2.0,0
U6508,YouTube Ads,2025-04-19,CMP1321,Saturday,April,2.0,1
U3303,Instagram Ads,,CMP4611,,,,0
U7300,LinkedIn Ads,,CMP4266,,,,0
U3369,Facebook Ads,2025-04-13,CMP3353,Sunday,April,2.0,1
U3766,YouTube Ads,2025-10-18,CMP3512,Saturday,October,4.0,1
U5364,Facebook Ads,2025-08-23,CMP0203,Saturday,August,3.0,1
U4072,LinkedIn Ads,,CMP8056,,,,0
U4972,YouTube Ads,2025-08-16,CMP0512,Saturday,August,3.0,1
U6109,Google Ads,,CMP1594,,,,0
U1972,Google Ads,2025-11-22,CMP0574,Saturday,November,4.0,1
U7459,Facebook Ads,2025-10-24,CMP7808,Friday,October,4.0,0
U1068,LinkedIn Ads,2025-07-23,CMP9228,Wednesday,July,3.0,0
U0722,LinkedIn Ads,,CMP7086,,,,0
U4456,Email Marketing,,CMP4614,,,,0
U3794,YouTube Ads,2025-01-25,CMP0723,Saturday,January,1.0,1
U9028,LinkedIn Ads,,CMP7476,,,,0
U4792,Facebook Ads,2025-03-17,CMP6669,Monday,March,1.0,0
U2256,LinkedIn Ads,2025-06-20,CMP8885,Friday,June,2.0,0
U2377,Email Marketing,,CMP8835,,,,0
U6494,YouTube Ads,,CMP2613,,,,0
U9019,Google Ads,,CMP8913,,,,0
U8986,LinkedIn Ads,2025-07-22,CMP5487,Tuesday,July,3.0,0
U7433,Instagram Ads,2025-03-21,CMP9454,Friday,March,1.0,0
U5023,YouTube Ads,,CMP0010,,,,0
U3393,Facebook Ads,,CMP1583,,,,0
U4919,LinkedIn Ads,2025-06-25,CMP1949,Wednesday,June,2.0,0
U8192,LinkedIn Ads,2025-06-13,CMP9662,Friday,June,2.0,0
U5752,YouTube Ads,2025-12-17,CMP6288,Wednesday,December,4.0,0
U4021,Google Ads,2025-11-20,CMP7987,Thursday,November,4.0,0
U7393,YouTube Ads,2025-04-21,CMP3955,Monday,April,2.0,0
U1133,YouTube Ads,2025-09-15,CMP2104,Monday,September,3.0,0
U8467,YouTube Ads,,CMP6360,,,,0
U2537,Google Ads,,CMP2667,,,,0
U4953,Email Marketing,,CMP6346,,,,0
U1664,Facebook Ads,2025-03-26,CMP8084,Wednesday,March,1.0,0
U7045,YouTube Ads,,CMP9916,,,,0
U9131,Google Ads,2025-12-26,CMP8905,Friday,December,4.0,0
U1983,LinkedIn Ads,2025-01-13,CMP5860,Monday,January,1.0,0
U1095,LinkedIn Ads,,CMP3220,,,,0
U6402,Facebook Ads,,CMP0652,,,,0
U4970,YouTube Ads,,CMP1848,,,,0
U1623,Facebook Ads,2025-03-30,CMP3499,Sunday,March,1.0,1
U1115,Facebook Ads,,CMP1162,,,,0
U0978,Email Marketing,,CMP6775,,,,0
U3682,Facebook Ads,,CMP0454,,,,0
U4713,Email Marketing,,CMP6661,,,,0
U6055,YouTube Ads,2025-05-23,CMP1087,Friday,May,2.0,0
U7700,Instagram Ads,2025-09-19,CMP5595,Friday,September,3.0,0
U9405,Email Marketing,,CMP9660,,,,0
U4395,YouTube Ads,2025-05-19,CMP5611,Monday,May,2.0,0
U3144,Facebook Ads,2025-06-21,CMP5312,Saturday,June,2.0,1
U4834,LinkedIn Ads,,CMP9794,,,,0
U1921,Instagram Ads,2025-05-30,CMP9059,Friday,May,2.0,0
U7936,Facebook Ads,2025-05-19,CMP5528,Monday,May,2.0,0
U9023,YouTube Ads,2025-07-21,CMP4174,Monday,July,3.0,0
U8375,LinkedIn Ads,2025-10-18,CMP4175,Saturday,October,4.0,1
U1957,YouTube Ads,2025-03-13,CMP8021,Thursday,March,1.0,0
U4398,Google Ads,,CMP0893,,,,0
U4542,Google Ads,2025-05-26,CMP3357,Monday,May,2.0,0
U2486,YouTube Ads,,CMP9891,,,,0
U1494,LinkedIn Ads,2025-10-20,CMP2816,Monday,October,4.0,0
U3966,Google Ads,2025-08-24,CMP7967,Sunday,August,3.0,1
U7131,Instagram Ads,2025-10-24,CMP3611,Friday,October,4.0,0
U2464,Google Ads,2025-07-16,CMP3805,Wednesday,July,3.0,0
U5609,Facebook Ads,2025-06-14,CMP4452,Saturday,June,2.0,1
U9847,YouTube Ads,2025-12-24,CMP7245,Wednesday,December,4.0,0
U4763,Facebook Ads,2025-04-29,CMP3394,Tuesday,April,2.0,0
U7410,Email Marketing,,CMP0398,,,,0
U7166,LinkedIn Ads,,CMP0336,,,,0
U8474,LinkedIn Ads,,CMP4258,,,,0
U2602,Instagram Ads,2025-02-17,CMP6250,Monday,February,1.0,0
U7142,YouTube Ads,2025-05-23,CMP1299,Friday,May,2.0,0
U2883,Google Ads,2025-05-28,CMP8529,Wednesday,May,2.0,0
U1104,Facebook Ads,2025-02-21,CMP2752,Friday,February,1.0,0
U2503,LinkedIn Ads,,CMP2034,,,,0
U0932,Instagram Ads,2025-07-21,CMP2815,Monday,July,3.0,0
U7577,Facebook Ads,,CMP2168,,,,0
U2227,Facebook Ads,,CMP4067,,,,0
U7646,YouTube Ads,2025-11-28,CMP6472,Friday,November,4.0,0
U2069,Instagram Ads,2025-01-19,CMP6639,Sunday,January,1.0,1
U4908,Google Ads,,CMP4890,,,,0
U9674,Facebook Ads,2025-03-13,CMP0263,Thursday,March,1.0,0
U7641,Google Ads,2025-12-31,CMP2332,Wednesday,December,4.0,0
U1660,LinkedIn Ads,,CMP2137,,,,0
U8398,Email Marketing,,CMP6334,,,,0
U2719,Google Ads,,CMP7856,,,,0
U6083,Google Ads,2025-01-13,CMP4418,Monday,January,1.0,0
U8471,Instagram Ads,2025-10-27,CMP7542,Monday,October,4.0,0
U8290,YouTube Ads,,CMP7101,,,,0
U1527,Email Marketing,,CMP7207,,,,0
U3173,Instagram Ads,,CMP0722,,,,0
U7908,Google Ads,,CMP3451,,,,0
U6097,Google Ads,2025-08-29,CMP8086,Friday,August,3.0,0
U9663,Email Marketing,2025-09-24,CMP5417,Wednesday,September,3.0,0
U8337,Facebook Ads,,CMP4019,,,,0
U3664,Instagram Ads,2025-04-23,CMP9695,Wednesday,April,2.0,0
U6870,Email Marketing,2025-10-18,CMP1616,Saturday,October,4.0,1
U7138,Email Marketing,2025-07-27,CMP7884,Sunday,July,3.0,1
U6494,Instagram Ads,2025-10-29,CMP5469,Wednesday,October,4.0,0
U9798,Facebook Ads,2025-06-17,CMP4694,Tuesday,June,2.0,0
U8072,Google Ads,2025-02-17,CMP1346,Monday,February,1.0,0
U5854,LinkedIn Ads,,CMP0035,,,,0
U0648,Instagram Ads,,CMP5076,,,,0
U8620,LinkedIn Ads,,CMP2785,,,,0
U3667,Instagram Ads,2025-12-19,CMP9932,Friday,December,4.0,0
U5021,Email Marketing,2025-05-31,CMP2668,Saturday,May,2.0,1
U2437,Instagram Ads,2025-12-27,CMP3853,Saturday,December,4.0,1
U4629,Facebook Ads,2025-06-20,CMP1929,Friday,June,2.0,0
U9046,LinkedIn Ads,2025-10-28,CMP7891,Tuesday,October,4.0,0
U5654,Email Marketing,,CMP7754,,,,0
U5302,LinkedIn Ads,2025-08-19,CMP4132,Tuesday,August,3.0,0
U4106,Email Marketing,,CMP6920,,,,0
U4553,Google Ads,2025-04-14,CMP2428,Monday,April,2.0,0
U5525,Email Marketing,,CMP0152,,,,0
U4481,Facebook Ads,2025-09-29,CMP3305,Monday,September,3.0,0
U8965,LinkedIn Ads,2025-05-29,CMP3223,Thursday,May,2.0,0
U7775,Google Ads,,CMP5450,,,,0
U0635,Instagram Ads,2025-04-28,CMP3784,Monday,April,2.0,0
U3916,Google Ads,2025-07-23,CMP4348,Wednesday,July,3.0,0
U5017,YouTube Ads,,CMP4484,,,,0
U6374,YouTube Ads,2025-10-15,CMP3497,Wednesday,October,4.0,0
U4024,Google Ads,,CMP3282,,,,0
U2652,Facebook Ads,,CMP4231,,,,0
U1249,Instagram Ads,2025-03-21,CMP4732,Friday,March,1.0,0
U5531,Google Ads,,CMP3925,,,,0
U1365,YouTube Ads,,CMP7624,,,,0
U1416,YouTube Ads,,CMP3102,,,,0
U5574,Facebook Ads,2025-07-19,CMP8763,Saturday,July,3.0,1
U9607,Facebook Ads,2025-12-24,CMP6594,Wednesday,December,4.0,0
U3263,YouTube Ads,2025-01-22,CMP8100,Wednesday,January,1.0,0
U0122,Google Ads,,CMP5824,,,,0
U7757,YouTube Ads,,CMP9743,,,,0
U6974,YouTube Ads,2025-05-31,CMP1963,Saturday,May,2.0,1
U2508,Email Marketing,2025-05-24,CMP4919,Saturday,May,2.0,1
U6667,Instagram Ads,,CMP8700,,,,0
U5940,Facebook Ads,2025-02-28,CMP1525,Friday,February,1.0,0
U3794,Facebook Ads,2025-01-26,CMP2028,Sunday,January,1.0,1
U8947,Google Ads,,CMP8869,,,,0
U4409,Google Ads,2025-01-27,CMP6614,Monday,January,1.0,0
U6652,Google Ads,,CMP9639,,,,0
U9323,Facebook Ads,2025-12-25,CMP9195,Thursday,December,4.0,0
U8351,Email Marketing,,CMP3579,,,,0
U0973,YouTube Ads,,CMP4478,,,,0
U6743,Instagram Ads,2025-10-24,CMP8648,Friday,October,4.0,0
U0024,Email Marketing,2025-02-28,CMP2043,Friday,February,1.0,0
U4077,YouTube Ads,,CMP2101,,,,0
U4531,Email Marketing,2025-02-27,CMP0763,Thursday,February,1.0,0
U7325,Email Marketing,2025-03-15,CMP1815,Saturday,March,1.0,1
U4507,Instagram Ads,2025-08-16,CMP6042,Saturday,August,3.0,1
U3978,LinkedIn Ads,,CMP3388,,,,0
U7517,LinkedIn Ads,2025-09-26,CMP0051,Friday,September,3.0,0
U7754,Facebook Ads,2025-09-29,CMP4706,Monday,September,3.0,0
U4418,LinkedIn Ads,2025-03-24,CMP3676,Monday,March,1.0,0
U8351,Facebook Ads,2025-11-25,CMP0281,Tuesday,November,4.0,0
U8463,Instagram Ads,,CMP8553,,,,0
U9109,Facebook Ads,,CMP1756,,,,0
U5364,Email Marketing,2025-12-20,CMP2998,Saturday,December,4.0,1
U4116,Facebook Ads,2025-12-23,CMP7882,Tuesday,December,4.0,0
U3216,YouTube Ads,,CMP9857,,,,0
U9215,Facebook Ads,,CMP7724,,,,0
U8766,Facebook Ads,,CMP2245,,,,0
U6077,Email Marketing,2025-02-19,CMP7230,Wednesday,February,1.0,0
U3426,Google Ads,2025-02-17,CMP6704,Monday,February,1.0,0
U0724,Instagram Ads,,CMP1533,,,,0
U1454,LinkedIn Ads,2025-09-15,CMP0105,Monday,September,3.0,0
U9115,LinkedIn Ads,2025-12-23,CMP0002,Tuesday,December,4.0,0
U3838,Google Ads,2025-01-24,CMP9367,Friday,January,1.0,0
U3697,Facebook Ads,2025-11-13,CMP3239,Thursday,November,4.0,0
U2522,Instagram Ads,2025-12-19,CMP3346,Friday,December,4.0,0
U6888,Google Ads,2025-02-25,CMP6195,Tuesday,February,1.0,0
U4361,LinkedIn Ads,2025-09-24,CMP2519,Wednesday,September,3.0,0
U8731,YouTube Ads,,CMP9695,,,,0
U3509,YouTube Ads,,CMP2821,,,,0
U2078,LinkedIn Ads,2025-01-28,CMP8773,Tuesday,January,1.0,0
U2216,YouTube Ads,2025-01-28,CMP1855,Tuesday,January,1.0,0
U1216,Facebook Ads,,CMP2072,,,,0
U2922,Google Ads,2025-01-23,CMP8808,Thursday,January,1.0,0
U7248,Facebook Ads,,CMP2290,,,,0
U0491,LinkedIn Ads,2025-01-17,CMP5274,Friday,January,1.0,0
U9599,Email Marketing,,CMP0397,,,,0
U9911,LinkedIn Ads,2025-01-14,CMP1610,Tuesday,January,1.0,0
U4750,Email Marketing,2025-05-30,CMP6211,Friday,May,2.0,0
U8557,YouTube Ads,,CMP2424,,,,0
U8310,YouTube Ads,,CMP8216,,,,0
U5595,Email Marketing,2025-02-15,CMP0046,Saturday,February,1.0,1
U2446,LinkedIn Ads,2025-05-18,CMP2457,Sunday,May,2.0,1
U0687,Instagram Ads,,CMP0803,,,,0
U9147,Facebook Ads,2025-08-24,CMP6664,Sunday,August,3.0,1
U2006,Facebook Ads,2025-07-20,CMP8616,Sunday,July,3.0,1
U2908,YouTube Ads,,CMP9107,,,,0
U6549,Facebook Ads,2025-05-18,CMP8449,Sunday,May,2.0,1
U9363,YouTube Ads,2025-11-27,CMP6555,Thursday,November,4.0,0
U6034,Facebook Ads,2025-09-28,CMP4876,Sunday,September,3.0,1
U6388,Google Ads,2025-03-22,CMP4127,Saturday,March,1.0,1
U5570,Facebook Ads,,CMP0694,,,,0
U4585,Email Marketing,2025-05-29,CMP0382,Thursday,May,2.0,0
U9111,Google Ads,2025-12-24,CMP8278,Wednesday,December,4.0,0
U1009,Email Marketing,,CMP5433,,,,0
U5818,Instagram Ads,,CMP0943,,,,0
U1476,LinkedIn Ads,2025-02-18,CMP2002,Tuesday,February,1.0,0
U9721,YouTube Ads,2025-02-16,CMP2028,Sunday,February,1.0,1
U6663,LinkedIn Ads,2025-01-18,CMP2208,Saturday,January,1.0,1
U6672,LinkedIn Ads,,CMP8273,,,,0
U9603,Facebook Ads,2025-02-24,CMP0175,Monday,February,1.0,0
U5470,YouTube Ads,2025-08-30,CMP2096,Saturday,August,3.0,1
U3502,YouTube Ads,2025-07-20,CMP4648,Sunday,July,3.0,1
U9422,Google Ads,2025-05-27,CMP0950,Tuesday,May,2.0,0
U2283,YouTube Ads,2025-07-28,CMP6505,Monday,July,3.0,0
U7394,YouTube Ads,2025-05-21,CMP3533,Wednesday,May,2.0,0
U6673,Google Ads,2025-01-22,CMP4181,Wednesday,January,1.0,0
U8509,Facebook Ads,2025-12-22,CMP5530,Monday,December,4.0,0
U5920,Google Ads,2025-07-19,CMP0295,Saturday,July,3.0,1
U1638,LinkedIn Ads,2025-03-31,CMP0447,Monday,March,1.0,0
U1783,LinkedIn Ads,,CMP0853,,,,0
U4322,Email Marketing,2025-05-29,CMP9198,Thursday,May,2.0,0
U4890,Google Ads,,CMP9086,,,,0
U6133,Facebook Ads,,CMP8661,,,,0
U8314,LinkedIn Ads,,CMP6072,,,,0
U4182,Instagram Ads,2025-10-26,CMP4741,Sunday,October,4.0,1
U6159,YouTube Ads,,CMP9385,,,,0
U4843,Email Marketing,2025-03-16,CMP9836,Sunday,March,1.0,1
U0349,Facebook Ads,2025-09-14,CMP9319,Sunday,September,3.0,1
U4824,Facebook Ads,2025-03-14,CMP3186,Friday,March,1.0,0
U2540,LinkedIn Ads,2025-07-23,CMP0898,Wednesday,July,3.0,0
U9203,Email Marketing,2025-04-27,CMP0501,Sunday,April,2.0,1
U2270,Instagram Ads,,CMP9870,,,,0
U2335,Google Ads,2025-12-22,CMP4665,Monday,December,4.0,0
U2403,Facebook Ads,,CMP8999,,,,0
U3550,YouTube Ads,,CMP6266,,,,0
U4128,Facebook Ads,,CMP2388,,,,0
U0483,Instagram Ads,2025-03-26,CMP9628,Wednesday,March,1.0,0
U1026,LinkedIn Ads,2025-01-29,CMP8420,Wednesday,January,1.0,0
U5487,Facebook Ads,2025-01-14,CMP8256,Tuesday,January,1.0,0
U0891,Google Ads,2025-08-21,CMP4576,Thursday,August,3.0,0
U2354,Facebook Ads,2025-01-26,CMP8550,Sunday,January,1.0,1
U6402,Google Ads,2025-03-25,CMP4426,Tuesday,March,1.0,0
U2248,Email Marketing,2025-06-26,CMP2290,Thursday,June,2.0,0
U2638,Email Marketing,2025-10-17,CMP8063,Friday,October,4.0,0
U1101,Google Ads,,CMP4318,,,,0
U1782,Instagram Ads,2025-08-28,CMP2174,Thursday,August,3.0,0
U0008,Facebook Ads,2025-07-14,CMP3358,Monday,July,3.0,0
U9396,Email Marketing,2025-06-26,CMP8410,Thursday,June,2.0,0
U0806,Email Marketing,2025-03-28,CMP1218,Friday,March,1.0,0
U7065,Instagram Ads,2025-05-22,CMP6482,Thursday,May,2.0,0
U7590,Google Ads,2025-09-13,CMP4099,Saturday,September,3.0,1
U8786,Google Ads,,CMP1232,,,,0
U9937,Facebook Ads,2025-08-13,CMP6880,Wednesday,August,3.0,0
U8905,YouTube Ads,2025-12-15,CMP3796,Monday,December,4.0,0
U9644,LinkedIn Ads,,CMP9379,,,,0
U3866,LinkedIn Ads,2025-07-27,CMP1950,Sunday,July,3.0,1
U2801,Instagram Ads,,CMP0254,,,,0
U8833,Google Ads,2025-08-18,CMP2609,Monday,August,3.0,0
U1192,Email Marketing,2025-10-20,CMP2464,Monday,October,4.0,0
U4400,Google Ads,,CMP9735,,,,0
U5422,Google Ads,2025-01-18,CMP8958,Saturday,January,1.0,1
U2130,LinkedIn Ads,,CMP8885,,,,0
U5682,YouTube Ads,2025-08-20,CMP8392,Wednesday,August,3.0,0
U3855,Email Marketing,,CMP0587,,,,0
U4504,Email Marketing,2025-07-14,CMP8836,Monday,July,3.0,0
U2457,LinkedIn Ads,2025-11-16,CMP7560,Sunday,November,4.0,1
U0626,Facebook Ads,2025-11-26,CMP2522,Wednesday,November,4.0,0
U0850,Email Marketing,2025-12-23,CMP6531,Tuesday,December,4.0,0
U9326,LinkedIn Ads,2025-01-20,CMP5905,Monday,January,1.0,0
U4116,Facebook Ads,,CMP8877,,,,0
U2181,Facebook Ads,2025-12-16,CMP3214,Tuesday,December,4.0,0
U1690,Facebook Ads,2025-06-24,CMP6413,Tuesday,June,2.0,0
U2915,Facebook Ads,2025-06-25,CMP5372,Wednesday,June,2.0,0
U9961,YouTube Ads,2025-12-18,CMP6614,Thursday,December,4.0,0
U0421,Google Ads,2025-11-27,CMP8266,Thursday,November,4.0,0
U4708,Instagram Ads,2025-05-14,CMP9154,Wednesday,May,2.0,0
U7885,Email Marketing,,CMP1966,,,,0
U5968,YouTube Ads,2025-04-18,CMP5466,Friday,April,2.0,0
U2843,Google Ads,,CMP7434,,,,0
U7330,Email Marketing,,CMP7797,,,,0
U0577,Email Marketing,,CMP2453,,,,0
U9914,Email Marketing,,CMP2000,,,,0
U6590,YouTube Ads,2025-03-25,CMP3851,Tuesday,March,1.0,0
U8298,LinkedIn Ads,,CMP7015,,,,0
U4582,Facebook Ads,,CMP2746,,,,0
U4990,Instagram Ads,,CMP5960,,,,0
U0703,Google Ads,2025-03-21,CMP5445,Friday,March,1.0,0
U5341,Google Ads,,CMP3803,,,,0
U9103,Google Ads,,CMP7873,,,,0
U8039,YouTube Ads,2025-03-15,CMP8517,Saturday,March,1.0,1
U6772,LinkedIn Ads,2025-03-18,CMP3639,Tuesday,March,1.0,0
U3427,Email Marketing,,CMP8443,,,,0
U2070,Google Ads,2025-04-13,CMP8903,Sunday,April,2.0,1
U1473,Email Marketing,2025-09-24,CMP0117,Wednesday,September,3.0,0
U2705,Email Marketing,2025-08-30,CMP3342,Saturday,August,3.0,1
U4266,Facebook Ads,,CMP7472,,,,0
U1479,Facebook Ads,2025-09-19,CMP6209,Friday,September,3.0,0
U2977,Facebook Ads,2025-08-14,CMP9074,Thursday,August,3.0,0
U9249,Email Marketing,,CMP7491,,,,0
U3508,Instagram Ads,2025-07-30,CMP0480,Wednesday,July,3.0,0
U9063,Email Marketing,,CMP5357,,,,0
U3330,Email Marketing,2025-06-13,CMP5959,Friday,June,2.0,0
U3586,Email Marketing,2025-03-24,CMP8014,Monday,March,1.0,0
U1909,Instagram Ads,,CMP9356,,,,0
U1145,LinkedIn Ads,2025-03-24,CMP9540,Monday,March,1.0,0
U8034,LinkedIn Ads,2025-12-29,CMP9764,Monday,December,4.0,0
U1615,Facebook Ads,,CMP8503,,,,0
U4347,YouTube Ads,,CMP0890,,,,0
U5724,YouTube Ads,2025-12-17,CMP7629,Wednesday,December,4.0,0
U8766,Email Marketing,2025-07-21,CMP6099,Monday,July,3.0,0
U6355,Facebook Ads,2025-11-27,CMP0663,Thursday,November,4.0,0
U3442,Instagram Ads,2025-10-20,CMP9402,Monday,October,4.0,0
U0394,Facebook Ads,2025-02-17,CMP9457,Monday,February,1.0,0
U9447,Facebook Ads,,CMP8379,,,,0
U0794,Google Ads,2025-11-21,CMP8190,Friday,November,4.0,0
U2288,Google Ads,2025-01-28,CMP2579,Tuesday,January,1.0,0
U2961,Google Ads,2025-01-22,CMP1463,Wednesday,January,1.0,0
U3244,Email Marketing,2025-11-15,CMP2229,Saturday,November,4.0,1
U0220,Facebook Ads,,CMP9370,,,,0
U2886,YouTube Ads,2025-02-21,CMP4940,Friday,February,1.0,0
U9445,Email Marketing,,CMP6469,,,,0
U5734,Facebook Ads,2025-07-14,CMP6154,Monday,July,3.0,0
U9560,Facebook Ads,,CMP0021,,,,0
U9007,Facebook Ads,2025-06-17,CMP1944,Tuesday,June,2.0,0
U0421,Facebook Ads,2025-03-14,CMP2136,Friday,March,1.0,0
U4554,YouTube Ads,2025-01-31,CMP5929,Friday,January,1.0,0
U2130,LinkedIn Ads,,CMP1399,,,,0
U0125,Instagram Ads,2025-04-24,CMP1754,Thursday,April,2.0,0
U8133,Google Ads,2025-10-16,CMP4092,Thursday,October,4.0,0
U5703,YouTube Ads,,CMP5051,,,,0
U7566,Instagram Ads,,CMP4033,,,,0
U9075,YouTube Ads,2025-04-28,CMP1942,Monday,April,2.0,0
U0216,LinkedIn Ads,2025-09-22,CMP1475,Monday,September,3.0,0
U5616,Google Ads,2025-12-27,CMP7337,Saturday,December,4.0,1
U3756,LinkedIn Ads,2025-06-20,CMP0696,Friday,June,2.0,0
U2867,YouTube Ads,2025-02-28,CMP5917,Friday,February,1.0,0
U5822,Facebook Ads,2025-08-17,CMP7129,Sunday,August,3.0,1
U3260,Google Ads,,CMP8130,,,,0
U1294,Instagram Ads,2025-06-30,CMP7201,Monday,June,2.0,0
U6603,Email Marketing,,CMP2265,,,,0
U7957,Google Ads,,CMP9656,,,,0
U9045,Email Marketing,,CMP0322,,,,0
U1078,YouTube Ads,,CMP4417,,,,0
U8142,Google Ads,2025-07-22,CMP8223,Tuesday,July,3.0,0
U1971,Email Marketing,,CMP3665,,,,0
U4697,LinkedIn Ads,2025-01-26,CMP1673,Sunday,January,1.0,1
U8445,Facebook Ads,,CMP3823,,,,0
U2706,YouTube Ads,,CMP1867,,,,0
U1459,YouTube Ads,2025-07-30,CMP0836,Wednesday,July,3.0,0
U1372,Email Marketing,,CMP0450,,,,0
U7350,YouTube Ads,2025-03-17,CMP9365,Monday,March,1.0,0
U8327,Email Marketing,2025-01-16,CMP0368,Thursday,January,1.0,0
U7394,Instagram Ads,,CMP4261,,,,0
U8833,LinkedIn Ads,2025-03-30,CMP9357,Sunday,March,1.0,1
U2947,LinkedIn Ads,,CMP0768,,,,0
U8187,Google Ads,,CMP6607,,,,0
U9480,YouTube Ads,,CMP6939,,,,0
U1449,YouTube Ads,2025-10-25,CMP0707,Saturday,October,4.0,1
U9064,YouTube Ads,2025-10-13,CMP8100,Monday,October,4.0,0
U6524,LinkedIn Ads,,CMP1754,,,,0
U6288,Email Marketing,,CMP6909,,,,0
U1062,Google Ads,2025-08-16,CMP7034,Saturday,August,3.0,1
U6663,Facebook Ads,2025-05-21,CMP6324,Wednesday,May,2.0,0
U8222,Facebook Ads,2025-04-27,CMP9403,Sunday,April,2.0,1
U7294,LinkedIn Ads,,CMP4236,,,,0
U9610,Google Ads,,CMP1039,,,,0
U7785,Facebook Ads,2025-07-28,CMP2675,Monday,July,3.0,0
U0360,Instagram Ads,2025-03-26,CMP0718,Wednesday,March,1.0,0
U7028,LinkedIn Ads,,CMP4950,,,,0
U7702,Instagram Ads,,CMP4738,,,,0
U0686,YouTube Ads,,CMP4239,,,,0
U7256,LinkedIn Ads,2025-05-19,CMP6566,Monday,May,2.0,0
U6170,Instagram Ads,2025-05-16,CMP3711,Friday,May,2.0,0
U7215,Email Marketing,,CMP4080,,,,0
U0808,Instagram Ads,2025-02-26,CMP1480,Wednesday,February,1.0,0
U6251,Google Ads,2025-12-22,CMP2959,Monday,December,4.0,0
U8812,LinkedIn Ads,,CMP1288,,,,0
U4259,Email Marketing,2025-06-17,CMP6731,Tuesday,June,2.0,0
U4934,Google Ads,,CMP0126,,,,0
U4489,Google Ads,2025-10-13,CMP2932,Monday,October,4.0,0
U5157,Instagram Ads,,CMP0820,,,,0
U5226,Google Ads,2025-04-24,CMP8807,Thursday,April,2.0,0
U4229,LinkedIn Ads,2025-07-27,CMP0474,Sunday,July,3.0,1
U5473,LinkedIn Ads,,CMP3020,,,,0
U1941,Email Marketing,2025-03-31,CMP0151,Monday,March,1.0,0
U6574,LinkedIn Ads,,CMP7405,,,,0
U1513,Google Ads,,CMP1699,,,,0
U0246,Email Marketing,2025-02-25,CMP8472,Tuesday,February,1.0,0
U2833,Email Marketing,2025-10-23,CMP7884,Thursday,October,4.0,0
U4311,Instagram Ads,2025-03-26,CMP0224,Wednesday,March,1.0,0
U7844,Facebook Ads,2025-06-25,CMP1818,Wednesday,June,2.0,0
U2766,YouTube Ads,,CMP6323,,,,0
U5314,Email Marketing,,CMP2022,,,,0
U6020,Google Ads,2025-05-27,CMP4397,Tuesday,May,2.0,0
U7332,Google Ads,2025-05-27,CMP3225,Tuesday,May,2.0,0
U3380,Email Marketing,,CMP8049,,,,0
U8830,LinkedIn Ads,2025-07-14,CMP2726,Monday,July,3.0,0
U1103,Instagram Ads,,CMP7779,,,,0
U3761,Email Marketing,2025-06-16,CMP5390,Monday,June,2.0,0
U0194,YouTube Ads,2025-01-19,CMP4371,Sunday,January,1.0,1
U4696,Google Ads,2025-09-21,CMP8433,Sunday,September,3.0,1
U4291,Instagram Ads,,CMP4569,,,,0
U3563,Instagram Ads,2025-08-19,CMP8767,Tuesday,August,3.0,0
U8231,Facebook Ads,2025-09-20,CMP5252,Saturday,September,3.0,1
U8646,YouTube Ads,2025-09-21,CMP6325,Sunday,September,3.0,1
U2177,Google Ads,,CMP9812,,,,0
U9802,Instagram Ads,,CMP2254,,,,0
U7366,Facebook Ads,2025-03-25,CMP4388,Tuesday,March,1.0,0
U0493,Facebook Ads,2025-07-20,CMP1691,Sunday,July,3.0,1
U2749,YouTube Ads,2025-03-16,CMP8472,Sunday,March,1.0,1
U8553,Facebook Ads,2025-07-17,CMP3033,Thursday,July,3.0,0
U0184,YouTube Ads,,CMP0489,,,,0
U9061,Google Ads,2025-05-29,CMP6287,Thursday,May,2.0,0
U4528,YouTube Ads,,CMP1394,,,,0
U0572,LinkedIn Ads,,CMP5069,,,,0
U5398,LinkedIn Ads,2025-10-29,CMP7489,Wednesday,October,4.0,0
U6389,Email Marketing,,CMP0321,,,,0
U3684,Instagram Ads,2025-05-25,CMP6439,Sunday,May,2.0,1
U0688,LinkedIn Ads,2025-09-25,CMP1648,Thursday,September,3.0,0
U2308,LinkedIn Ads,2025-07-13,CMP3190,Sunday,July,3.0,1
U8651,Facebook Ads,2025-04-30,CMP6640,Wednesday,April,2.0,0
U7952,Google Ads,,CMP9270,,,,0
U9329,LinkedIn Ads,2025-08-21,CMP9689,Thursday,August,3.0,0
U5874,Google Ads,2025-08-21,CMP2073,Thursday,August,3.0,0
U0096,LinkedIn Ads,2025-10-20,CMP3061,Monday,October,4.0,0
U7546,Instagram Ads,,CMP7553,,,,0
U1583,LinkedIn Ads,,CMP2261,,,,0
U2258,Instagram Ads,,CMP2371,,,,0
U4331,Instagram Ads,,CMP7824,,,,0
U5226,Instagram Ads,,CMP9070,,,,0
U9413,Facebook Ads,,CMP2319,,,,0
U7527,Email Marketing,2025-03-29,CMP3598,Saturday,March,1.0,1
U5376,Facebook Ads,2025-05-24,CMP7701,Saturday,May,2.0,1
U1477,Facebook Ads,,CMP8466,,,,0
U9216,Instagram Ads,2025-11-25,CMP8885,Tuesday,November,4.0,0
U1790,YouTube Ads,,CMP1904,,,,0
U0873,Email Marketing,2025-10-19,CMP0715,Sunday,October,4.0,1
U7928,LinkedIn Ads,,CMP1162,,,,0
U2308,YouTube Ads,2025-10-18,CMP8261,Saturday,October,4.0,1
U4572,Facebook Ads,2025-08-30,CMP9390,Saturday,August,3.0,1
U1355,Facebook Ads,2025-04-20,CMP8433,Sunday,April,2.0,1
U6608,Google Ads,2025-04-24,CMP5445,Thursday,April,2.0,0
U3965,Facebook Ads,2025-06-22,CMP4863,Sunday,June,2.0,1
U3175,YouTube Ads,2025-10-29,CMP4473,Wednesday,October,4.0,0
U5209,YouTube Ads,2025-04-27,CMP4909,Sunday,April,2.0,1
U0870,LinkedIn Ads,2025-08-17,CMP4882,Sunday,August,3.0,1
U5968,Instagram Ads,2025-07-23,CMP6447,Wednesday,July,3.0,0
U1756,YouTube Ads,2025-01-22,CMP0160,Wednesday,January,1.0,0
U1366,Email Marketing,2025-02-21,CMP0452,Friday,February,1.0,0
U7294,YouTube Ads,2025-12-16,CMP1553,Tuesday,December,4.0,0
U3831,Email Marketing,,CMP2756,,,,0
U9272,Google Ads,,CMP2903,,,,0
U5686,Google Ads,,CMP0832,,,,0
U1637,Google Ads,2025-08-15,CMP5568,Friday,August,3.0,0
U6000,YouTube Ads,2025-11-26,CMP9748,Wednesday,November,4.0,0
U3543,Google Ads,,CMP1078,,,,0
U3515,Google Ads,,CMP9486,,,,0
U3628,Google Ads,,CMP4657,,,,0
U6125,YouTube Ads,2025-12-18,CMP2856,Thursday,December,4.0,0
U9329,Google Ads,2025-10-23,CMP6356,Thursday,October,4.0,0
U7824,YouTube Ads,2025-05-15,CMP7021,Thursday,May,2.0,0
U3176,YouTube Ads,2025-10-19,CMP7848,Sunday,October,4.0,1
U6177,Facebook Ads,2025-03-22,CMP6144,Saturday,March,1.0,1
U5130,Google Ads,,CMP5701,,,,0
U3061,LinkedIn Ads,,CMP1733,,,,0
U9361,Instagram Ads,2025-01-21,CMP3627,Tuesday,January,1.0,0
U9106,Instagram Ads,2025-07-31,CMP0761,Thursday,July,3.0,0
U0107,Google Ads,2025-05-25,CMP1912,Sunday,May,2.0,1
U7392,Instagram Ads,2025-06-15,CMP7480,Sunday,June,2.0,1
U6476,Email Marketing,2025-01-24,CMP9723,Friday,January,1.0,0
U8531,Google Ads,,CMP2936,,,,0
U1877,Email Marketing,2025-02-16,CMP0405,Sunday,February,1.0,1
U1622,Google Ads,2025-11-28,CMP9024,Friday,November,4.0,0
U0071,YouTube Ads,2025-12-18,CMP5777,Thursday,December,4.0,0
U9016,YouTube Ads,,CMP1837,,,,0
U1544,Email Marketing,2025-07-15,CMP9323,Tuesday,July,3.0,0
U9894,Facebook Ads,2025-04-21,CMP5566,Monday,April,2.0,0
U4524,YouTube Ads,2025-06-19,CMP2533,Thursday,June,2.0,0
U2911,Facebook Ads,,CMP8420,,,,0
U4546,Facebook Ads,2025-05-23,CMP3747,Friday,May,2.0,0
U5897,Email Marketing,2025-10-23,CMP2158,Thursday,October,4.0,0
U3406,Email Marketing,2025-01-26,CMP2074,Sunday,January,1.0,1
U2084,Facebook Ads,2025-12-23,CMP3589,Tuesday,December,4.0,0
U6671,Facebook Ads,,CMP0679,,,,0
U7487,Instagram Ads,2025-08-24,CMP0942,Sunday,August,3.0,1
U2653,Facebook Ads,,CMP8803,,,,0
U2608,LinkedIn Ads,2025-10-26,CMP1213,Sunday,October,4.0,1
U1096,Instagram Ads,2025-11-14,CMP0478,Friday,November,4.0,0
U0916,Facebook Ads,,CMP1330,,,,0
U6278,LinkedIn Ads,2025-04-30,CMP6844,Wednesday,April,2.0,0
U9523,YouTube Ads,2025-05-27,CMP9345,Tuesday,May,2.0,0
U3682,LinkedIn Ads,2025-10-18,CMP7070,Saturday,October,4.0,1
U6314,LinkedIn Ads,,CMP9905,,,,0
U2252,Facebook Ads,2025-06-25,CMP4842,Wednesday,June,2.0,0
U0644,Google Ads,,CMP2479,,,,0
U5098,Email Marketing,2025-12-31,CMP1608,Wednesday,December,4.0,0
U2196,Instagram Ads,2025-05-25,CMP6231,Sunday,May,2.0,1
U3315,Instagram Ads,2025-01-18,CMP0944,Saturday,January,1.0,1
U4376,Email Marketing,,CMP5994,,,,0
U6577,Email Marketing,2025-10-28,CMP9236,Tuesday,October,4.0,0
U7737,Facebook Ads,2025-05-19,CMP5497,Monday,May,2.0,0
U2073,LinkedIn Ads,,CMP8238,,,,0
U5020,Email Marketing,2025-09-18,CMP8774,Thursday,September,3.0,0
U9433,YouTube Ads,2025-07-15,CMP6539,Tuesday,July,3.0,0
U2240,Facebook Ads,,CMP1849,,,,0
U0863,Facebook Ads,,CMP4354,,,,0
U5062,Facebook Ads,2025-04-20,CMP4061,Sunday,April,2.0,1
U0297,Facebook Ads,2025-01-16,CMP6761,Thursday,January,1.0,0
U1301,YouTube Ads,,CMP8122,,,,0
U4578,Instagram Ads,,CMP9126,,,,0
U8161,Instagram Ads,2025-01-25,CMP7548,Saturday,January,1.0,1
U5595,Email Marketing,2025-03-17,CMP2681,Monday,March,1.0,0
U3086,YouTube Ads,,CMP2164,,,,0
U7198,Email Marketing,,CMP1015,,,,0
U0415,Email Marketing,2025-03-19,CMP5333,Wednesday,March,1.0,0
U3193,Google Ads,,CMP2098,,,,0
U8669,Email Marketing,2025-11-18,CMP9399,Tuesday,November,4.0,0
U5752,Facebook Ads,2025-12-30,CMP0575,Tuesday,December,4.0,0
U7941,YouTube Ads,,CMP0439,,,,0
U2769,Email Marketing,2025-03-19,CMP5772,Wednesday,March,1.0,0
U9961,Email Marketing,2025-03-31,CMP3717,Monday,March,1.0,0
U1428,Instagram Ads,2025-09-17,CMP3639,Wednesday,September,3.0,0
U9948,YouTube Ads,,CMP0803,,,,0
U2556,LinkedIn Ads,2025-07-22,CMP3276,Tuesday,July,3.0,0
U1469,Facebook Ads,,CMP9071,,,,0
U5314,YouTube Ads,2025-08-15,CMP4295,Friday,August,3.0,0
U8329,Email Marketing,,CMP3551,,,,0
