User_id,Channel,Weight,Attributed_Revenue
U0002,Instagram Ads,1.0,22042.1
U0004,Facebook Ads,1.0,34383.34
U0008,Facebook Ads,1.0,56462.58
U0024,Email Marketing,1.0,14943.99
U0035,Instagram Ads,1.0,5766.66
U0063,Facebook Ads,1.0,16358.76
U0071,YouTube Ads,1.0,7763.91
U0077,Instagram Ads,1.0,63241.98
U0080,YouTube Ads,1.0,17198.28
U0087,YouTube Ads,1.0,69495.24
U0092,Instagram Ads,1.0,15545.62
U0096,LinkedIn Ads,1.0,11085.62
U0100,YouTube Ads,1.0,71559.34
U0106,Facebook Ads,1.0,15651.96
U0107,Google Ads,1.0,71858.31
U0111,Email Marketing,1.0,27323.08
U0113,Instagram Ads,1.0,30921.24
U0117,YouTube Ads,1.0,39342.32
U0119,Google Ads,1.0,74027.08
U0122,Google Ads,1.0,10705.41
U0125,Instagram Ads,1.0,65084.24
U0132,Google Ads,1.0,21705.09
U0139,Instagram Ads,0.5,35133.2
U0139,Google Ads,0.5,35133.2
U0139,Instagram Ads,0.5,18945.53
U0139,Google Ads,0.5,18945.53
U0145,Facebook Ads,1.0,33840.8
U0146,YouTube Ads,1.0,13610.14
U0159,Email Marketing,1.0,52058.2
U0170,Instagram Ads,1.0,24751.02
U0175,Email Marketing,1.0,29014.83
U0177,Facebook Ads,1.0,23853.68
U0179,Instagram Ads,1.0,42884.6
U0184,YouTube Ads,1.0,22688.78
U0194,YouTube Ads,1.0,47851.92
U0197,YouTube Ads,1.0,44419.29
U0200,Email Marketing,1.0,15787.84
U0207,Email Marketing,1.0,23490.09
U0210,Email Marketing,1.0,29029.62
U0216,LinkedIn Ads,1.0,54712.16
U0218,LinkedIn Ads,1.0,34917.1
U0220,Facebook Ads,1.0,49059.02
U0236,YouTube Ads,1.0,67921.18
U0242,LinkedIn Ads,1.0,30926.25
U0246,Email Marketing,1.0,39083.07
U0261,Google Ads,1.0,2741.04
U0277,LinkedIn Ads,1.0,40461.45
U0282,Email Marketing,1.0,71852.97
U0292,LinkedIn Ads,1.0,3410.52
U0297,Facebook Ads,1.0,51704.68
U0302,YouTube Ads,1.0,50016.98
U0306,YouTube Ads,1.0,40240.56
U0320,Email Marketing,1.0,36366.57
U0321,Google Ads,1.0,1187.79
U0325,Email Marketing,1.0,6930.04
U0331,Google Ads,1.0,40971.07
U0347,YouTube Ads,1.0,37875.07
U0349,Facebook Ads,1.0,46694.68
U0350,Google Ads,1.0,74169.94
U0355,Email Marketing,1.0,56036.44
U0358,YouTube Ads,1.0,48714.52
U0360,Instagram Ads,0.5,4947.39
U0360,Facebook Ads,0.5,4947.39
U0360,Instagram Ads,0.5,35872.0
U0360,Facebook Ads,0.5,35872.0
U0363,Instagram Ads,1.0,20737.74
U0370,LinkedIn Ads,1.0,62240.02
U0377,Email Marketing,1.0,6275.28
U0380,YouTube Ads,0.5,17349.69
U0380,Instagram Ads,0.5,17349.69
U0380,YouTube Ads,0.5,4214.44
U0380,Instagram Ads,0.5,4214.44
U0388,Email Marketing,1.0,29143.66
U0391,Email Marketing,1.0,42878.92
U0394,Facebook Ads,1.0,36239.18
U0395,LinkedIn Ads,1.0,19845.45
U0401,Email Marketing,1.0,46137.09
U0415,Email Marketing,0.5,9499.44
U0415,Facebook Ads,0.5,9499.44
U0415,Email Marketing,0.5,25709.78
U0415,Facebook Ads,0.5,25709.78
U0421,Facebook Ads,0.4,1017.09
U0421,Google Ads,0.2,508.55
U0421,Google Ads,0.4,1017.09
U0421,Facebook Ads,0.4,8106.62
U0421,Google Ads,0.2,4053.31
U0421,Google Ads,0.4,8106.62
U0421,Facebook Ads,0.4,1898.32
U0421,Google Ads,0.2,949.16
U0421,Google Ads,0.4,1898.32
U0423,YouTube Ads,1.0,59406.36
U0433,LinkedIn Ads,1.0,11188.48
U0438,Facebook Ads,1.0,50914.94
U0440,YouTube Ads,1.0,39192.87
U0449,Instagram Ads,1.0,5765.91
U0457,Instagram Ads,1.0,2533.74
U0459,Instagram Ads,1.0,44529.6
U0463,LinkedIn Ads,1.0,11730.4
U0476,Email Marketing,1.0,46020.68
U0483,Instagram Ads,1.0,17362.3
U0487,Instagram Ads,1.0,62400.7
U0491,LinkedIn Ads,1.0,2778.64
U0492,YouTube Ads,1.0,20120.42
U0493,Facebook Ads,1.0,42818.66
U0497,Instagram Ads,1.0,22258.12
U0508,Instagram Ads,1.0,45843.33
U0520,YouTube Ads,1.0,57846.18
U0529,LinkedIn Ads,1.0,64768.32
U0537,Email Marketing,1.0,33671.19
U0540,Google Ads,1.0,72139.08
U0563,Facebook Ads,1.0,38051.56
U0571,Google Ads,1.0,58554.76
U0572,LinkedIn Ads,1.0,58152.28
U0577,Email Marketing,1.0,29182.72
U0584,Instagram Ads,1.0,19009.1
U0588,Google Ads,1.0,53167.74
U0600,Instagram Ads,1.0,15822.78
U0610,Email Marketing,1.0,7966.5
U0613,Google Ads,0.5,16059.32
U0613,Google Ads,0.5,16059.32
U0613,Google Ads,0.5,25708.13
U0613,Google Ads,0.5,25708.13
U0619,Google Ads,0.5,24735.5
U0619,Instagram Ads,0.5,24735.5
U0619,Google Ads,0.5,26700.32
U0619,Instagram Ads,0.5,26700.32
U0626,Facebook Ads,1.0,51356.04
U0635,Instagram Ads,1.0,43782.6
U0644,Google Ads,1.0,71223.92
U0646,Google Ads,1.0,28918.2
U0648,Instagram Ads,1.0,69249.42
U0649,LinkedIn Ads,1.0,61093.76
U0655,Google Ads,1.0,4526.01
U0657,Facebook Ads,1.0,38188.06
U0660,Facebook Ads,1.0,63062.74
U0667,YouTube Ads,1.0,63666.98
U0670,Google Ads,1.0,48876.82
U0675,Facebook Ads,0.5,35589.8
U0675,Instagram Ads,0.5,35589.8
U0675,Facebook Ads,0.5,12862.88
U0675,Instagram Ads,0.5,12862.88
U0685,Google Ads,1.0,30010.56
U0686,YouTube Ads,1.0,54914.32
U0687,Instagram Ads,1.0,47157.51
U0688,LinkedIn Ads,1.0,28020.86
U0700,Instagram Ads,0.5,27886.21
U0700,LinkedIn Ads,0.5,27886.21
U0700,Instagram Ads,0.5,17636.08
U0700,LinkedIn Ads,0.5,17636.08
U0703,Google Ads,1.0,48208.0
U0710,YouTube Ads,1.0,1512.72
U0711,YouTube Ads,1.0,34759.65
U0712,Email Marketing,1.0,17789.36
U0719,Instagram Ads,1.0,24533.22
U0722,LinkedIn Ads,1.0,65820.9
U0723,Google Ads,1.0,10463.36
U0724,Instagram Ads,1.0,40924.83
U0725,Google Ads,1.0,7644.14
U0730,Facebook Ads,1.0,51887.22
U0732,Facebook Ads,1.0,20307.51
U0734,Facebook Ads,1.0,19028.36
U0770,Instagram Ads,1.0,34077.96
U0776,Facebook Ads,1.0,34602.54
U0786,Email Marketing,1.0,72532.54
U0794,Google Ads,1.0,12020.22
U0797,LinkedIn Ads,1.0,8777.43
U0798,Email Marketing,1.0,19290.21
U0806,Email Marketing,1.0,4298.08
U0808,Instagram Ads,1.0,10756.5
U0816,YouTube Ads,1.0,33651.14
U0827,YouTube Ads,1.0,7144.38
U0830,Google Ads,1.0,61760.14
U0835,Facebook Ads,1.0,47557.94
U0845,LinkedIn Ads,1.0,45668.98
U0850,Email Marketing,1.0,2969.91
U0860,Google Ads,1.0,25882.57
U0862,Facebook Ads,1.0,29841.74
U0863,Facebook Ads,1.0,41176.29
U0867,Email Marketing,1.0,58481.46
U0870,LinkedIn Ads,1.0,21294.99
U0873,Email Marketing,1.0,4005.87
U0881,YouTube Ads,1.0,72279.92
U0882,Google Ads,1.0,57550.98
U0887,Google Ads,1.0,51512.61
U0888,Instagram Ads,1.0,70519.33
U0891,Google Ads,0.5,34822.81
U0891,LinkedIn Ads,0.5,34822.81
U0891,Google Ads,0.5,6953.15
U0891,LinkedIn Ads,0.5,6953.15
U0892,Instagram Ads,0.5,20781.3
U0892,Facebook Ads,0.5,20781.3
U0892,Instagram Ads,0.5,9164.11
U0892,Facebook Ads,0.5,9164.11
U0896,LinkedIn Ads,1.0,15208.74
U0903,YouTube Ads,1.0,11544.04
U0904,YouTube Ads,1.0,71048.4
U0916,Facebook Ads,0.5,23670.41
U0916,Facebook Ads,0.5,23670.41
U0916,Facebook Ads,0.5,33223.13
U0916,Facebook Ads,0.5,33223.13
U0920,Google Ads,1.0,13475.24
U0925,Instagram Ads,1.0,71051.48
U0930,YouTube Ads,1.0,31186.88
U0932,Instagram Ads,1.0,4339.58
U0933,YouTube Ads,1.0,48616.48
U0945,YouTube Ads,1.0,4504.02
U0946,YouTube Ads,1.0,32235.0
U0973,YouTube Ads,1.0,50266.0
U0978,Email Marketing,1.0,24546.21
U0979,Instagram Ads,1.0,37530.3
U0984,Facebook Ads,1.0,12178.44
U0997,Instagram Ads,1.0,50867.94
U1009,Email Marketing,1.0,3537.42
U1022,Facebook Ads,1.0,60570.4
U1026,LinkedIn Ads,1.0,73489.05
U1037,Facebook Ads,1.0,32016.86
U1044,YouTube Ads,1.0,36002.24
U1055,Google Ads,1.0,9249.67
U1060,Google Ads,1.0,26308.57
U1061,LinkedIn Ads,1.0,15619.56
U1062,Google Ads,1.0,42391.86
U1063,YouTube Ads,1.0,56534.62
U1068,LinkedIn Ads,1.0,2969.94
U1072,LinkedIn Ads,1.0,71090.82
U1073,Instagram Ads,1.0,47790.44
U1076,YouTube Ads,0.5,15350.67
U1076,LinkedIn Ads,0.5,15350.67
U1076,YouTube Ads,0.5,3351.32
U1076,LinkedIn Ads,0.5,3351.32
U1078,YouTube Ads,1.0,19722.48
U1079,Google Ads,1.0,17565.03
U1084,Facebook Ads,1.0,54949.41
U1085,Google Ads,1.0,3064.6
U1090,Google Ads,1.0,13176.97
U1095,LinkedIn Ads,1.0,31434.24
U1096,Instagram Ads,1.0,12793.53
U1097,Google Ads,1.0,15093.75
U1100,Instagram Ads,1.0,73086.39
U1101,LinkedIn Ads,0.5,31805.24
U1101,Google Ads,0.5,31805.24
U1101,LinkedIn Ads,0.5,17224.79
U1101,Google Ads,0.5,17224.79
U1103,Instagram Ads,1.0,62132.6
U1104,Facebook Ads,1.0,58898.42
U1109,Email Marketing,1.0,59141.12
U1115,Facebook Ads,1.0,42787.18
U1122,LinkedIn Ads,1.0,69128.98
U1130,Facebook Ads,1.0,63479.85
U1133,YouTube Ads,1.0,21149.54
U1138,YouTube Ads,1.0,60336.62
U1141,LinkedIn Ads,1.0,30572.58
U1145,LinkedIn Ads,1.0,19051.83
U1154,LinkedIn Ads,1.0,58459.86
U1159,Email Marketing,1.0,40170.84
U1161,Facebook Ads,1.0,44758.47
U1167,LinkedIn Ads,1.0,9646.34
U1170,Facebook Ads,1.0,40409.88
U1175,Instagram Ads,1.0,55726.86
U1181,Email Marketing,0.5,16569.65
U1181,YouTube Ads,0.5,16569.65
U1181,Email Marketing,0.5,18525.22
U1181,YouTube Ads,0.5,18525.22
U1182,Google Ads,1.0,34847.48
U1192,Email Marketing,1.0,42914.13
U1206,LinkedIn Ads,1.0,16364.47
U1209,Instagram Ads,1.0,12494.36
U1216,YouTube Ads,0.5,19581.99
U1216,Facebook Ads,0.5,19581.99
U1216,YouTube Ads,0.5,3477.45
U1216,Facebook Ads,0.5,3477.45
U1227,YouTube Ads,1.0,33047.48
U1229,Email Marketing,1.0,38563.92
U1230,Instagram Ads,0.5,13862.92
U1230,YouTube Ads,0.5,13862.92
U1230,Instagram Ads,0.5,23123.37
U1230,YouTube Ads,0.5,23123.37
U1236,Facebook Ads,1.0,55435.38
U1246,Instagram Ads,1.0,24055.05
U1249,Instagram Ads,1.0,70329.88
U1252,LinkedIn Ads,1.0,40147.41
U1254,YouTube Ads,0.5,19332.94
U1254,LinkedIn Ads,0.5,19332.94
U1254,YouTube Ads,0.5,29314.33
U1254,LinkedIn Ads,0.5,29314.33
U1270,Instagram Ads,1.0,55001.36
U1275,Google Ads,1.0,11487.82
U1280,Google Ads,1.0,62286.48
U1286,YouTube Ads,1.0,46326.66
U1291,Instagram Ads,1.0,61339.73
U1294,Instagram Ads,1.0,39702.74
U1297,LinkedIn Ads,1.0,24026.04
U1301,YouTube Ads,0.5,9459.98
U1301,YouTube Ads,0.5,9459.98
U1301,YouTube Ads,0.5,16956.29
U1301,YouTube Ads,0.5,16956.29
U1312,LinkedIn Ads,1.0,39835.8
U1315,Instagram Ads,1.0,58342.23
U1327,Instagram Ads,1.0,69969.06
U1332,Facebook Ads,1.0,51306.12
U1334,Email Marketing,1.0,70654.71
U1340,LinkedIn Ads,1.0,55733.32
U1343,LinkedIn Ads,1.0,66721.82
U1350,Instagram Ads,1.0,8495.66
U1355,Facebook Ads,1.0,6001.2
U1357,Email Marketing,1.0,65560.77
U1365,YouTube Ads,1.0,13847.6
U1366,Email Marketing,1.0,38432.64
U1371,YouTube Ads,1.0,16170.38
U1372,Email Marketing,1.0,52859.91
U1373,Email Marketing,1.0,44783.84
U1381,Email Marketing,1.0,29707.02
U1383,LinkedIn Ads,1.0,61763.0
U1387,Google Ads,1.0,27744.3
U1389,Instagram Ads,1.0,12163.02
U1393,Google Ads,1.0,57155.62
U1394,YouTube Ads,1.0,58206.51
U1402,Facebook Ads,1.0,25811.78
U1405,LinkedIn Ads,1.0,64772.01
U1411,Email Marketing,1.0,35990.02
U1416,YouTube Ads,1.0,26151.02
U1428,Instagram Ads,1.0,35613.52
U1449,YouTube Ads,1.0,27079.8
U1450,LinkedIn Ads,0.5,27910.1
U1450,Instagram Ads,0.5,27910.1
U1450,LinkedIn Ads,0.5,34322.49
U1450,Instagram Ads,0.5,34322.49
U1454,LinkedIn Ads,1.0,69417.23
U1457,Email Marketing,1.0,58419.32
U1459,YouTube Ads,1.0,12508.11
U1466,Email Marketing,1.0,2919.72
U1469,YouTube Ads,0.4,18028.66
U1469,Email Marketing,0.0667,3004.78
U1469,YouTube Ads,0.0667,3004.78
U1469,YouTube Ads,0.0667,3004.78
U1469,Facebook Ads,0.4,18028.66
U1469,YouTube Ads,0.4,13158.01
U1469,Email Marketing,0.0667,2193.0
U1469,YouTube Ads,0.0667,2193.0
U1469,YouTube Ads,0.0667,2193.0
U1469,Facebook Ads,0.4,13158.01
U1469,YouTube Ads,0.4,20454.67
U1469,Email Marketing,0.0667,3409.11
U1469,YouTube Ads,0.0667,3409.11
U1469,YouTube Ads,0.0667,3409.11
U1469,Facebook Ads,0.4,20454.67
U1469,YouTube Ads,0.4,8473.91
U1469,Email Marketing,0.0667,1412.32
U1469,YouTube Ads,0.0667,1412.32
U1469,YouTube Ads,0.0667,1412.32
U1469,Facebook Ads,0.4,8473.91
U1469,YouTube Ads,0.4,25301.89
U1469,Email Marketing,0.0667,4216.98
U1469,YouTube Ads,0.0667,4216.98
U1469,YouTube Ads,0.0667,4216.98
U1469,Facebook Ads,0.4,25301.89
U1470,Facebook Ads,1.0,62414.49
U1473,Email Marketing,1.0,20232.48
U1476,LinkedIn Ads,1.0,34514.73
U1477,Facebook Ads,1.0,29669.34
U1479,Facebook Ads,1.0,34427.82
U1480,Instagram Ads,1.0,11186.6
U1482,LinkedIn Ads,1.0,62109.21
U1486,Email Marketing,1.0,72098.72
U1487,Facebook Ads,1.0,23384.12
U1494,LinkedIn Ads,1.0,73416.44
U1513,Google Ads,1.0,71773.48
U1521,Google Ads,1.0,27583.75
U1523,Instagram Ads,1.0,9202.02
U1526,Email Marketing,1.0,21408.26
U1527,Email Marketing,1.0,30034.16
U1528,Instagram Ads,1.0,55605.6
U1531,Instagram Ads,1.0,44691.78
U1544,Email Marketing,1.0,4050.93
U1553,Facebook Ads,1.0,5744.78
U1557,Instagram Ads,1.0,11025.78
U1561,Instagram Ads,1.0,5151.98
U1571,YouTube Ads,1.0,64945.27
U1577,Facebook Ads,1.0,11186.78
U1583,LinkedIn Ads,1.0,62732.84
U1584,Email Marketing,1.0,40500.48
U1585,YouTube Ads,1.0,60757.38
U1592,Facebook Ads,1.0,6249.66
U1597,LinkedIn Ads,1.0,73443.12
U1610,Google Ads,1.0,73085.79
U1613,LinkedIn Ads,1.0,25943.22
U1615,Facebook Ads,1.0,54893.32
U1616,YouTube Ads,1.0,72529.68
U1618,Facebook Ads,0.5,31422.62
U1618,Facebook Ads,0.5,31422.62
U1618,Facebook Ads,0.5,33528.04
U1618,Facebook Ads,0.5,33528.04
U1619,Google Ads,1.0,49369.2
U1622,Google Ads,1.0,49773.81
U1623,Facebook Ads,1.0,47779.7
U1634,YouTube Ads,1.0,54391.46
U1637,Google Ads,1.0,63455.97
U1638,LinkedIn Ads,1.0,67388.9
U1640,Google Ads,1.0,62862.69
U1643,Email Marketing,1.0,59116.53
U1647,Instagram Ads,1.0,40448.04
U1658,Facebook Ads,1.0,55594.32
U1660,LinkedIn Ads,0.5,29441.24
U1660,LinkedIn Ads,0.5,29441.24
U1660,LinkedIn Ads,0.5,13389.36
U1660,LinkedIn Ads,0.5,13389.36
U1664,Facebook Ads,1.0,55721.46
U1670,LinkedIn Ads,1.0,8576.78
U1671,Facebook Ads,1.0,71317.06
U1676,LinkedIn Ads,1.0,18199.76
U1680,Google Ads,1.0,41243.46
U1681,Email Marketing,1.0,35602.73
U1684,LinkedIn Ads,1.0,62040.15
U1690,Facebook Ads,1.0,20109.09
U1697,Email Marketing,1.0,45757.44
U1698,Email Marketing,1.0,12238.71
U1704,Instagram Ads,1.0,31921.32
U1706,Instagram Ads,1.0,30565.62
U1722,YouTube Ads,1.0,28644.69
U1725,Email Marketing,1.0,15047.24
U1731,YouTube Ads,1.0,21992.4
U1735,YouTube Ads,1.0,1863.34
U1743,LinkedIn Ads,1.0,60088.76
U1745,YouTube Ads,1.0,22598.2
U1753,YouTube Ads,1.0,6016.11
U1756,YouTube Ads,1.0,52712.91
U1765,Email Marketing,1.0,47288.9
U1766,YouTube Ads,1.0,44565.39
U1769,Instagram Ads,1.0,41210.04
U1782,Instagram Ads,1.0,6626.96
U1783,LinkedIn Ads,1.0,36781.3
U1785,YouTube Ads,1.0,50652.72
U1788,Instagram Ads,1.0,8794.86
U1789,Instagram Ads,1.0,19234.11
U1790,Instagram Ads,0.4,7406.68
U1790,YouTube Ads,0.2,3703.34
U1790,YouTube Ads,0.4,7406.68
U1790,Instagram Ads,0.4,9005.83
U1790,YouTube Ads,0.2,4502.92
U1790,YouTube Ads,0.4,9005.83
U1790,Instagram Ads,0.4,5822.11
U1790,YouTube Ads,0.2,2911.06
U1790,YouTube Ads,0.4,5822.11
U1791,YouTube Ads,1.0,40024.29
U1798,Google Ads,1.0,32804.88
U1828,Facebook Ads,1.0,51459.88
U1849,Instagram Ads,1.0,44184.66
U1850,Instagram Ads,1.0,63548.14
U1851,Email Marketing,1.0,5452.7
U1865,YouTube Ads,1.0,21781.05
U1870,Facebook Ads,1.0,6250.6
U1875,Instagram Ads,1.0,57845.49
U1877,Email Marketing,1.0,12786.12
U1886,Instagram Ads,1.0,8870.17
U1890,Instagram Ads,1.0,940.71
U1891,YouTube Ads,1.0,44023.36
U1895,Email Marketing,1.0,19663.14
U1908,Email Marketing,1.0,74622.69
U1909,Instagram Ads,1.0,61996.53
U1915,Facebook Ads,1.0,24101.58
U1921,Instagram Ads,0.5,14388.24
U1921,Facebook Ads,0.5,14388.24
U1921,Instagram Ads,0.5,8012.86
U1921,Facebook Ads,0.5,8012.86
U1935,Facebook Ads,1.0,32627.36
U1941,Email Marketing,0.5,22506.21
U1941,Facebook Ads,0.5,22506.21
U1941,Email Marketing,0.5,7096.26
U1941,Facebook Ads,0.5,7096.26
U1951,Facebook Ads,1.0,45950.24
U1957,YouTube Ads,1.0,27579.12
U1961,YouTube Ads,1.0,40085.56
U1966,Facebook Ads,1.0,20281.95
U1971,YouTube Ads,0.5,13301.2
U1971,Email Marketing,0.5,13301.2
U1971,YouTube Ads,0.5,21036.62
U1971,Email Marketing,0.5,21036.62
U1972,LinkedIn Ads,0.5,33195.04
U1972,Google Ads,0.5,33195.04
U1972,LinkedIn Ads,0.5,29806.31
U1972,Google Ads,0.5,29806.31
U1979,Facebook Ads,1.0,31575.21
U1981,Instagram Ads,1.0,3740.96
U1983,LinkedIn Ads,0.5,26910.62
U1983,LinkedIn Ads,0.5,26910.62
U1983,LinkedIn Ads,0.5,21551.87
U1983,LinkedIn Ads,0.5,21551.87
U1990,Facebook Ads,1.0,60099.04
U1994,Google Ads,1.0,70596.66
U1999,Instagram Ads,1.0,69739.27
U2006,Facebook Ads,1.0,39996.75
U2015,Facebook Ads,1.0,72635.37
U2025,Google Ads,1.0,52863.72
U2026,Facebook Ads,1.0,10841.49
U2030,Instagram Ads,1.0,28405.65
U2033,YouTube Ads,1.0,32565.96
U2042,LinkedIn Ads,1.0,41466.38
U2043,Instagram Ads,1.0,12653.19
U2044,Email Marketing,1.0,55461.76
U2046,YouTube Ads,1.0,3225.77
U2052,LinkedIn Ads,1.0,41553.7
U2057,LinkedIn Ads,1.0,48892.9
U2069,Instagram Ads,1.0,45285.02
U2070,Google Ads,1.0,65990.81
U2073,LinkedIn Ads,1.0,21952.14
U2074,Google Ads,1.0,15543.39
U2078,LinkedIn Ads,1.0,52745.01
U2084,Facebook Ads,1.0,28440.1
U2088,YouTube Ads,1.0,17676.42
U2089,Google Ads,1.0,67499.37
U2092,LinkedIn Ads,1.0,68089.47
U2099,Email Marketing,1.0,31341.21
U2100,YouTube Ads,1.0,5437.04
U2101,Instagram Ads,1.0,27894.51
U2119,Google Ads,1.0,48540.57
U2129,Email Marketing,1.0,61478.79
U2130,LinkedIn Ads,0.5,31787.78
U2130,LinkedIn Ads,0.5,31787.78
U2130,LinkedIn Ads,0.5,24509.75
U2130,LinkedIn Ads,0.5,24509.75
U2132,Facebook Ads,1.0,59603.68
U2134,Facebook Ads,1.0,16755.82
U2142,Google Ads,1.0,51706.68
U2162,Google Ads,1.0,42620.4
U2169,Google Ads,1.0,29567.48
U2177,Google Ads,1.0,63101.12
U2178,Email Marketing,1.0,57307.44
U2181,Facebook Ads,1.0,43521.94
U2185,Email Marketing,1.0,32137.12
U2186,Facebook Ads,1.0,25887.14
U2196,Instagram Ads,1.0,66755.54
U2199,Facebook Ads,1.0,44689.9
U2201,Google Ads,1.0,8697.42
U2205,Google Ads,1.0,21125.58
U2210,Email Marketing,1.0,70812.67
U2214,Email Marketing,1.0,73841.28
U2216,YouTube Ads,1.0,40772.64
U2225,Email Marketing,1.0,34950.88
U2227,Facebook Ads,1.0,40020.32
U2240,Facebook Ads,1.0,54017.28
U2241,YouTube Ads,1.0,47338.77
U2247,Email Marketing,1.0,55836.72
U2248,Email Marketing,1.0,60051.03
U2250,Instagram Ads,1.0,71140.02
U2251,YouTube Ads,1.0,74048.97
U2252,Facebook Ads,1.0,52385.4
U2253,Google Ads,1.0,53257.34
U2254,Email Marketing,1.0,22362.81
U2256,LinkedIn Ads,1.0,35391.72
U2258,Instagram Ads,1.0,12831.87
U2270,Instagram Ads,1.0,2049.32
U2274,Google Ads,1.0,46439.61
U2280,Instagram Ads,1.0,47515.58
U2283,YouTube Ads,1.0,61259.77
U2287,YouTube Ads,1.0,59301.28
U2288,Google Ads,1.0,58024.74
U2292,Google Ads,1.0,1181.42
U2293,Google Ads,1.0,61526.08
U2299,Instagram Ads,1.0,32479.32
U2301,Facebook Ads,1.0,55669.38
U2308,Email Marketing,0.4,29770.68
U2308,LinkedIn Ads,0.2,14885.34
U2308,YouTube Ads,0.4,29770.68
U2308,Email Marketing,0.4,17153.8
U2308,LinkedIn Ads,0.2,8576.9
U2308,YouTube Ads,0.4,17153.8
U2308,Email Marketing,0.4,12572.17
U2308,LinkedIn Ads,0.2,6286.09
U2308,YouTube Ads,0.4,12572.17
U2317,Facebook Ads,0.5,22517.31
U2317,Google Ads,0.5,22517.31
U2317,Facebook Ads,0.5,29854.25
U2317,Google Ads,0.5,29854.25
U2318,Instagram Ads,1.0,52612.14
U2319,YouTube Ads,1.0,15931.29
U2321,Instagram Ads,1.0,27843.07
U2333,Google Ads,1.0,10056.81
U2335,Google Ads,1.0,32985.51
U2338,YouTube Ads,1.0,68930.79
U2341,Instagram Ads,1.0,1379.25
U2346,Email Marketing,1.0,64367.6
U2354,Facebook Ads,1.0,17122.92
U2361,Email Marketing,1.0,68627.04
U2377,Email Marketing,1.0,47727.78
U2385,Instagram Ads,1.0,42939.34
U2392,Email Marketing,1.0,18234.81
U2398,Email Marketing,1.0,8022.56
U2403,Facebook Ads,1.0,7692.18
U2407,Instagram Ads,1.0,18025.94
U2411,Instagram Ads,1.0,39596.58
U2420,Google Ads,1.0,52264.29
U2425,Instagram Ads,1.0,15916.02
U2428,Facebook Ads,1.0,65598.67
U2437,Instagram Ads,1.0,6649.4
U2446,LinkedIn Ads,1.0,74307.06
U2457,LinkedIn Ads,0.5,29965.29
U2457,Email Marketing,0.5,29965.29
U2457,LinkedIn Ads,0.5,16578.75
U2457,Email Marketing,0.5,16578.75
U2464,Google Ads,1.0,28977.07
U2467,LinkedIn Ads,1.0,18050.08
U2468,LinkedIn Ads,1.0,42724.44
U2474,LinkedIn Ads,1.0,73518.5
U2477,Google Ads,1.0,60732.16
U2485,Google Ads,1.0,3564.57
U2486,YouTube Ads,1.0,24266.3
U2487,Facebook Ads,1.0,43376.04
U2503,LinkedIn Ads,1.0,59177.94
U2508,Email Marketing,1.0,31343.22
U2515,Email Marketing,1.0,3805.5
U2522,Instagram Ads,1.0,67660.88
U2526,LinkedIn Ads,1.0,60231.7
U2537,Google Ads,1.0,36853.88
U2540,LinkedIn Ads,1.0,34695.72
U2541,YouTube Ads,1.0,48806.49
U2556,LinkedIn Ads,1.0,48626.85
U2563,YouTube Ads,1.0,13504.47
U2570,YouTube Ads,1.0,28783.84
U2572,Google Ads,1.0,17827.89
U2574,Facebook Ads,1.0,6323.56
U2580,Google Ads,1.0,63962.19
U2581,Email Marketing,1.0,52741.27
U2594,LinkedIn Ads,1.0,35615.4
U2596,Email Marketing,1.0,53469.34
U2599,LinkedIn Ads,1.0,51541.27
U2602,Instagram Ads,1.0,41797.18
U2607,Email Marketing,1.0,18515.46
U2608,LinkedIn Ads,1.0,16949.1
U2616,LinkedIn Ads,1.0,21381.94
U2622,LinkedIn Ads,1.0,52481.6
U2633,Facebook Ads,1.0,68510.38
U2635,Instagram Ads,1.0,37538.58
U2638,Email Marketing,1.0,45433.52
U2640,Google Ads,1.0,3659.92
U2645,Email Marketing,1.0,7603.71
U2652,Facebook Ads,1.0,12920.12
U2653,Facebook Ads,0.5,21613.72
U2653,Facebook Ads,0.5,21613.72
U2653,Facebook Ads,0.5,25717.87
U2653,Facebook Ads,0.5,25717.87
U2659,Email Marketing,1.0,47136.98
U2661,Email Marketing,1.0,23475.32
U2667,Google Ads,1.0,16484.31
U2669,Instagram Ads,1.0,24486.33
U2676,Facebook Ads,1.0,28843.08
U2677,YouTube Ads,1.0,19631.01
U2680,Facebook Ads,1.0,51897.15
U2690,YouTube Ads,0.5,26988.28
U2690,Google Ads,0.5,26988.28
U2690,YouTube Ads,0.5,11975.06
U2690,Google Ads,0.5,11975.06
U2705,Email Marketing,1.0,53182.88
U2706,Facebook Ads,0.5,22894.8
U2706,YouTube Ads,0.5,22894.8
U2706,Facebook Ads,0.5,1351.64
U2706,YouTube Ads,0.5,1351.64
U2709,Instagram Ads,1.0,11701.2
U2710,Email Marketing,1.0,18636.21
U2719,Google Ads,1.0,56017.08
U2726,Email Marketing,1.0,28869.4
U2732,Email Marketing,1.0,32791.16
U2733,Instagram Ads,1.0,54686.02
U2741,LinkedIn Ads,1.0,63256.11
U2749,YouTube Ads,1.0,61353.92
U2756,Instagram Ads,1.0,58111.66
U2760,Instagram Ads,1.0,5935.72
U2766,YouTube Ads,1.0,13731.02
U2767,Facebook Ads,1.0,3701.07
U2769,Email Marketing,1.0,57986.19
U2782,Google Ads,1.0,26638.48
U2794,Instagram Ads,1.0,12311.04
U2796,YouTube Ads,1.0,53025.51
U2798,YouTube Ads,1.0,26379.09
U2800,YouTube Ads,1.0,49720.12
U2801,Instagram Ads,1.0,26685.81
U2804,Google Ads,1.0,29177.18
U2808,YouTube Ads,1.0,42255.45
U2815,YouTube Ads,1.0,8077.41
U2831,Email Marketing,1.0,16861.78
U2833,Email Marketing,0.5,21767.63
U2833,YouTube Ads,0.5,21767.63
U2833,Email Marketing,0.5,35338.15
U2833,YouTube Ads,0.5,35338.15
U2839,LinkedIn Ads,1.0,22195.98
U2843,Google Ads,1.0,16674.22
U2852,LinkedIn Ads,0.5,15450.54
U2852,YouTube Ads,0.5,15450.54
U2852,LinkedIn Ads,0.5,17063.05
U2852,YouTube Ads,0.5,17063.05
U2857,YouTube Ads,1.0,12653.5
U2867,YouTube Ads,1.0,2590.66
U2882,Google Ads,1.0,65954.61
U2883,Google Ads,1.0,70694.7
U2886,YouTube Ads,1.0,2436.18
U2899,Google Ads,1.0,62679.28
U2904,Instagram Ads,1.0,51044.96
U2908,YouTube Ads,1.0,66123.7
U2909,YouTube Ads,1.0,61560.4
U2911,Facebook Ads,1.0,22620.0
U2915,Facebook Ads,1.0,72670.63
U2917,Email Marketing,1.0,2273.02
U2922,Google Ads,1.0,63880.69
U2926,Instagram Ads,1.0,8798.9
U2932,Facebook Ads,1.0,31577.46
U2933,Facebook Ads,1.0,68610.62
U2940,Facebook Ads,1.0,44834.49
U2947,Instagram Ads,0.5,8506.12
U2947,LinkedIn Ads,0.5,8506.12
U2947,Instagram Ads,0.5,3535.38
U2947,LinkedIn Ads,0.5,3535.38
U2948,LinkedIn Ads,1.0,22318.74
U2957,Google Ads,1.0,8367.9
U2959,Facebook Ads,1.0,57792.81
U2960,Google Ads,1.0,61825.95
U2961,Google Ads,1.0,54334.05
U2970,Email Marketing,0.5,562.52
U2970,Instagram Ads,0.5,562.52
U2970,Email Marketing,0.5,18750.95
U2970,Instagram Ads,0.5,18750.95
U2974,LinkedIn Ads,1.0,61207.68
U2977,Facebook Ads,1.0,35556.36
U2991,YouTube Ads,1.0,44642.77
U3016,LinkedIn Ads,1.0,61760.22
U3022,LinkedIn Ads,1.0,4630.27
U3028,YouTube Ads,1.0,70235.04
U3033,Email Marketing,1.0,36149.31
U3037,LinkedIn Ads,1.0,54825.04
U3042,Facebook Ads,1.0,14317.66
U3044,Facebook Ads,1.0,28970.4
U3061,LinkedIn Ads,1.0,58598.06
U3065,Email Marketing,0.5,24947.5
U3065,Email Marketing,0.5,24947.5
U3065,Email Marketing,0.5,15027.05
U3065,Email Marketing,0.5,15027.05
U3067,Google Ads,1.0,66344.22
U3080,Instagram Ads,1.0,61929.74
U3086,YouTube Ads,1.0,9027.03
U3111,LinkedIn Ads,1.0,66416.52
U3120,YouTube Ads,1.0,32755.54
U3128,Email Marketing,1.0,35159.34
U3129,Facebook Ads,1.0,54901.04
U3132,Facebook Ads,0.5,14120.76
U3132,Instagram Ads,0.5,14120.76
U3132,Facebook Ads,0.5,35053.85
U3132,Instagram Ads,0.5,35053.85
U3144,Facebook Ads,1.0,31306.78
U3149,Facebook Ads,1.0,46522.7
U3165,Google Ads,1.0,48175.4
U3173,Instagram Ads,1.0,41368.9
U3175,YouTube Ads,1.0,74237.19
U3176,YouTube Ads,1.0,43893.2
U3179,Facebook Ads,1.0,73844.66
U3183,Google Ads,1.0,68546.64
U3193,YouTube Ads,0.5,29180.71
U3193,Google Ads,0.5,29180.71
U3193,YouTube Ads,0.5,22806.49
U3193,Google Ads,0.5,22806.49
U3194,YouTube Ads,1.0,19180.81
U3207,YouTube Ads,0.5,31910.88
U3207,YouTube Ads,0.5,31910.88
U3207,YouTube Ads,0.5,851.48
U3207,YouTube Ads,0.5,851.48
U3216,LinkedIn Ads,0.5,5194.11
U3216,YouTube Ads,0.5,5194.11
U3216,LinkedIn Ads,0.5,32220.69
U3216,YouTube Ads,0.5,32220.69
U3229,Google Ads,1.0,71203.94
U3233,Facebook Ads,1.0,29621.06
U3241,Email Marketing,1.0,35542.05
U3244,Email Marketing,1.0,16646.13
U3260,Google Ads,1.0,30641.55
U3263,YouTube Ads,1.0,14714.98
U3265,YouTube Ads,1.0,41874.62
U3268,LinkedIn Ads,1.0,24674.32
U3272,YouTube Ads,0.5,9656.37
U3272,LinkedIn Ads,0.5,9656.37
U3272,YouTube Ads,0.5,28505.87
U3272,LinkedIn Ads,0.5,28505.87
U3274,LinkedIn Ads,1.0,5562.34
U3279,Email Marketing,1.0,43503.84
U3291,Facebook Ads,1.0,72369.66
U3298,YouTube Ads,1.0,50338.62
U3303,Instagram Ads,1.0,15286.11
U3310,LinkedIn Ads,1.0,2913.78
U3315,Instagram Ads,1.0,6507.96
U3326,Facebook Ads,1.0,34827.51
U3329,Google Ads,1.0,4144.36
U3330,Email Marketing,1.0,20558.28
U3336,LinkedIn Ads,0.5,10175.4
U3336,Instagram Ads,0.5,10175.4
U3336,LinkedIn Ads,0.5,11031.53
U3336,Instagram Ads,0.5,11031.53
U3338,YouTube Ads,1.0,42149.02
U3349,Facebook Ads,1.0,32398.3
U3360,Email Marketing,1.0,55726.48
U3369,Facebook Ads,1.0,56235.03
U3378,Email Marketing,0.5,10353.96
U3378,YouTube Ads,0.5,10353.96
U3378,Email Marketing,0.5,1348.58
U3378,YouTube Ads,0.5,1348.58
U3380,Email Marketing,1.0,48646.06
U3383,LinkedIn Ads,1.0,45941.61
U3390,Email Marketing,1.0,36105.07
U3393,Facebook Ads,1.0,5726.37
U3397,Instagram Ads,0.5,12145.14
U3397,Google Ads,0.5,12145.14
U3397,Instagram Ads,0.5,2063.89
U3397,Google Ads,0.5,2063.89
U3401,Email Marketing,1.0,22417.86
U3406,Email Marketing,1.0,53793.76
U3422,YouTube Ads,1.0,1281.06
U3426,Google Ads,1.0,18325.68
U3427,Email Marketing,1.0,60549.82
U3436,Email Marketing,1.0,26773.23
U3439,Email Marketing,0.5,11013.82
U3439,Email Marketing,0.5,11013.82
U3439,Email Marketing,0.5,30808.71
U3439,Email Marketing,0.5,30808.71
U3442,Instagram Ads,1.0,58586.66
U3448,YouTube Ads,1.0,1805.18
U3454,Instagram Ads,0.5,8289.13
U3454,Facebook Ads,0.5,8289.13
U3454,Instagram Ads,0.5,14876.92
U3454,Facebook Ads,0.5,14876.92
U3457,Facebook Ads,1.0,16537.52
U3459,YouTube Ads,1.0,73677.33
U3468,Instagram Ads,1.0,44129.43
U3472,LinkedIn Ads,0.5,16092.8
U3472,Google Ads,0.5,16092.8
U3472,LinkedIn Ads,0.5,28231.94
U3472,Google Ads,0.5,28231.94
U3474,Facebook Ads,1.0,68204.79
U3475,Instagram Ads,1.0,32740.5
U3482,Email Marketing,1.0,35510.16
U3484,Facebook Ads,1.0,56177.36
U3490,Google Ads,1.0,47024.96
U3502,YouTube Ads,1.0,59562.13
U3505,Instagram Ads,1.0,21371.96
U3506,Facebook Ads,1.0,25317.94
U3508,LinkedIn Ads,0.5,11413.01
U3508,Instagram Ads,0.5,11413.01
U3508,LinkedIn Ads,0.5,27580.38
U3508,Instagram Ads,0.5,27580.38
U3509,YouTube Ads,1.0,22693.41
U3515,Google Ads,1.0,46159.42
U3535,Google Ads,1.0,30299.64
U3538,Google Ads,1.0,54594.02
U3543,Google Ads,1.0,15842.31
U3550,YouTube Ads,1.0,60799.11
U3553,YouTube Ads,1.0,53324.58
U3563,Instagram Ads,1.0,41770.98
U3567,Email Marketing,1.0,41007.99
U3571,Email Marketing,1.0,32209.53
U3572,Facebook Ads,1.0,57692.19
U3576,Instagram Ads,1.0,26348.36
U3585,Email Marketing,1.0,65188.52
U3586,Email Marketing,1.0,19099.8
U3588,YouTube Ads,1.0,48856.22
U3609,Instagram Ads,1.0,47609.4
U3611,Email Marketing,1.0,24982.71
U3627,LinkedIn Ads,1.0,16099.77
U3628,Google Ads,1.0,46441.48
U3634,Email Marketing,0.5,31184.44
U3634,LinkedIn Ads,0.5,31184.44
U3634,Email Marketing,0.5,31576.96
U3634,LinkedIn Ads,0.5,31576.96
U3645,Instagram Ads,1.0,38399.22
U3649,Google Ads,1.0,35128.03
U3655,Google Ads,1.0,47076.06
U3664,Instagram Ads,1.0,67959.23
U3667,Instagram Ads,1.0,29959.47
U3679,YouTube Ads,1.0,20253.76
U3682,Instagram Ads,0.4,19536.98
U3682,LinkedIn Ads,0.2,9768.49
U3682,Facebook Ads,0.4,19536.98
U3682,Instagram Ads,0.4,28496.82
U3682,LinkedIn Ads,0.2,14248.41
U3682,Facebook Ads,0.4,28496.82
U3682,Instagram Ads,0.4,553.52
U3682,LinkedIn Ads,0.2,276.76
U3682,Facebook Ads,0.4,553.52
U3684,Instagram Ads,0.5,10236.61
U3684,Instagram Ads,0.5,10236.61
U3684,Instagram Ads,0.5,16970.65
U3684,Instagram Ads,0.5,16970.65
U3696,Google Ads,0.5,30045.1
U3696,Email Marketing,0.5,30045.1
U3696,Google Ads,0.5,24418.35
U3696,Email Marketing,0.5,24418.35
U3697,Facebook Ads,0.5,34418.44
U3697,Facebook Ads,0.5,34418.44
U3697,Facebook Ads,0.5,4751.15
U3697,Facebook Ads,0.5,4751.15
U3701,LinkedIn Ads,1.0,63704.13
U3706,Google Ads,1.0,1439.55
U3708,Facebook Ads,0.5,5161.55
U3708,Facebook Ads,0.5,5161.55
U3708,Facebook Ads,0.5,16116.58
U3708,Facebook Ads,0.5,16116.58
U3715,Google Ads,1.0,36862.62
U3752,Google Ads,1.0,60592.29
U3756,LinkedIn Ads,1.0,61115.04
U3761,Email Marketing,1.0,38100.82
U3764,YouTube Ads,1.0,39491.32
U3765,Email Marketing,1.0,42833.73
U3766,YouTube Ads,1.0,38699.13
U3778,Instagram Ads,1.0,24179.43
U3784,YouTube Ads,1.0,6651.04
U3792,LinkedIn Ads,1.0,36330.24
U3794,YouTube Ads,0.5,3657.44
U3794,Facebook Ads,0.5,3657.44
U3794,YouTube Ads,0.5,31614.47
U3794,Facebook Ads,0.5,31614.47
U3805,Email Marketing,1.0,63887.24
U3814,Google Ads,1.0,49522.18
U3825,LinkedIn Ads,1.0,67711.62
U3831,Email Marketing,1.0,70581.88
U3838,Google Ads,1.0,15292.3
U3846,Email Marketing,1.0,40136.75
U3848,Instagram Ads,1.0,17768.66
U3851,YouTube Ads,1.0,60243.64
U3855,Email Marketing,1.0,29744.34
U3864,YouTube Ads,1.0,29030.6
U3866,LinkedIn Ads,1.0,60714.72
U3870,Instagram Ads,1.0,5354.22
U3879,YouTube Ads,1.0,41886.09
U3892,Email Marketing,1.0,56615.04
U3893,Email Marketing,1.0,69122.0
U3910,YouTube Ads,1.0,36278.15
U3913,YouTube Ads,1.0,64308.96
U3916,Google Ads,1.0,4296.46
U3938,Facebook Ads,1.0,42686.16
U3940,Email Marketing,1.0,67317.04
U3944,Google Ads,1.0,44850.36
U3945,Email Marketing,1.0,58213.53
U3947,Email Marketing,1.0,51832.82
U3956,Google Ads,1.0,23933.78
U3961,LinkedIn Ads,1.0,33279.56
U3963,YouTube Ads,1.0,8108.59
U3965,Facebook Ads,1.0,40098.02
U3966,Google Ads,1.0,66972.48
U3969,YouTube Ads,1.0,8909.74
U3973,LinkedIn Ads,1.0,31861.44
U3975,Facebook Ads,1.0,15935.1
U3978,Instagram Ads,0.5,22319.01
U3978,LinkedIn Ads,0.5,22319.01
U3978,Instagram Ads,0.5,16615.37
U3978,LinkedIn Ads,0.5,16615.37
U3979,LinkedIn Ads,1.0,23142.51
U3983,Facebook Ads,1.0,24125.12
U3993,LinkedIn Ads,1.0,29248.36
U3997,Facebook Ads,1.0,35222.15
U4001,Google Ads,1.0,51373.68
U4010,Google Ads,1.0,21333.36
U4021,Google Ads,1.0,28953.94
U4024,Google Ads,1.0,10393.41
U4026,YouTube Ads,1.0,73799.43
U4029,YouTube Ads,1.0,37659.84
U4030,Instagram Ads,1.0,13823.74
U4034,Google Ads,1.0,46739.07
U4042,YouTube Ads,1.0,43775.43
U4045,Facebook Ads,1.0,43015.26
U4050,Facebook Ads,1.0,21545.44
U4051,Facebook Ads,1.0,2580.74
U4054,Google Ads,1.0,13832.43
U4056,Email Marketing,1.0,11306.25
U4067,Google Ads,1.0,4384.59
U4072,LinkedIn Ads,1.0,66417.62
U4077,YouTube Ads,1.0,17891.03
U4088,Facebook Ads,1.0,20317.16
U4090,YouTube Ads,1.0,14564.07
U4094,Facebook Ads,1.0,23047.46
U4095,LinkedIn Ads,1.0,10158.66
U4098,YouTube Ads,1.0,74953.48
U4099,YouTube Ads,1.0,42565.27
U4106,Facebook Ads,0.5,29494.27
U4106,Email Marketing,0.5,29494.27
U4106,Facebook Ads,0.5,32878.72
U4106,Email Marketing,0.5,32878.72
U4116,Facebook Ads,0.5,7780.2
U4116,Facebook Ads,0.5,7780.2
U4116,Facebook Ads,0.5,17477.97
U4116,Facebook Ads,0.5,17477.97
U4123,Facebook Ads,1.0,16384.94
U4128,Facebook Ads,1.0,40954.0
U4134,Instagram Ads,1.0,56365.05
U4141,Google Ads,1.0,73666.2
U4171,LinkedIn Ads,1.0,64534.71
U4182,Instagram Ads,1.0,56899.24
U4183,Email Marketing,1.0,41505.88
U4187,YouTube Ads,1.0,61836.04
U4190,Facebook Ads,1.0,64032.66
U4194,Instagram Ads,1.0,12100.58
U4195,Google Ads,1.0,11178.21
U4196,Google Ads,1.0,49072.44
U4211,Instagram Ads,1.0,65376.98
U4216,YouTube Ads,1.0,34430.02
U4226,Email Marketing,1.0,73088.72
U4228,LinkedIn Ads,1.0,52696.38
U4229,LinkedIn Ads,1.0,10462.35
U4245,Email Marketing,1.0,9020.14
U4250,Facebook Ads,1.0,7611.6
U4255,Email Marketing,0.5,9178.79
U4255,LinkedIn Ads,0.5,9178.79
U4255,Email Marketing,0.5,13511.81
U4255,LinkedIn Ads,0.5,13511.81
U4259,Email Marketing,1.0,4893.99
U4262,LinkedIn Ads,1.0,56113.32
U4264,Google Ads,1.0,15879.38
U4266,Facebook Ads,1.0,20473.05
U4271,Email Marketing,1.0,12876.46
U4272,LinkedIn Ads,1.0,22387.89
U4279,Facebook Ads,1.0,61806.44
U4286,LinkedIn Ads,1.0,21661.86
U4291,Instagram Ads,1.0,40231.47
U4296,YouTube Ads,1.0,48162.28
U4302,YouTube Ads,1.0,2780.37
U4311,Instagram Ads,1.0,32305.36
U4312,Instagram Ads,1.0,57982.56
U4316,Facebook Ads,1.0,35637.12
U4322,Email Marketing,1.0,9350.26
U4328,Instagram Ads,1.0,61128.5
U4329,LinkedIn Ads,1.0,21190.16
U4331,Instagram Ads,1.0,10542.86
U4332,Instagram Ads,1.0,71832.3
U4334,Instagram Ads,1.0,18685.41
U4346,LinkedIn Ads,1.0,52471.92
U4347,YouTube Ads,1.0,60954.34
U4355,Email Marketing,1.0,55925.96
U4361,LinkedIn Ads,1.0,66374.28
U4372,Email Marketing,1.0,22542.39
U4376,Email Marketing,1.0,54786.5
U4382,Google Ads,1.0,52925.38
U4386,Email Marketing,1.0,1752.15
U4390,YouTube Ads,1.0,46370.85
U4395,YouTube Ads,1.0,38878.71
U4396,LinkedIn Ads,1.0,59090.28
U4397,LinkedIn Ads,1.0,25983.24
U4398,Google Ads,1.0,55919.46
U4400,LinkedIn Ads,0.5,20693.9
U4400,Google Ads,0.5,20693.9
U4400,LinkedIn Ads,0.5,22982.69
U4400,Google Ads,0.5,22982.69
U4409,Google Ads,1.0,7752.88
U4418,LinkedIn Ads,1.0,33281.1
U4422,Facebook Ads,1.0,50596.92
U4424,Instagram Ads,1.0,10934.38
U4440,Email Marketing,1.0,18514.59
U4445,Facebook Ads,0.5,4807.77
U4445,Facebook Ads,0.5,4807.77
U4445,Facebook Ads,0.5,35464.68
U4445,Facebook Ads,0.5,35464.68
U4455,LinkedIn Ads,1.0,40246.86
U4456,Email Marketing,1.0,34013.19
U4467,LinkedIn Ads,1.0,31629.63
U4474,LinkedIn Ads,1.0,33545.37
U4481,Facebook Ads,1.0,40008.58
U4483,LinkedIn Ads,1.0,34373.79
U4484,LinkedIn Ads,1.0,42302.22
U4486,Instagram Ads,0.5,5258.64
U4486,Google Ads,0.5,5258.64
U4486,Instagram Ads,0.5,25124.64
U4486,Google Ads,0.5,25124.64
U4489,Email Marketing,0.5,6330.52
U4489,Google Ads,0.5,6330.52
U4489,Email Marketing,0.5,16388.5
U4489,Google Ads,0.5,16388.5
U4504,Email Marketing,1.0,5463.46
U4505,YouTube Ads,1.0,4010.86
U4507,Instagram Ads,1.0,64438.4
U4511,Facebook Ads,1.0,5864.08
U4512,Facebook Ads,1.0,26641.66
U4520,LinkedIn Ads,1.0,25165.6
U4523,LinkedIn Ads,1.0,69327.75
U4524,YouTube Ads,1.0,4716.46
U4527,Facebook Ads,0.5,35571.82
U4527,YouTube Ads,0.5,35571.82
U4527,Facebook Ads,0.5,29619.01
U4527,YouTube Ads,0.5,29619.01
U4528,YouTube Ads,1.0,11015.26
U4530,Instagram Ads,1.0,21308.7
U4531,Email Marketing,0.5,10881.33
U4531,Email Marketing,0.5,10881.33
U4531,Email Marketing,0.5,24575.04
U4531,Email Marketing,0.5,24575.04
U4542,Google Ads,1.0,17863.76
U4546,Facebook Ads,1.0,49371.4
U4547,LinkedIn Ads,1.0,55505.92
U4553,Google Ads,0.5,10806.08
U4553,Instagram Ads,0.5,10806.08
U4553,Google Ads,0.5,15888.43
U4553,Instagram Ads,0.5,15888.43
U4554,YouTube Ads,1.0,46742.3
U4555,Instagram Ads,1.0,27838.78
U4563,Google Ads,1.0,4012.47
U4572,Facebook Ads,1.0,62847.68
U4573,Email Marketing,1.0,12698.97
U4577,LinkedIn Ads,1.0,37377.04
U4578,Instagram Ads,1.0,68008.89
U4579,Email Marketing,1.0,34304.91
U4582,Facebook Ads,1.0,55166.92
U4585,Email Marketing,1.0,72027.9
U4597,Email Marketing,1.0,19087.43
U4601,LinkedIn Ads,1.0,12433.78
U4606,Facebook Ads,1.0,24781.28
U4615,Email Marketing,1.0,23046.09
U4622,Facebook Ads,1.0,66480.04
U4626,Facebook Ads,1.0,17547.09
U4629,Facebook Ads,1.0,43760.82
U4642,YouTube Ads,1.0,6039.78
U4650,YouTube Ads,1.0,46730.12
U4651,Facebook Ads,1.0,49723.06
U4657,Instagram Ads,1.0,23451.96
U4663,Google Ads,1.0,39680.66
U4664,Email Marketing,1.0,73331.13
U4665,Email Marketing,1.0,57253.46
U4666,LinkedIn Ads,1.0,24718.17
U4674,YouTube Ads,1.0,56979.54
U4682,LinkedIn Ads,1.0,24488.43
U4688,YouTube Ads,1.0,12785.14
U4690,Instagram Ads,1.0,26909.84
U4696,Google Ads,1.0,32305.11
U4697,LinkedIn Ads,1.0,43148.08
U4698,Google Ads,1.0,52566.03
U4704,Email Marketing,1.0,42704.22
U4708,Instagram Ads,1.0,15166.35
U4713,Instagram Ads,0.5,3117.12
U4713,Email Marketing,0.5,3117.12
U4713,Instagram Ads,0.5,22643.38
U4713,Email Marketing,0.5,22643.38
U4721,LinkedIn Ads,1.0,64575.8
U4727,Instagram Ads,1.0,8629.36
U4729,Google Ads,1.0,51884.34
U4730,Email Marketing,1.0,72660.42
U4739,Email Marketing,1.0,69272.68
U4740,YouTube Ads,1.0,5217.99
U4741,Google Ads,1.0,70792.84
U4746,Google Ads,1.0,59733.48
U4750,Email Marketing,0.5,29216.68
U4750,Google Ads,0.5,29216.68
U4750,Email Marketing,0.5,3532.12
U4750,Google Ads,0.5,3532.12
U4752,YouTube Ads,1.0,71962.54
U4759,Google Ads,1.0,61162.6
U4763,LinkedIn Ads,0.5,6586.19
U4763,Facebook Ads,0.5,6586.19
U4763,LinkedIn Ads,0.5,32960.75
U4763,Facebook Ads,0.5,32960.75
U4765,LinkedIn Ads,1.0,36843.0
U4766,Instagram Ads,1.0,8637.74
U4790,Google Ads,1.0,45508.83
U4791,Google Ads,1.0,36293.58
U4792,Facebook Ads,1.0,66790.11
U4820,YouTube Ads,1.0,6279.33
U4824,Facebook Ads,1.0,42620.7
U4829,Google Ads,0.5,32054.21
U4829,Email Marketing,0.5,32054.21
U4829,Google Ads,0.5,8443.2
U4829,Email Marketing,0.5,8443.2
U4832,YouTube Ads,0.5,30666.12
U4832,Instagram Ads,0.5,30666.12
U4832,YouTube Ads,0.5,26179.94
U4832,Instagram Ads,0.5,26179.94
U4834,LinkedIn Ads,1.0,27590.4
U4836,LinkedIn Ads,1.0,13791.27
U4843,Email Marketing,1.0,27938.9
U4844,Google Ads,1.0,43556.0
U4848,Google Ads,1.0,73362.38
U4852,Email Marketing,1.0,48566.13
U4872,LinkedIn Ads,1.0,41277.93
U4874,LinkedIn Ads,0.5,2599.28
U4874,Instagram Ads,0.5,2599.28
U4874,LinkedIn Ads,0.5,25327.09
U4874,Instagram Ads,0.5,25327.09
U4877,Facebook Ads,1.0,34533.62
U4886,YouTube Ads,1.0,39381.42
U4890,Google Ads,1.0,50282.68
U4895,Instagram Ads,1.0,42871.58
U4898,LinkedIn Ads,1.0,24057.87
U4903,Instagram Ads,1.0,62250.48
U4908,Google Ads,1.0,36926.2
U4919,LinkedIn Ads,1.0,16227.3
U4922,LinkedIn Ads,1.0,67790.6
U4934,Google Ads,1.0,72867.15
U4935,YouTube Ads,1.0,42159.99
U4938,Google Ads,1.0,69242.6
U4940,Facebook Ads,1.0,5634.93
U4941,Instagram Ads,1.0,69881.87
U4945,Email Marketing,1.0,55127.14
U4946,Google Ads,0.5,24676.58
U4946,LinkedIn Ads,0.5,24676.58
U4946,Google Ads,0.5,25005.83
U4946,LinkedIn Ads,0.5,25005.83
U4948,LinkedIn Ads,0.5,799.55
U4948,LinkedIn Ads,0.5,799.55
U4948,LinkedIn Ads,0.5,7203.41
U4948,LinkedIn Ads,0.5,7203.41
U4953,Email Marketing,1.0,65018.25
U4961,Facebook Ads,1.0,57192.74
U4969,LinkedIn Ads,1.0,67635.66
U4970,YouTube Ads,1.0,18842.95
U4972,LinkedIn Ads,0.5,10343.61
U4972,YouTube Ads,0.5,10343.61
U4972,LinkedIn Ads,0.5,21466.12
U4972,YouTube Ads,0.5,21466.12
U4990,Instagram Ads,1.0,61072.04
U4992,Facebook Ads,1.0,48112.82
U4995,Facebook Ads,1.0,61752.62
U5006,Instagram Ads,1.0,49419.78
U5017,YouTube Ads,1.0,37625.19
U5020,Email Marketing,1.0,26120.52
U5021,Email Marketing,1.0,61236.87
U5023,YouTube Ads,1.0,62023.47
U5024,LinkedIn Ads,1.0,25810.7
U5027,Email Marketing,1.0,38062.14
U5033,LinkedIn Ads,1.0,11686.26
U5042,Facebook Ads,1.0,61024.53
U5050,Instagram Ads,1.0,45731.74
U5062,Facebook Ads,1.0,4895.86
U5063,YouTube Ads,1.0,39642.56
U5068,YouTube Ads,0.5,18145.44
U5068,Email Marketing,0.5,18145.44
U5068,YouTube Ads,0.5,33904.71
U5068,Email Marketing,0.5,33904.71
U5069,Instagram Ads,1.0,21850.02
U5081,Facebook Ads,1.0,41070.03
U5097,YouTube Ads,1.0,69719.87
U5098,Email Marketing,1.0,45358.29
U5106,Google Ads,1.0,44853.38
U5114,Instagram Ads,1.0,51833.36
U5122,LinkedIn Ads,1.0,26393.76
U5124,Instagram Ads,1.0,6444.46
U5130,Google Ads,1.0,29793.86
U5132,Instagram Ads,1.0,29954.56
U5133,Facebook Ads,1.0,1379.36
U5135,Facebook Ads,0.5,14948.2
U5135,Google Ads,0.5,14948.2
U5135,Facebook Ads,0.5,437.32
U5135,Google Ads,0.5,437.32
U5136,Facebook Ads,1.0,56451.78
U5148,YouTube Ads,0.5,5233.85
U5148,YouTube Ads,0.5,5233.85
U5148,YouTube Ads,0.5,30971.06
U5148,YouTube Ads,0.5,30971.06
U5157,Instagram Ads,1.0,56902.77
U5158,Email Marketing,1.0,69978.33
U5167,Facebook Ads,0.5,21287.01
U5167,Instagram Ads,0.5,21287.01
U5167,Facebook Ads,0.5,7863.16
U5167,Instagram Ads,0.5,7863.16
U5169,Facebook Ads,1.0,7285.53
U5177,Google Ads,1.0,17003.64
U5185,Google Ads,1.0,20263.1
U5186,Instagram Ads,1.0,24689.79
U5188,YouTube Ads,1.0,68555.42
U5200,Facebook Ads,1.0,17675.46
U5207,YouTube Ads,1.0,4437.24
U5208,LinkedIn Ads,1.0,39405.02
U5209,YouTube Ads,1.0,73618.74
U5210,Facebook Ads,1.0,18907.81
U5222,Facebook Ads,1.0,25645.3
U5223,LinkedIn Ads,1.0,29191.16
U5225,Facebook Ads,0.5,25342.75
U5225,Instagram Ads,0.5,25342.75
U5225,Facebook Ads,0.5,4250.04
U5225,Instagram Ads,0.5,4250.04
U5226,Google Ads,0.5,19175.91
U5226,Instagram Ads,0.5,19175.91
U5226,Google Ads,0.5,482.14
U5226,Instagram Ads,0.5,482.14
U5238,LinkedIn Ads,1.0,35049.6
U5239,Facebook Ads,1.0,42060.04
U5246,LinkedIn Ads,1.0,71888.26
U5248,Facebook Ads,1.0,37524.18
U5273,YouTube Ads,1.0,17747.8
U5277,Facebook Ads,1.0,49672.66
U5279,YouTube Ads,1.0,65602.52
U5284,YouTube Ads,1.0,57748.78
U5297,YouTube Ads,1.0,38958.76
U5298,YouTube Ads,1.0,38744.12
U5302,LinkedIn Ads,1.0,25022.94
U5310,LinkedIn Ads,1.0,47792.36
U5314,YouTube Ads,0.5,28308.65
U5314,Email Marketing,0.5,28308.65
U5314,YouTube Ads,0.5,5763.65
U5314,Email Marketing,0.5,5763.65
U5324,Google Ads,1.0,30811.36
U5326,YouTube Ads,1.0,43020.98
U5338,LinkedIn Ads,1.0,61834.95
U5340,Instagram Ads,1.0,59100.58
U5341,Google Ads,1.0,1163.55
U5344,Facebook Ads,1.0,55527.78
U5346,Facebook Ads,1.0,18095.64
U5351,Email Marketing,1.0,45994.5
U5355,YouTube Ads,1.0,12124.92
U5364,Facebook Ads,0.5,28362.0
U5364,Email Marketing,0.5,28362.0
U5364,Facebook Ads,0.5,21460.19
U5364,Email Marketing,0.5,21460.19
U5365,Instagram Ads,1.0,14845.19
U5375,Email Marketing,1.0,5443.86
U5376,Facebook Ads,0.5,10904.08
U5376,Email Marketing,0.5,10904.08
U5376,Facebook Ads,0.5,3677.62
U5376,Email Marketing,0.5,3677.62
U5380,YouTube Ads,1.0,52239.27
U5382,YouTube Ads,0.5,31150.1
U5382,Email Marketing,0.5,31150.1
U5382,YouTube Ads,0.5,24374.21
U5382,Email Marketing,0.5,24374.21
U5384,Facebook Ads,1.0,21337.65
U5398,LinkedIn Ads,1.0,62681.26
U5401,YouTube Ads,1.0,27004.65
U5410,YouTube Ads,1.0,53844.8
U5412,Facebook Ads,1.0,57979.38
U5414,Email Marketing,1.0,43460.37
U5418,YouTube Ads,0.5,24442.59
U5418,Facebook Ads,0.5,24442.59
U5418,YouTube Ads,0.5,21470.58
U5418,Facebook Ads,0.5,21470.58
U5421,Instagram Ads,1.0,49418.87
U5422,Google Ads,0.5,4903.45
U5422,Facebook Ads,0.5,4903.45
U5422,Google Ads,0.5,27462.76
U5422,Facebook Ads,0.5,27462.76
U5423,Email Marketing,1.0,17965.28
U5426,Email Marketing,1.0,73691.68
U5427,YouTube Ads,1.0,70936.04
U5429,Email Marketing,0.5,11291.65
U5429,Instagram Ads,0.5,11291.65
U5429,Email Marketing,0.5,4124.73
U5429,Instagram Ads,0.5,4124.73
U5433,Instagram Ads,1.0,55320.1
U5436,YouTube Ads,1.0,10438.84
U5439,Email Marketing,1.0,28075.43
U5440,Instagram Ads,1.0,35880.18
U5450,Facebook Ads,1.0,47861.55
U5451,Google Ads,1.0,20401.36
U5469,Google Ads,1.0,19314.26
U5470,YouTube Ads,1.0,37678.36
U5473,LinkedIn Ads,1.0,17745.97
U5478,Email Marketing,1.0,8503.26
U5483,LinkedIn Ads,1.0,42178.77
U5484,Email Marketing,1.0,8190.42
U5487,Facebook Ads,0.5,16162.21
U5487,Google Ads,0.5,16162.21
U5487,Facebook Ads,0.5,14303.99
U5487,Google Ads,0.5,14303.99
U5490,YouTube Ads,1.0,59072.98
U5500,YouTube Ads,1.0,25149.96
U5515,LinkedIn Ads,1.0,26223.5
U5522,Facebook Ads,1.0,12571.89
U5524,Facebook Ads,1.0,5440.48
U5525,Email Marketing,1.0,58038.93
U5528,LinkedIn Ads,1.0,62508.93
U5531,YouTube Ads,0.5,24197.91
U5531,Google Ads,0.5,24197.91
U5531,YouTube Ads,0.5,31381.48
U5531,Google Ads,0.5,31381.48
U5536,LinkedIn Ads,1.0,23037.87
U5545,Google Ads,1.0,18581.13
U5550,YouTube Ads,1.0,36314.35
U5559,Email Marketing,1.0,59162.24
U5564,Google Ads,1.0,27727.57
U5568,Email Marketing,1.0,51667.89
U5570,Facebook Ads,1.0,22567.11
U5574,Facebook Ads,1.0,60690.16
U5586,Email Marketing,1.0,54328.5
U5592,Instagram Ads,1.0,26376.87
U5595,Email Marketing,0.5,19527.44
U5595,Email Marketing,0.5,19527.44
U5595,Email Marketing,0.5,16884.84
U5595,Email Marketing,0.5,16884.84
U5601,Google Ads,1.0,55099.89
U5609,Facebook Ads,1.0,38436.28
U5611,LinkedIn Ads,1.0,52895.1
U5614,Instagram Ads,1.0,53300.74
U5615,Facebook Ads,1.0,5861.58
U5616,Google Ads,1.0,7019.3
U5637,YouTube Ads,1.0,44014.46
U5643,Email Marketing,1.0,59096.0
U5654,Instagram Ads,0.5,22806.33
U5654,Email Marketing,0.5,22806.33
U5654,Instagram Ads,0.5,31601.63
U5654,Email Marketing,0.5,31601.63
U5655,Email Marketing,1.0,69017.42
U5658,Email Marketing,1.0,49018.92
U5670,Facebook Ads,1.0,6605.36
U5675,Instagram Ads,1.0,56239.89
U5682,LinkedIn Ads,0.5,1147.45
U5682,YouTube Ads,0.5,1147.45
U5682,LinkedIn Ads,0.5,19217.24
U5682,YouTube Ads,0.5,19217.24
U5686,Google Ads,1.0,44423.9
U5689,LinkedIn Ads,1.0,60499.54
U5691,Facebook Ads,0.5,1167.73
U5691,YouTube Ads,0.5,1167.73
U5691,Facebook Ads,0.5,17480.08
U5691,YouTube Ads,0.5,17480.08
U5694,Instagram Ads,1.0,72257.0
U5696,Google Ads,1.0,41832.42
U5703,YouTube Ads,1.0,63380.26
U5704,Instagram Ads,1.0,30730.22
U5724,YouTube Ads,1.0,55693.6
U5725,Facebook Ads,1.0,25392.34
U5729,LinkedIn Ads,1.0,2507.08
U5734,Facebook Ads,1.0,55851.82
U5745,Google Ads,1.0,32541.4
U5746,Email Marketing,1.0,42936.87
U5752,YouTube Ads,0.5,14481.28
U5752,Facebook Ads,0.5,14481.28
U5752,YouTube Ads,0.5,29167.87
U5752,Facebook Ads,0.5,29167.87
U5754,Instagram Ads,1.0,51204.23
U5758,Instagram Ads,1.0,63170.81
U5760,YouTube Ads,0.5,9726.65
U5760,LinkedIn Ads,0.5,9726.65
U5760,YouTube Ads,0.5,31777.62
U5760,LinkedIn Ads,0.5,31777.62
U5762,Instagram Ads,1.0,39224.18
U5769,Facebook Ads,1.0,42233.28
U5772,Google Ads,1.0,19418.94
U5780,Google Ads,1.0,2839.92
U5786,Email Marketing,1.0,52785.78
U5795,Instagram Ads,1.0,56398.71
U5798,Email Marketing,1.0,49165.89
U5799,Instagram Ads,1.0,66847.08
U5818,Instagram Ads,1.0,44343.78
U5822,Facebook Ads,1.0,32639.25
U5833,Instagram Ads,1.0,40073.72
U5834,Instagram Ads,1.0,34676.25
U5847,Email Marketing,0.5,30611.61
U5847,Facebook Ads,0.5,30611.61
U5847,Email Marketing,0.5,36571.19
U5847,Facebook Ads,0.5,36571.19
U5849,Google Ads,1.0,23226.88
U5853,Facebook Ads,1.0,43635.63
U5854,Instagram Ads,0.5,15084.47
U5854,LinkedIn Ads,0.5,15084.47
U5854,Instagram Ads,0.5,1875.96
U5854,LinkedIn Ads,0.5,1875.96
U5855,Google Ads,1.0,9537.56
U5861,Email Marketing,1.0,59176.73
U5862,Google Ads,1.0,40929.92
U5863,Facebook Ads,1.0,46298.12
U5874,Google Ads,0.5,6685.76
U5874,Email Marketing,0.5,6685.76
U5874,Google Ads,0.5,21807.72
U5874,Email Marketing,0.5,21807.72
U5876,LinkedIn Ads,1.0,10195.47
U5877,Instagram Ads,1.0,14843.28
U5879,Facebook Ads,0.5,26383.32
U5879,Facebook Ads,0.5,26383.32
U5879,Facebook Ads,0.5,6263.23
U5879,Facebook Ads,0.5,6263.23
U5886,LinkedIn Ads,1.0,68926.76
U5887,YouTube Ads,1.0,38826.63
U5894,Email Marketing,1.0,73191.7
U5897,Facebook Ads,0.4,2892.73
U5897,Google Ads,0.2,1446.36
U5897,Email Marketing,0.4,2892.73
U5897,Facebook Ads,0.4,6175.4
U5897,Google Ads,0.2,3087.7
U5897,Email Marketing,0.4,6175.4
U5897,Facebook Ads,0.4,6129.61
U5897,Google Ads,0.2,3064.8
U5897,Email Marketing,0.4,6129.61
U5902,YouTube Ads,0.5,32577.62
U5902,Email Marketing,0.5,32577.62
U5902,YouTube Ads,0.5,11486.31
U5902,Email Marketing,0.5,11486.31
U5903,Facebook Ads,1.0,16135.24
U5908,Instagram Ads,1.0,65862.52
U5909,YouTube Ads,1.0,12007.14
U5911,Email Marketing,1.0,50876.34
U5920,Google Ads,1.0,45851.49
U5926,Google Ads,1.0,5914.47
U5936,Facebook Ads,1.0,868.17
U5940,Facebook Ads,1.0,57773.91
U5941,Google Ads,1.0,26123.62
U5954,Email Marketing,1.0,38733.32
U5962,Facebook Ads,1.0,18486.9
U5968,YouTube Ads,0.5,3649.7
U5968,Instagram Ads,0.5,3649.7
U5968,YouTube Ads,0.5,21334.7
U5968,Instagram Ads,0.5,21334.7
U5981,YouTube Ads,1.0,50032.9
U5994,YouTube Ads,1.0,58081.76
U6000,YouTube Ads,1.0,17872.02
U6011,YouTube Ads,1.0,54134.28
U6020,Google Ads,1.0,25886.53
U6021,Email Marketing,1.0,33824.1
U6022,Email Marketing,1.0,71834.02
U6034,Facebook Ads,0.5,23789.23
U6034,Instagram Ads,0.5,23789.23
U6034,Facebook Ads,0.5,4239.45
U6034,Instagram Ads,0.5,4239.45
U6036,Email Marketing,1.0,73507.42
U6040,Facebook Ads,1.0,37575.12
U6053,Google Ads,1.0,16102.98
U6055,YouTube Ads,0.5,16208.91
U6055,YouTube Ads,0.5,16208.91
U6055,YouTube Ads,0.5,17619.83
U6055,YouTube Ads,0.5,17619.83
U6069,YouTube Ads,1.0,8456.59
U6077,Email Marketing,0.5,21925.58
U6077,YouTube Ads,0.5,21925.58
U6077,Email Marketing,0.5,809.28
U6077,YouTube Ads,0.5,809.28
U6083,Google Ads,1.0,25552.54
U6097,Google Ads,1.0,42223.73
U6100,Instagram Ads,1.0,34216.64
U6109,Google Ads,1.0,49281.74
U6117,Google Ads,0.5,13632.11
U6117,Email Marketing,0.5,13632.11
U6117,Google Ads,0.5,9476.62
U6117,Email Marketing,0.5,9476.62
U6119,YouTube Ads,1.0,9734.56
U6120,Google Ads,1.0,74677.35
U6125,YouTube Ads,1.0,11628.21
U6126,Instagram Ads,1.0,53887.0
U6127,Facebook Ads,1.0,35933.13
U6133,Google Ads,0.5,33497.68
U6133,Facebook Ads,0.5,33497.68
U6133,Google Ads,0.5,2357.49
U6133,Facebook Ads,0.5,2357.49
U6140,LinkedIn Ads,1.0,41271.57
U6141,LinkedIn Ads,1.0,29917.59
U6145,Google Ads,1.0,32993.77
U6147,LinkedIn Ads,1.0,38809.38
U6149,Instagram Ads,1.0,45828.8
U6155,Instagram Ads,1.0,65685.62
U6158,Google Ads,1.0,69449.3
U6159,YouTube Ads,1.0,41787.87
U6170,Instagram Ads,1.0,46522.76
U6177,Facebook Ads,1.0,1347.7
U6182,LinkedIn Ads,1.0,45723.94
U6202,YouTube Ads,1.0,67443.33
U6210,Instagram Ads,1.0,63933.26
U6213,Facebook Ads,1.0,68482.96
U6226,Facebook Ads,1.0,55669.41
U6251,Google Ads,1.0,9169.09
U6252,LinkedIn Ads,0.5,26907.58
U6252,YouTube Ads,0.5,26907.58
U6252,LinkedIn Ads,0.5,28994.72
U6252,YouTube Ads,0.5,28994.72
U6253,Email Marketing,1.0,19417.5
U6268,LinkedIn Ads,1.0,14816.64
U6278,LinkedIn Ads,1.0,69792.23
U6286,YouTube Ads,1.0,28692.99
U6288,Email Marketing,1.0,20413.72
U6292,LinkedIn Ads,1.0,11707.17
U6293,LinkedIn Ads,1.0,74073.51
U6295,Instagram Ads,1.0,52419.26
U6304,LinkedIn Ads,0.5,16144.66
U6304,LinkedIn Ads,0.5,16144.66
U6304,LinkedIn Ads,0.5,33847.45
U6304,LinkedIn Ads,0.5,33847.45
U6306,LinkedIn Ads,1.0,74093.54
U6309,Facebook Ads,0.5,16109.76
U6309,Instagram Ads,0.5,16109.76
U6309,Facebook Ads,0.5,7721.9
U6309,Instagram Ads,0.5,7721.9
U6314,LinkedIn Ads,1.0,62676.23
U6318,LinkedIn Ads,1.0,11102.84
U6323,Google Ads,1.0,21750.06
U6326,Instagram Ads,1.0,37528.16
U6329,Google Ads,1.0,8036.8
U6338,YouTube Ads,1.0,41316.94
U6348,Google Ads,1.0,35974.75
U6350,Email Marketing,1.0,72463.11
U6351,LinkedIn Ads,1.0,70193.24
U6355,Facebook Ads,1.0,43270.44
U6359,LinkedIn Ads,1.0,74323.67
U6374,YouTube Ads,1.0,13909.83
U6379,Instagram Ads,1.0,15082.59
U6388,Google Ads,1.0,28494.63
U6389,Email Marketing,1.0,6231.56
U6391,Email Marketing,1.0,19301.07
U6398,Facebook Ads,1.0,25239.94
U6402,Google Ads,0.5,19316.03
U6402,Facebook Ads,0.5,19316.03
U6402,Google Ads,0.5,35381.31
U6402,Facebook Ads,0.5,35381.31
U6426,Instagram Ads,1.0,36461.2
U6428,Email Marketing,1.0,45677.44
U6437,Google Ads,1.0,54944.31
U6438,Google Ads,0.5,18601.46
U6438,Email Marketing,0.5,18601.46
U6438,Google Ads,0.5,29385.23
U6438,Email Marketing,0.5,29385.23
U6445,Facebook Ads,1.0,10318.64
U6452,Instagram Ads,1.0,56605.78
U6474,Google Ads,1.0,12357.02
U6476,Email Marketing,0.5,7964.2
U6476,LinkedIn Ads,0.5,7964.2
U6476,Email Marketing,0.5,9295.0
U6476,LinkedIn Ads,0.5,9295.0
U6480,Instagram Ads,1.0,34097.77
U6485,Facebook Ads,1.0,22255.72
U6493,Email Marketing,1.0,23754.52
U6494,Instagram Ads,0.5,4528.55
U6494,YouTube Ads,0.5,4528.55
U6494,Instagram Ads,0.5,16342.67
U6494,YouTube Ads,0.5,16342.67
U6495,Email Marketing,1.0,34481.52
U6500,Instagram Ads,1.0,21044.54
U6508,YouTube Ads,1.0,1295.73
U6512,LinkedIn Ads,1.0,59458.14
U6513,Google Ads,1.0,25146.0
U6524,LinkedIn Ads,1.0,4103.7
U6525,Instagram Ads,1.0,33522.18
U6533,LinkedIn Ads,1.0,23956.71
U6544,LinkedIn Ads,1.0,33084.34
U6548,Facebook Ads,1.0,1533.16
U6549,Facebook Ads,1.0,50720.24
U6566,Google Ads,1.0,20797.4
U6567,Instagram Ads,1.0,47763.02
U6571,Facebook Ads,1.0,20066.72
U6574,LinkedIn Ads,1.0,5749.42
U6577,Email Marketing,1.0,54250.98
U6582,Email Marketing,1.0,32304.86
U6587,Facebook Ads,1.0,43515.56
U6590,YouTube Ads,1.0,25318.82
U6591,Email Marketing,1.0,16882.24
U6603,Email Marketing,1.0,23812.14
U6606,Email Marketing,1.0,5315.14
U6607,LinkedIn Ads,1.0,4548.46
U6608,Google Ads,1.0,5852.52
U6619,Instagram Ads,1.0,66652.8
U6621,Facebook Ads,1.0,11139.76
U6627,Google Ads,1.0,10308.91
U6630,Facebook Ads,1.0,26007.18
U6637,Email Marketing,1.0,53631.34
U6643,Google Ads,1.0,2132.54
U6644,Google Ads,1.0,49298.36
U6650,Email Marketing,1.0,13402.95
U6652,Google Ads,1.0,12541.41
U6653,Instagram Ads,1.0,48231.02
U6657,Facebook Ads,1.0,6697.02
U6663,LinkedIn Ads,0.5,35874.32
U6663,Facebook Ads,0.5,35874.32
U6663,LinkedIn Ads,0.5,5017.77
U6663,Facebook Ads,0.5,5017.77
U6667,Instagram Ads,1.0,25085.73
U6671,Instagram Ads,0.5,22162.64
U6671,Facebook Ads,0.5,22162.64
U6671,Instagram Ads,0.5,482.14
U6671,Facebook Ads,0.5,482.14
U6672,YouTube Ads,0.5,23805.63
U6672,LinkedIn Ads,0.5,23805.63
U6672,YouTube Ads,0.5,19846.1
U6672,LinkedIn Ads,0.5,19846.1
U6673,Google Ads,1.0,2328.12
U6693,Instagram Ads,1.0,43518.87
U6702,LinkedIn Ads,1.0,33481.46
U6706,Google Ads,1.0,69473.83
U6707,LinkedIn Ads,1.0,51403.24
U6724,Instagram Ads,1.0,35766.7
U6732,Google Ads,0.5,1617.27
U6732,LinkedIn Ads,0.5,1617.27
U6732,Google Ads,0.5,5169.23
U6732,LinkedIn Ads,0.5,5169.23
U6739,Google Ads,1.0,56565.7
U6743,Instagram Ads,1.0,19240.53
U6746,Facebook Ads,0.5,9588.21
U6746,LinkedIn Ads,0.5,9588.21
U6746,Facebook Ads,0.5,32301.1
U6746,LinkedIn Ads,0.5,32301.1
U6753,YouTube Ads,1.0,25822.98
U6772,LinkedIn Ads,1.0,10382.94
U6776,Instagram Ads,1.0,42086.32
U6798,YouTube Ads,1.0,13716.84
U6801,LinkedIn Ads,1.0,64376.0
U6805,Google Ads,1.0,17405.22
U6812,Instagram Ads,1.0,60829.04
U6814,Email Marketing,1.0,69825.6
U6815,Google Ads,1.0,61905.5
U6824,Facebook Ads,1.0,55959.18
U6838,YouTube Ads,1.0,61549.22
U6844,Instagram Ads,1.0,2298.6
U6852,YouTube Ads,1.0,66950.31
U6859,Facebook Ads,1.0,70274.83
U6870,Email Marketing,1.0,6773.85
U6878,Facebook Ads,1.0,13923.6
U6888,Google Ads,1.0,12446.92
U6898,Instagram Ads,1.0,5469.18
U6899,Google Ads,1.0,50215.71
U6902,Google Ads,1.0,10856.9
U6913,Facebook Ads,1.0,19298.13
U6921,LinkedIn Ads,1.0,20127.03
U6927,Google Ads,1.0,5200.96
U6929,Instagram Ads,1.0,13755.21
U6930,LinkedIn Ads,1.0,52118.88
U6974,YouTube Ads,1.0,8663.14
U6981,Email Marketing,1.0,20151.74
U6987,Email Marketing,1.0,48650.07
U6989,Email Marketing,1.0,10122.44
U6996,Email Marketing,1.0,57931.38
U7012,Email Marketing,1.0,63198.57
U7019,Google Ads,1.0,38317.59
U7028,LinkedIn Ads,1.0,65573.36
U7033,Google Ads,1.0,18611.9
U7036,Facebook Ads,0.5,10657.42
U7036,Instagram Ads,0.5,10657.42
U7036,Facebook Ads,0.5,3071.78
U7036,Instagram Ads,0.5,3071.78
U7042,YouTube Ads,1.0,33616.16
U7045,YouTube Ads,1.0,67403.44
U7052,Facebook Ads,1.0,14454.06
U7053,Email Marketing,1.0,59909.98
U7060,Instagram Ads,1.0,51453.36
U7065,Instagram Ads,1.0,18310.68
U7066,LinkedIn Ads,1.0,3184.86
U7077,LinkedIn Ads,1.0,10565.04
U7080,YouTube Ads,1.0,49686.69
U7087,LinkedIn Ads,1.0,51252.88
U7089,Email Marketing,1.0,9968.97
U7092,Instagram Ads,1.0,72705.67
U7107,Email Marketing,1.0,11474.1
U7108,Instagram Ads,1.0,13988.04
U7114,Google Ads,1.0,59733.48
U7130,Facebook Ads,1.0,9549.54
U7131,Instagram Ads,1.0,29462.72
U7138,Email Marketing,1.0,31506.04
U7142,YouTube Ads,1.0,31152.74
U7145,Email Marketing,1.0,15084.27
U7146,Instagram Ads,1.0,39639.39
U7153,Google Ads,0.5,3790.16
U7153,Instagram Ads,0.5,3790.16
U7153,Google Ads,0.5,6097.37
U7153,Instagram Ads,0.5,6097.37
U7156,YouTube Ads,1.0,44473.7
U7166,LinkedIn Ads,1.0,20732.28
U7168,LinkedIn Ads,1.0,46812.96
U7169,Email Marketing,1.0,52505.06
U7170,Facebook Ads,1.0,32245.53
U7176,Email Marketing,1.0,15087.14
U7178,Facebook Ads,1.0,7061.68
U7179,Google Ads,1.0,58602.94
U7180,Instagram Ads,1.0,46167.08
U7186,Email Marketing,1.0,57995.54
U7193,Instagram Ads,1.0,43515.42
U7198,Email Marketing,1.0,69622.18
U7204,Email Marketing,1.0,62729.61
U7213,LinkedIn Ads,1.0,61897.48
U7214,Instagram Ads,1.0,2330.76
U7215,Email Marketing,1.0,42866.19
U7220,Google Ads,1.0,53795.12
U7234,Facebook Ads,1.0,65384.08
U7241,LinkedIn Ads,0.5,36390.39
U7241,Instagram Ads,0.5,36390.39
U7241,LinkedIn Ads,0.5,4082.89
U7241,Instagram Ads,0.5,4082.89
U7246,Email Marketing,1.0,21144.52
U7248,Facebook Ads,1.0,47813.7
U7250,Google Ads,1.0,54804.04
U7256,LinkedIn Ads,1.0,63698.48
U7260,LinkedIn Ads,1.0,65047.05
U7269,YouTube Ads,1.0,37890.96
U7270,LinkedIn Ads,1.0,67829.24
U7273,Instagram Ads,0.4,21886.38
U7273,LinkedIn Ads,0.2,10943.19
U7273,Email Marketing,0.4,21886.38
U7273,Instagram Ads,0.4,17092.31
U7273,LinkedIn Ads,0.2,8546.16
U7273,Email Marketing,0.4,17092.31
U7273,Instagram Ads,0.4,10332.7
U7273,LinkedIn Ads,0.2,5166.35
U7273,Email Marketing,0.4,10332.7
U7275,Email Marketing,1.0,22042.6
U7279,Instagram Ads,1.0,24542.01
U7283,YouTube Ads,1.0,35492.1
U7290,Email Marketing,1.0,39429.48
U7293,Google Ads,1.0,74003.17
U7294,YouTube Ads,0.4,29169.56
U7294,Email Marketing,0.2,14584.78
U7294,LinkedIn Ads,0.4,29169.56
U7294,YouTube Ads,0.4,12919.96
U7294,Email Marketing,0.2,6459.98
U7294,LinkedIn Ads,0.4,12919.96
U7294,YouTube Ads,0.4,20696.1
U7294,Email Marketing,0.2,10348.05
U7294,LinkedIn Ads,0.4,20696.1
U7296,LinkedIn Ads,0.5,5273.81
U7296,Google Ads,0.5,5273.81
U7296,LinkedIn Ads,0.5,32294.94
U7296,Google Ads,0.5,32294.94
U7300,LinkedIn Ads,1.0,38751.52
U7305,Google Ads,0.5,12712.83
U7305,Email Marketing,0.5,12712.83
U7305,Google Ads,0.5,17761.62
U7305,Email Marketing,0.5,17761.62
U7312,YouTube Ads,0.5,26139.03
U7312,Facebook Ads,0.5,26139.03
U7312,YouTube Ads,0.5,4739.19
U7312,Facebook Ads,0.5,4739.19
U7319,Google Ads,1.0,43654.83
U7325,Email Marketing,1.0,48861.28
U7328,Facebook Ads,1.0,10314.59
U7330,Email Marketing,1.0,72015.17
U7332,Google Ads,1.0,57577.23
U7350,YouTube Ads,1.0,73218.84
U7358,YouTube Ads,1.0,7381.64
U7363,Email Marketing,1.0,39643.44
U7366,Facebook Ads,0.5,4857.35
U7366,Facebook Ads,0.5,4857.35
U7366,Facebook Ads,0.5,9220.67
U7366,Facebook Ads,0.5,9220.67
U7369,Google Ads,1.0,36175.12
U7372,LinkedIn Ads,1.0,57409.02
U7374,LinkedIn Ads,1.0,48096.36
U7379,Instagram Ads,1.0,74189.98
U7382,Instagram Ads,1.0,7011.44
U7386,Email Marketing,1.0,36423.33
U7392,Instagram Ads,0.5,2352.16
U7392,Facebook Ads,0.5,2352.16
U7392,Instagram Ads,0.5,7282.78
U7392,Facebook Ads,0.5,7282.78
U7393,YouTube Ads,1.0,7800.32
U7394,YouTube Ads,0.5,15903.24
U7394,Instagram Ads,0.5,15903.24
U7394,YouTube Ads,0.5,27752.67
U7394,Instagram Ads,0.5,27752.67
U7405,LinkedIn Ads,1.0,23197.14
U7410,Email Marketing,1.0,26379.93
U7426,Facebook Ads,1.0,33409.83
U7427,LinkedIn Ads,1.0,4618.34
U7429,Google Ads,1.0,23714.79
U7433,Instagram Ads,1.0,56683.94
U7450,LinkedIn Ads,1.0,52110.02
U7458,Instagram Ads,1.0,37846.05
U7459,Facebook Ads,0.5,17994.55
U7459,Facebook Ads,0.5,17994.55
U7459,Facebook Ads,0.5,10515.12
U7459,Facebook Ads,0.5,10515.12
U7461,Facebook Ads,1.0,52760.08
U7477,LinkedIn Ads,1.0,53589.86
U7482,Google Ads,1.0,51463.62
U7487,Instagram Ads,1.0,67804.68
U7490,Google Ads,1.0,67957.16
U7512,LinkedIn Ads,1.0,27348.04
U7514,Google Ads,1.0,26260.52
U7517,LinkedIn Ads,1.0,31445.28
U7518,LinkedIn Ads,1.0,41791.95
U7527,Email Marketing,1.0,10848.93
U7530,LinkedIn Ads,1.0,64430.62
U7533,LinkedIn Ads,1.0,13828.17
U7541,LinkedIn Ads,1.0,20810.47
U7546,Instagram Ads,1.0,53175.42
U7547,LinkedIn Ads,1.0,14744.67
U7549,Instagram Ads,1.0,64745.7
U7565,Email Marketing,1.0,28898.46
U7566,Instagram Ads,1.0,4026.18
U7577,Facebook Ads,1.0,53483.02
U7578,YouTube Ads,1.0,56172.69
U7590,Google Ads,1.0,13396.12
U7599,Email Marketing,0.5,6596.24
U7599,YouTube Ads,0.5,6596.24
U7599,Email Marketing,0.5,7241.11
U7599,YouTube Ads,0.5,7241.11
U7602,Google Ads,0.5,29504.58
U7602,Email Marketing,0.5,29504.58
U7602,Google Ads,0.5,1413.41
U7602,Email Marketing,0.5,1413.41
U7603,LinkedIn Ads,1.0,68115.6
U7641,Google Ads,1.0,66266.97
U7643,Facebook Ads,0.5,9578.99
U7643,Instagram Ads,0.5,9578.99
U7643,Facebook Ads,0.5,24051.21
U7643,Instagram Ads,0.5,24051.21
U7646,YouTube Ads,1.0,59139.06
U7663,Google Ads,1.0,9310.89
U7673,Google Ads,1.0,51572.49
U7679,LinkedIn Ads,1.0,71481.76
U7680,LinkedIn Ads,1.0,7126.28
U7700,Instagram Ads,1.0,56988.27
U7702,Instagram Ads,1.0,58100.68
U7704,LinkedIn Ads,1.0,62034.39
U7714,Instagram Ads,1.0,37154.8
U7715,LinkedIn Ads,1.0,16967.07
U7716,Google Ads,1.0,7516.92
U7723,Facebook Ads,1.0,48816.45
U7737,Facebook Ads,1.0,69891.1
U7754,Facebook Ads,1.0,34491.36
U7757,YouTube Ads,0.4,2433.15
U7757,Google Ads,0.2,1216.58
U7757,YouTube Ads,0.4,2433.15
U7757,YouTube Ads,0.4,23565.94
U7757,Google Ads,0.2,11782.97
U7757,YouTube Ads,0.4,23565.94
U7757,YouTube Ads,0.4,21859.34
U7757,Google Ads,0.2,10929.67
U7757,YouTube Ads,0.4,21859.34
U7759,YouTube Ads,0.5,32211.22
U7759,LinkedIn Ads,0.5,32211.22
U7759,YouTube Ads,0.5,21411.48
U7759,LinkedIn Ads,0.5,21411.48
U7762,Google Ads,0.5,22882.42
U7762,Email Marketing,0.5,22882.42
U7762,Google Ads,0.5,488.35
U7762,Email Marketing,0.5,488.35
U7765,Instagram Ads,1.0,55524.92
U7773,Google Ads,1.0,50508.09
U7775,Google Ads,1.0,66414.32
U7785,Facebook Ads,1.0,14603.6
U7787,LinkedIn Ads,1.0,28326.34
U7801,Email Marketing,1.0,34026.96
U7804,LinkedIn Ads,1.0,10829.91
U7823,Facebook Ads,1.0,72320.61
U7824,YouTube Ads,1.0,52387.31
U7830,Instagram Ads,1.0,8235.08
U7834,Google Ads,1.0,54786.74
U7838,Email Marketing,1.0,71783.9
U7843,Google Ads,1.0,57070.68
U7844,Facebook Ads,1.0,26419.65
U7849,Email Marketing,1.0,29188.89
U7852,Email Marketing,1.0,38366.0
U7855,Facebook Ads,1.0,71808.72
U7862,Facebook Ads,1.0,44869.66
U7864,Instagram Ads,1.0,58276.44
U7876,LinkedIn Ads,1.0,14079.21
U7885,Email Marketing,1.0,4231.58
U7888,Facebook Ads,1.0,18804.07
U7889,Instagram Ads,1.0,5269.22
U7890,Email Marketing,1.0,16394.78
U7892,Google Ads,1.0,31249.44
U7899,YouTube Ads,1.0,70176.88
U7902,Google Ads,1.0,45558.0
U7906,Email Marketing,1.0,41681.43
U7908,Google Ads,0.5,13001.81
U7908,Google Ads,0.5,13001.81
U7908,Google Ads,0.5,34349.35
U7908,Google Ads,0.5,34349.35
U7910,Email Marketing,1.0,69100.65
U7917,YouTube Ads,1.0,1240.96
U7918,Google Ads,1.0,41678.53
U7928,LinkedIn Ads,1.0,74107.1
U7936,Facebook Ads,1.0,40652.6
U7939,Instagram Ads,0.5,28886.99
U7939,Facebook Ads,0.5,28886.99
U7939,Instagram Ads,0.5,10866.51
U7939,Facebook Ads,0.5,10866.51
U7940,LinkedIn Ads,1.0,29257.86
U7941,YouTube Ads,1.0,54145.89
U7951,YouTube Ads,1.0,39748.84
U7952,Google Ads,1.0,3024.64
U7954,Google Ads,1.0,54458.92
U7957,Google Ads,1.0,68609.26
U7961,Email Marketing,1.0,67315.53
U7989,Instagram Ads,1.0,73095.81
U8001,Facebook Ads,1.0,71824.84
U8016,Instagram Ads,1.0,38598.82
U8021,LinkedIn Ads,1.0,38304.6
U8022,Instagram Ads,0.5,16476.54
U8022,LinkedIn Ads,0.5,16476.54
U8022,Instagram Ads,0.5,33385.28
U8022,LinkedIn Ads,0.5,33385.28
U8023,Instagram Ads,1.0,36712.35
U8033,LinkedIn Ads,0.5,33760.28
U8033,Google Ads,0.5,33760.28
U8033,LinkedIn Ads,0.5,13131.73
U8033,Google Ads,0.5,13131.73
U8034,LinkedIn Ads,1.0,43783.71
U8039,YouTube Ads,1.0,52009.27
U8040,YouTube Ads,1.0,53466.8
U8050,YouTube Ads,1.0,69271.82
U8062,LinkedIn Ads,1.0,57826.52
U8069,Instagram Ads,1.0,39707.44
U8072,Google Ads,1.0,12027.66
U8085,YouTube Ads,1.0,72910.06
U8087,Email Marketing,1.0,23884.57
U8096,Google Ads,1.0,38744.12
U8108,YouTube Ads,1.0,69397.86
U8109,Email Marketing,1.0,37844.01
U8111,Instagram Ads,1.0,5116.83
U8115,LinkedIn Ads,1.0,56666.1
U8116,LinkedIn Ads,1.0,35588.88
U8117,LinkedIn Ads,1.0,69508.46
U8120,Email Marketing,1.0,24872.91
U8130,Email Marketing,1.0,69380.06
U8133,Google Ads,1.0,28116.03
U8134,Google Ads,1.0,58886.79
U8142,Google Ads,1.0,74235.08
U8149,LinkedIn Ads,1.0,62361.03
U8150,Facebook Ads,1.0,28980.4
U8152,YouTube Ads,1.0,57649.06
U8154,Facebook Ads,1.0,34990.38
U8155,YouTube Ads,1.0,58513.46
U8161,Instagram Ads,1.0,15154.17
U8163,YouTube Ads,1.0,73201.24
U8168,LinkedIn Ads,1.0,4582.17
U8170,Google Ads,1.0,66290.68
U8178,Instagram Ads,1.0,31221.22
U8180,YouTube Ads,1.0,20456.03
U8181,Instagram Ads,1.0,18720.07
U8183,Email Marketing,1.0,57173.26
U8187,Google Ads,1.0,59516.14
U8190,Email Marketing,1.0,46517.9
U8192,LinkedIn Ads,1.0,19741.83
U8205,Email Marketing,1.0,33203.8
U8222,Facebook Ads,0.5,20066.08
U8222,Facebook Ads,0.5,20066.08
U8222,Facebook Ads,0.5,33057.42
U8222,Facebook Ads,0.5,33057.42
U8227,LinkedIn Ads,1.0,43182.8
U8231,Facebook Ads,0.5,37223.48
U8231,Email Marketing,0.5,37223.48
U8231,Facebook Ads,0.5,32827.21
U8231,Email Marketing,0.5,32827.21
U8248,LinkedIn Ads,1.0,67356.46
U8251,Email Marketing,1.0,4793.66
U8255,Google Ads,1.0,35527.12
U8290,Instagram Ads,0.5,33153.86
U8290,YouTube Ads,0.5,33153.86
U8290,Instagram Ads,0.5,30992.47
U8290,YouTube Ads,0.5,30992.47
U8298,LinkedIn Ads,1.0,33583.46
U8306,Instagram Ads,1.0,38523.6
U8309,YouTube Ads,1.0,24969.07
U8310,YouTube Ads,1.0,4027.88
U8314,LinkedIn Ads,0.5,11347.55
U8314,LinkedIn Ads,0.5,11347.55
U8314,LinkedIn Ads,0.5,26642.69
U8314,LinkedIn Ads,0.5,26642.69
U8316,YouTube Ads,1.0,47264.97
U8317,Instagram Ads,1.0,32790.03
U8318,Google Ads,1.0,63243.94
U8327,Email Marketing,1.0,69659.62
U8329,Google Ads,0.5,25303.49
U8329,Email Marketing,0.5,25303.49
U8329,Google Ads,0.5,28381.41
U8329,Email Marketing,0.5,28381.41
U8337,Facebook Ads,1.0,74354.98
U8349,LinkedIn Ads,1.0,4248.39
U8351,Facebook Ads,0.5,25672.38
U8351,Email Marketing,0.5,25672.38
U8351,Facebook Ads,0.5,10312.47
U8351,Email Marketing,0.5,10312.47
U8363,Email Marketing,1.0,22593.21
U8375,LinkedIn Ads,1.0,20478.31
U8379,Instagram Ads,1.0,22540.41
U8381,LinkedIn Ads,1.0,48815.14
U8385,Facebook Ads,1.0,27843.14
U8398,Instagram Ads,0.5,8571.75
U8398,Email Marketing,0.5,8571.75
U8398,Instagram Ads,0.5,35048.9
U8398,Email Marketing,0.5,35048.9
U8400,LinkedIn Ads,1.0,17599.28
U8445,Google Ads,0.5,26600.28
U8445,Facebook Ads,0.5,26600.28
U8445,Google Ads,0.5,11108.06
U8445,Facebook Ads,0.5,11108.06
U8447,Google Ads,1.0,46617.84
U8457,Instagram Ads,1.0,54549.38
U8463,Instagram Ads,1.0,2257.24
U8467,YouTube Ads,1.0,34290.65
U8469,Instagram Ads,1.0,67540.26
U8471,LinkedIn Ads,0.4,23624.39
U8471,Instagram Ads,0.2,11812.19
U8471,LinkedIn Ads,0.4,23624.39
U8471,LinkedIn Ads,0.4,19489.21
U8471,Instagram Ads,0.2,9744.61
U8471,LinkedIn Ads,0.4,19489.21
U8471,LinkedIn Ads,0.4,13320.41
U8471,Instagram Ads,0.2,6660.21
U8471,LinkedIn Ads,0.4,13320.41
U8474,LinkedIn Ads,1.0,15281.64
U8482,LinkedIn Ads,1.0,11486.58
U8483,LinkedIn Ads,1.0,5844.83
U8487,Google Ads,1.0,19252.96
U8490,Google Ads,1.0,58958.98
U8491,Google Ads,0.5,687.54
U8491,Instagram Ads,0.5,687.54
U8491,Google Ads,0.5,4434.39
U8491,Instagram Ads,0.5,4434.39
U8498,Facebook Ads,1.0,35633.6
U8503,Google Ads,1.0,13403.0
U8509,Facebook Ads,1.0,56165.96
U8511,LinkedIn Ads,1.0,33785.32
U8514,Facebook Ads,1.0,43718.82
U8516,Facebook Ads,1.0,28407.52
U8526,Facebook Ads,1.0,16001.06
U8531,Google Ads,1.0,35049.33
U8535,Instagram Ads,1.0,48160.11
U8538,Instagram Ads,1.0,51106.17
U8539,Facebook Ads,1.0,29642.38
U8553,Facebook Ads,1.0,28920.63
U8557,YouTube Ads,1.0,61958.5
U8567,Facebook Ads,1.0,49758.0
U8584,Facebook Ads,1.0,45757.34
U8587,Google Ads,1.0,27769.43
U8603,YouTube Ads,1.0,40804.7
U8606,Email Marketing,1.0,7450.96
U8620,LinkedIn Ads,1.0,11042.24
U8626,Google Ads,1.0,59774.02
U8639,YouTube Ads,1.0,21395.1
U8645,LinkedIn Ads,0.5,24924.61
U8645,LinkedIn Ads,0.5,24924.61
U8645,LinkedIn Ads,0.5,35435.16
U8645,LinkedIn Ads,0.5,35435.16
U8646,YouTube Ads,1.0,66589.32
U8651,Facebook Ads,1.0,42183.74
U8653,Email Marketing,1.0,45847.48
U8665,Instagram Ads,1.0,49030.94
U8669,Email Marketing,1.0,37457.5
U8674,LinkedIn Ads,1.0,29959.94
U8684,Google Ads,1.0,19683.42
U8690,Facebook Ads,1.0,37028.97
U8691,Email Marketing,1.0,69596.28
U8723,LinkedIn Ads,1.0,1782.09
U8731,YouTube Ads,1.0,71556.15
U8732,Facebook Ads,1.0,42338.61
U8733,Facebook Ads,1.0,63084.54
U8737,YouTube Ads,1.0,2028.03
U8738,Facebook Ads,1.0,22965.72
U8752,Instagram Ads,1.0,73091.4
U8753,Google Ads,1.0,51506.94
U8766,Email Marketing,0.4,15526.09
U8766,Email Marketing,0.2,7763.05
U8766,Facebook Ads,0.4,15526.09
U8766,Email Marketing,0.4,29696.3
U8766,Email Marketing,0.2,14848.15
U8766,Facebook Ads,0.4,29696.3
U8766,Email Marketing,0.4,25184.28
U8766,Email Marketing,0.2,12592.14
U8766,Facebook Ads,0.4,25184.28
U8774,Google Ads,1.0,40525.64
U8781,Instagram Ads,1.0,55151.12
U8783,Instagram Ads,1.0,71129.92
U8785,LinkedIn Ads,1.0,71958.33
U8786,Google Ads,1.0,15108.87
U8805,Facebook Ads,1.0,54403.22
U8807,Instagram Ads,1.0,52780.08
U8809,LinkedIn Ads,0.5,3478.55
U8809,Facebook Ads,0.5,3478.55
U8809,LinkedIn Ads,0.5,22084.04
U8809,Facebook Ads,0.5,22084.04
U8812,LinkedIn Ads,1.0,32027.73
U8822,Email Marketing,1.0,24887.96
U8825,Google Ads,1.0,66560.43
U8830,LinkedIn Ads,1.0,61608.84
U8831,YouTube Ads,0.5,25739.7
U8831,YouTube Ads,0.5,25739.7
U8831,YouTube Ads,0.5,28329.69
U8831,YouTube Ads,0.5,28329.69
U8833,LinkedIn Ads,0.4,14648.8
U8833,Google Ads,0.2,7324.4
U8833,Instagram Ads,0.4,14648.8
U8833,LinkedIn Ads,0.4,8167.79
U8833,Google Ads,0.2,4083.89
U8833,Instagram Ads,0.4,8167.79
U8833,LinkedIn Ads,0.4,1063.08
U8833,Google Ads,0.2,531.54
U8833,Instagram Ads,0.4,1063.08
U8836,YouTube Ads,1.0,34648.35
U8837,Facebook Ads,1.0,60257.79
U8838,Google Ads,1.0,42497.46
U8851,Facebook Ads,1.0,54699.99
U8855,Instagram Ads,1.0,26717.43
U8868,LinkedIn Ads,1.0,5977.41
U8872,LinkedIn Ads,1.0,63130.05
U8883,YouTube Ads,1.0,3568.82
U8893,Instagram Ads,1.0,27248.75
U8900,Email Marketing,1.0,26376.25
U8901,Facebook Ads,1.0,56833.63
U8905,YouTube Ads,1.0,2914.9
U8908,LinkedIn Ads,1.0,2627.77
U8932,Email Marketing,1.0,36009.2
U8939,Instagram Ads,1.0,18253.65
U8941,Google Ads,1.0,19575.1
U8947,Google Ads,1.0,22842.8
U8952,YouTube Ads,1.0,24533.49
U8953,Google Ads,1.0,24766.98
U8956,Facebook Ads,1.0,54607.29
U8957,Instagram Ads,1.0,21274.56
U8965,LinkedIn Ads,1.0,34640.4
U8972,LinkedIn Ads,1.0,52972.38
U8981,Facebook Ads,1.0,70034.49
U8986,LinkedIn Ads,0.5,35644.43
U8986,Email Marketing,0.5,35644.43
U8986,LinkedIn Ads,0.5,30793.77
U8986,Email Marketing,0.5,30793.77
U8991,Facebook Ads,1.0,33886.78
U9007,Facebook Ads,1.0,29512.12
U9009,Google Ads,1.0,16527.53
U9013,YouTube Ads,0.5,35382.94
U9013,YouTube Ads,0.5,35382.94
U9013,YouTube Ads,0.5,28745.35
U9013,YouTube Ads,0.5,28745.35
U9014,Facebook Ads,1.0,8316.62
U9016,YouTube Ads,0.5,16988.43
U9016,YouTube Ads,0.5,16988.43
U9016,YouTube Ads,0.5,22224.59
U9016,YouTube Ads,0.5,22224.59
U9019,Google Ads,1.0,17588.6
U9023,YouTube Ads,1.0,14777.91
U9028,LinkedIn Ads,1.0,55338.23
U9035,LinkedIn Ads,1.0,14100.44
U9041,YouTube Ads,0.5,28480.34
U9041,Google Ads,0.5,28480.34
U9041,YouTube Ads,0.5,21376.88
U9041,Google Ads,0.5,21376.88
U9045,Email Marketing,1.0,56978.58
U9046,LinkedIn Ads,1.0,53401.47
U9059,LinkedIn Ads,1.0,51910.08
U9060,Instagram Ads,1.0,63527.04
U9061,Google Ads,1.0,18864.68
U9063,Email Marketing,1.0,67330.46
U9064,YouTube Ads,1.0,54422.74
U9065,Facebook Ads,1.0,69384.54
U9071,Instagram Ads,1.0,24041.86
U9075,YouTube Ads,1.0,30348.9
U9078,Facebook Ads,1.0,43388.74
U9080,Facebook Ads,1.0,51019.71
U9082,YouTube Ads,1.0,60878.84
U9089,Instagram Ads,1.0,42942.24
U9098,Instagram Ads,1.0,57065.77
U9103,Google Ads,1.0,21830.28
U9106,Instagram Ads,1.0,18790.95
U9107,LinkedIn Ads,1.0,57363.04
U9109,Facebook Ads,1.0,69388.98
U9111,Google Ads,1.0,14000.25
U9115,Google Ads,0.5,3875.41
U9115,LinkedIn Ads,0.5,3875.41
U9115,Google Ads,0.5,27806.69
U9115,LinkedIn Ads,0.5,27806.69
U9126,LinkedIn Ads,1.0,63331.76
U9131,Google Ads,1.0,5589.27
U9140,Facebook Ads,1.0,45482.88
U9144,Google Ads,1.0,17652.69
U9147,Facebook Ads,1.0,59149.35
U9150,LinkedIn Ads,1.0,43630.0
U9151,LinkedIn Ads,1.0,17731.52
U9158,LinkedIn Ads,1.0,66938.37
U9160,Facebook Ads,1.0,25670.72
U9165,YouTube Ads,1.0,40981.2
U9168,LinkedIn Ads,1.0,13341.53
U9172,LinkedIn Ads,1.0,14041.17
U9181,LinkedIn Ads,1.0,2222.77
U9183,LinkedIn Ads,0.5,13825.27
U9183,Google Ads,0.5,13825.27
U9183,LinkedIn Ads,0.5,6979.84
U9183,Google Ads,0.5,6979.84
U9190,LinkedIn Ads,1.0,9102.45
U9198,Email Marketing,1.0,44155.52
U9203,Email Marketing,1.0,17114.5
U9206,Google Ads,1.0,42424.34
U9215,Facebook Ads,1.0,8412.03
U9216,Instagram Ads,0.5,12141.54
U9216,Facebook Ads,0.5,12141.54
U9216,Instagram Ads,0.5,35598.88
U9216,Facebook Ads,0.5,35598.88
U9225,LinkedIn Ads,1.0,16576.71
U9234,Facebook Ads,1.0,23519.72
U9237,LinkedIn Ads,1.0,67669.67
U9238,YouTube Ads,1.0,18761.86
U9249,Email Marketing,1.0,71784.3
U9258,Google Ads,1.0,25868.82
U9264,LinkedIn Ads,1.0,41456.3
U9268,Facebook Ads,1.0,38744.34
U9271,YouTube Ads,1.0,55101.33
U9272,Google Ads,1.0,12474.72
U9275,YouTube Ads,1.0,14431.53
U9289,LinkedIn Ads,1.0,47400.28
U9294,Email Marketing,1.0,18284.46
U9322,Google Ads,1.0,13790.46
U9323,Facebook Ads,1.0,61059.44
U9325,LinkedIn Ads,1.0,39155.58
U9326,LinkedIn Ads,1.0,10018.29
U9329,LinkedIn Ads,0.5,26110.55
U9329,Google Ads,0.5,26110.55
U9329,LinkedIn Ads,0.5,1088.6
U9329,Google Ads,0.5,1088.6
U9341,Facebook Ads,1.0,33608.3
U9342,Google Ads,1.0,29575.56
U9352,Google Ads,1.0,12564.48
U9361,Instagram Ads,0.5,37391.55
U9361,LinkedIn Ads,0.5,37391.55
U9361,Instagram Ads,0.5,33503.39
U9361,LinkedIn Ads,0.5,33503.39
U9362,LinkedIn Ads,1.0,41628.48
U9363,YouTube Ads,1.0,54993.46
U9364,Google Ads,1.0,51656.54
U9371,YouTube Ads,1.0,2224.37
U9386,Email Marketing,1.0,14269.58
U9394,YouTube Ads,1.0,70209.26
U9396,Email Marketing,1.0,14886.26
U9404,YouTube Ads,1.0,74476.52
U9405,Email Marketing,1.0,7505.84
U9407,Google Ads,1.0,42401.7
U9413,Google Ads,0.5,36920.65
U9413,Facebook Ads,0.5,36920.65
U9413,Google Ads,0.5,2727.59
U9413,Facebook Ads,0.5,2727.59
U9417,Email Marketing,1.0,62245.53
U9422,Google Ads,1.0,22449.07
U9424,Google Ads,1.0,26540.42
U9425,YouTube Ads,1.0,29791.71
U9429,LinkedIn Ads,1.0,53225.88
U9433,YouTube Ads,0.5,31531.12
U9433,Email Marketing,0.5,31531.12
U9433,YouTube Ads,0.5,31717.4
U9433,Email Marketing,0.5,31717.4
U9438,Facebook Ads,1.0,31458.47
U9441,Instagram Ads,1.0,32642.94
U9444,Facebook Ads,1.0,20637.78
U9445,Email Marketing,1.0,11897.01
U9447,Facebook Ads,1.0,16373.47
U9460,Facebook Ads,1.0,27910.12
U9462,YouTube Ads,1.0,12928.94
U9465,YouTube Ads,1.0,55381.84
U9468,Instagram Ads,1.0,17984.58
U9473,Email Marketing,1.0,49481.74
U9478,Email Marketing,1.0,4563.12
U9480,YouTube Ads,1.0,47927.6
U9485,Google Ads,1.0,68043.04
U9489,Email Marketing,1.0,15317.24
U9495,Facebook Ads,1.0,66242.07
U9500,LinkedIn Ads,1.0,27959.98
U9519,YouTube Ads,1.0,58412.0
U9523,YouTube Ads,1.0,49460.01
U9529,Instagram Ads,1.0,40170.96
U9535,Google Ads,1.0,59369.84
U9553,Instagram Ads,1.0,14851.2
U9560,Facebook Ads,1.0,7964.73
U9563,Email Marketing,1.0,59711.9
U9572,Instagram Ads,1.0,50890.37
U9575,Facebook Ads,1.0,34738.18
U9586,Email Marketing,1.0,48313.95
U9591,Facebook Ads,1.0,29032.16
U9599,Email Marketing,1.0,14888.84
U9602,Google Ads,1.0,56614.95
U9603,Facebook Ads,1.0,31565.43
U9605,Facebook Ads,1.0,68394.78
U9607,Facebook Ads,1.0,17586.27
U9610,Google Ads,1.0,56845.22
U9620,Google Ads,1.0,20761.2
U9623,Instagram Ads,1.0,43492.44
U9627,Instagram Ads,1.0,31522.35
U9629,LinkedIn Ads,1.0,45455.94
U9638,LinkedIn Ads,1.0,30062.6
U9643,YouTube Ads,1.0,46861.27
U9644,LinkedIn Ads,1.0,32580.18
U9648,Google Ads,0.5,24820.21
U9648,Google Ads,0.5,24820.21
U9648,Google Ads,0.5,13327.92
U9648,Google Ads,0.5,13327.92
U9663,Email Marketing,1.0,60609.52
U9670,LinkedIn Ads,1.0,61103.01
U9674,Facebook Ads,1.0,23171.43
U9703,Email Marketing,1.0,41965.26
U9705,YouTube Ads,1.0,51734.38
U9708,YouTube Ads,1.0,18978.02
U9714,YouTube Ads,1.0,74996.6
U9717,LinkedIn Ads,1.0,7016.62
U9721,YouTube Ads,1.0,15450.76
U9729,Instagram Ads,0.5,4346.35
U9729,Email Marketing,0.5,4346.35
U9729,Instagram Ads,0.5,32888.44
U9729,Email Marketing,0.5,32888.44
U9730,YouTube Ads,1.0,57844.84
U9733,Facebook Ads,1.0,824.73
U9737,Email Marketing,1.0,66772.05
U9740,LinkedIn Ads,1.0,47998.5
U9752,Instagram Ads,1.0,63177.87
U9753,Email Marketing,1.0,17732.73
U9761,Instagram Ads,1.0,51669.48
U9772,Facebook Ads,1.0,48640.44
U9785,Email Marketing,1.0,42107.25
U9790,YouTube Ads,1.0,21966.81
U9798,Facebook Ads,1.0,64100.0
U9799,Instagram Ads,1.0,24682.38
U9801,Email Marketing,1.0,41693.32
U9802,Facebook Ads,0.5,2064.63
U9802,Instagram Ads,0.5,2064.63
U9802,Facebook Ads,0.5,26751.29
U9802,Instagram Ads,0.5,26751.29
U9811,YouTube Ads,1.0,65528.91
U9815,Instagram Ads,1.0,63859.94
U9816,LinkedIn Ads,1.0,17183.28
U9819,YouTube Ads,1.0,27715.72
U9831,Google Ads,1.0,39489.82
U9834,Google Ads,1.0,2660.88
U9842,Google Ads,1.0,28743.02
U9847,YouTube Ads,1.0,13252.34
U9864,Google Ads,1.0,53914.46
U9869,LinkedIn Ads,1.0,47690.37
U9884,LinkedIn Ads,1.0,21015.45
U9885,Email Marketing,1.0,2288.16
U9892,Google Ads,1.0,34862.3
U9894,Facebook Ads,1.0,73447.4
U9911,LinkedIn Ads,1.0,74138.91
U9912,Email Marketing,1.0,12146.73
U9914,YouTube Ads,0.5,25128.71
U9914,Email Marketing,0.5,25128.71
U9914,YouTube Ads,0.5,10461.19
U9914,Email Marketing,0.5,10461.19
U9915,Facebook Ads,1.0,71022.27
U9919,LinkedIn Ads,1.0,10534.08
U9924,Google Ads,1.0,38792.4
U9925,Email Marketing,1.0,31636.84
U9927,Facebook Ads,0.5,21774.66
U9927,LinkedIn Ads,0.5,21774.66
U9927,Facebook Ads,0.5,26678.07
U9927,LinkedIn Ads,0.5,26678.07
U9928,YouTube Ads,1.0,69136.86
U9930,Facebook Ads,1.0,73831.58
U9937,Facebook Ads,1.0,32382.02
U9940,Instagram Ads,1.0,33552.62
U9945,Email Marketing,1.0,67381.38
U9947,Email Marketing,1.0,39384.94
U9948,YouTube Ads,1.0,38295.74
U9961,Email Marketing,0.5,8674.43
U9961,YouTube Ads,0.5,8674.43
U9961,Email Marketing,0.5,13873.3
U9961,YouTube Ads,0.5,13873.3
U9962,YouTube Ads,1.0,42956.74
U9976,Google Ads,1.0,58380.82
U9978,LinkedIn Ads,1.0,21199.5
U9984,Facebook Ads,1.0,47881.88
